date,elec_price,gas_price,brent_price,ciss,country
2005-01-01,28.87,13.98,40.38,0.03,Germany
2005-01-02,28.87,13.98,40.38,0.03,Germany
2005-01-03,28.87,13.98,40.38,0.03,Germany
2005-01-04,30.17,14.33,40.75,0.02,Germany
2005-01-05,33.42,14.2,41.0,0.02,Germany
2005-01-06,28.65,13.9,43.25,0.02,Germany
2005-01-07,28.07,14.0,43.28,0.02,Germany
2005-01-08,29.09,14.05,43.76,0.02,Germany
2005-01-09,30.11,14.1,44.23,0.02,Germany
2005-01-10,31.13,14.15,44.71,0.02,Germany
2005-01-11,32.03,14.3,43.45,0.02,Germany
2005-01-12,31.26,14.4,43.75,0.02,Germany
2005-01-13,31.27,13.45,45.76,0.02,Germany
2005-01-14,32.64,13.6,45.26,0.02,Germany
2005-01-15,33.07,13.9,45.21,0.02,Germany
2005-01-16,33.51,14.2,45.15,0.01,Germany
2005-01-17,33.94,14.5,45.1,0.01,Germany
2005-01-18,33.13,13.9,45.18,0.01,Germany
2005-01-19,37.31,13.75,45.16,0.01,Germany
2005-01-20,31.93,14.0,44.06,0.02,Germany
2005-01-21,24.83,15.1,45.88,0.02,Germany
2005-01-22,29.53,14.93,45.83,0.02,Germany
2005-01-23,34.22,14.77,45.79,0.02,Germany
2005-01-24,38.92,14.6,45.74,0.02,Germany
2005-01-25,38.3,14.4,46.14,0.02,Germany
2005-01-26,42.37,14.43,45.94,0.01,Germany
2005-01-27,48.49,14.0,46.51,0.02,Germany
2005-01-28,40.03,13.75,44.75,0.02,Germany
2005-01-29,38.83,13.78,44.67,0.02,Germany
2005-01-30,37.63,13.82,44.59,0.02,Germany
2005-01-31,36.43,13.85,44.51,0.02,Germany
2005-02-01,37.1,13.65,45.12,0.01,Germany
2005-02-02,39.74,13.7,44.17,0.01,Germany
2005-02-03,41.4,13.65,43.13,0.01,Germany
2005-02-04,38.48,13.25,43.26,0.03,Germany
2005-02-05,38.25,13.32,43.07,0.03,Germany
2005-02-06,38.02,13.38,42.89,0.03,Germany
2005-02-07,37.79,13.45,42.7,0.03,Germany
2005-02-08,41.94,13.6,42.79,0.03,Germany
2005-02-09,41.21,13.58,42.49,0.03,Germany
2005-02-10,35.33,13.55,44.04,0.03,Germany
2005-02-11,35.81,13.3,44.41,0.03,Germany
2005-02-12,35.4,13.75,44.44,0.03,Germany
2005-02-13,34.99,14.2,44.48,0.04,Germany
2005-02-14,34.58,14.65,44.51,0.04,Germany
2005-02-15,37.02,15.15,44.91,0.03,Germany
2005-02-16,41.18,15.55,45.42,0.05,Germany
2005-02-17,44.12,15.55,45.42,0.04,Germany
2005-02-18,39.84,15.55,45.86,0.04,Germany
2005-02-19,43.37,15.77,45.94,0.04,Germany
2005-02-20,46.91,15.98,46.01,0.04,Germany
2005-02-21,50.44,16.2,46.09,0.04,Germany
2005-02-22,45.89,20.0,47.6,0.06,Germany
2005-02-23,49.55,21.25,48.16,0.05,Germany
2005-02-24,59.83,29.5,49.24,0.04,Germany
2005-02-25,56.78,27.5,50.05,0.04,Germany
2005-02-26,58.46,26.33,50.08,0.04,Germany
2005-02-27,60.13,25.17,50.1,0.04,Germany
2005-02-28,61.81,24.0,50.13,0.04,Germany
2005-03-01,56.49,29.0,50.47,0.04,Germany
2005-03-02,71.21,32.15,51.05,0.03,Germany
2005-03-03,104.6,55.5,52.89,0.03,Germany
2005-03-04,90.89,30.0,52.1,0.03,Germany
2005-03-05,84.41,26.17,52.02,0.03,Germany
2005-03-06,77.92,22.33,51.95,0.03,Germany
2005-03-07,71.44,18.5,51.87,0.02,Germany
2005-03-08,69.1,19.25,53.29,0.03,Germany
2005-03-09,61.89,26.1,54.11,0.03,Germany
2005-03-10,60.1,13.75,53.04,0.04,Germany
2005-03-11,48.14,14.3,53.15,0.03,Germany
2005-03-12,50.58,13.49,53.33,0.03,Germany
2005-03-13,53.03,12.69,53.5,0.03,Germany
2005-03-14,55.47,11.88,53.68,0.03,Germany
2005-03-15,46.75,13.4,53.97,0.03,Germany
2005-03-16,38.38,13.6,54.61,0.05,Germany
2005-03-17,33.27,12.75,56.03,0.05,Germany
2005-03-18,31.43,13.08,55.97,0.04,Germany
2005-03-19,32.87,13.05,55.91,0.04,Germany
2005-03-20,34.31,13.03,55.85,0.04,Germany
2005-03-21,35.75,13.0,55.79,0.04,Germany
2005-03-22,32.81,14.05,55.39,0.04,Germany
2005-03-23,38.21,13.3,51.52,0.03,Germany
2005-03-24,33.94,13.95,52.35,0.03,Germany
2005-03-25,29.8,13.95,52.35,0.02,Germany
2005-03-26,26.48,13.95,52.15,0.02,Germany
2005-03-27,23.15,13.95,51.95,0.02,Germany
2005-03-28,19.83,13.95,51.75,0.02,Germany
2005-03-29,33.49,14.1,51.42,0.02,Germany
2005-03-30,32.27,13.7,50.63,0.02,Germany
2005-03-31,35.37,14.2,53.22,0.02,Germany
2005-04-01,36.31,14.63,54.14,0.02,Germany
2005-04-02,37.43,14.6,54.73,0.02,Germany
2005-04-03,38.54,14.58,55.33,0.02,Germany
2005-04-04,39.66,14.55,55.92,0.02,Germany
2005-04-05,40.95,14.0,54.53,0.02,Germany
2005-04-06,39.62,14.75,54.08,0.02,Germany
2005-04-07,40.4,14.5,52.57,0.02,Germany
2005-04-08,40.91,14.45,51.83,0.01,Germany
2005-04-09,42.67,14.2,51.62,0.01,Germany
2005-04-10,44.42,13.95,51.42,0.01,Germany
2005-04-11,46.18,13.7,51.21,0.01,Germany
2005-04-12,48.34,14.35,51.53,0.02,Germany
2005-04-13,49.79,14.05,49.67,0.02,Germany
2005-04-14,47.6,15.1,50.21,0.02,Germany
2005-04-15,49.22,15.0,49.52,0.06,Germany
2005-04-16,47.69,15.05,49.21,0.07,Germany
2005-04-17,46.16,15.1,48.89,0.07,Germany
2005-04-18,44.63,15.15,48.58,0.08,Germany
2005-04-19,44.72,15.55,50.79,0.07,Germany
2005-04-20,45.04,16.6,51.53,0.06,Germany
2005-04-21,42.92,15.95,51.73,0.05,Germany
2005-04-22,45.56,15.75,53.51,0.04,Germany
2005-04-23,44.25,15.82,53.37,0.04,Germany
2005-04-24,42.95,15.88,53.24,0.04,Germany
2005-04-25,41.64,15.95,53.1,0.04,Germany
2005-04-26,46.37,15.45,52.47,0.04,Germany
2005-04-27,41.92,14.7,51.29,0.05,Germany
2005-04-28,42.45,13.7,50.74,0.04,Germany
2005-04-29,38.81,13.1,50.61,0.04,Germany
2005-04-30,40.97,13.1,50.7,0.04,Germany
2005-05-01,43.12,13.1,50.8,0.04,Germany
2005-05-02,45.28,13.1,50.89,0.04,Germany
2005-05-03,38.26,14.65,49.48,0.04,Germany
2005-05-04,38.63,13.75,50.36,0.03,Germany
2005-05-05,22.29,14.05,49.81,0.03,Germany
2005-05-06,31.66,13.9,49.7,0.04,Germany
2005-05-07,35.19,14.47,49.7,0.04,Germany
2005-05-08,38.71,15.03,49.71,0.05,Germany
2005-05-09,42.24,15.6,49.71,0.05,Germany
2005-05-10,46.83,14.9,50.61,0.06,Germany
2005-05-11,42.09,14.5,48.91,0.05,Germany
2005-05-12,48.02,14.1,47.4,0.06,Germany
2005-05-13,44.92,14.1,46.85,0.05,Germany
2005-05-14,40.33,14.45,46.71,0.05,Germany
2005-05-15,35.74,14.8,46.56,0.05,Germany
2005-05-16,31.15,15.15,46.42,0.04,Germany
2005-05-17,43.12,15.25,47.31,0.04,Germany
2005-05-18,44.78,14.5,47.35,0.04,Germany
2005-05-19,43.12,14.38,46.92,0.04,Germany
2005-05-20,39.1,13.45,46.91,0.05,Germany
2005-05-21,41.5,13.77,47.03,0.05,Germany
2005-05-22,43.9,14.08,47.16,0.05,Germany
2005-05-23,46.3,14.4,47.28,0.05,Germany
2005-05-24,40.69,13.75,47.29,0.04,Germany
2005-05-25,40.51,13.3,49.24,0.04,Germany
2005-05-26,34.71,13.73,49.71,0.04,Germany
2005-05-27,43.62,14.75,49.42,0.04,Germany
2005-05-28,43.97,14.75,49.39,0.05,Germany
2005-05-29,44.32,14.75,49.36,0.05,Germany
2005-05-30,44.67,14.75,49.33,0.06,Germany
2005-05-31,40.38,14.3,49.3,0.08,Germany
2005-06-01,40.31,14.3,50.46,0.08,Germany
2005-06-02,38.14,14.2,51.3,0.07,Germany
2005-06-03,42.54,14.6,51.9,0.06,Germany
2005-06-04,41.95,14.83,52.14,0.06,Germany
2005-06-05,41.35,15.07,52.37,0.05,Germany
2005-06-06,40.76,15.3,52.61,0.05,Germany
2005-06-07,37.03,14.55,51.62,0.05,Germany
2005-06-08,44.13,14.75,51.92,0.04,Germany
2005-06-09,45.48,14.2,51.36,0.04,Germany
2005-06-10,41.6,14.38,51.98,0.04,Germany
2005-06-11,41.65,14.14,51.99,0.04,Germany
2005-06-12,41.71,13.89,51.99,0.04,Germany
2005-06-13,41.76,13.65,52.0,0.04,Germany
2005-06-14,43.54,14.0,53.52,0.04,Germany
2005-06-15,46.54,14.03,54.12,0.04,Germany
2005-06-16,46.51,14.35,54.3,0.03,Germany
2005-06-17,40.66,14.7,56.92,0.04,Germany
2005-06-18,45.91,14.42,56.98,0.04,Germany
2005-06-19,51.15,14.13,57.04,0.04,Germany
2005-06-20,56.4,13.85,57.1,0.03,Germany
2005-06-21,89.42,14.75,57.36,0.03,Germany
2005-06-22,60.92,14.58,56.06,0.02,Germany
2005-06-23,55.81,14.45,57.03,0.02,Germany
2005-06-24,64.24,14.75,57.21,0.02,Germany
2005-06-25,65.9,14.48,57.64,0.02,Germany
2005-06-26,67.56,14.22,58.07,0.02,Germany
2005-06-27,69.22,13.95,58.5,0.02,Germany
2005-06-28,58.07,14.2,57.75,0.02,Germany
2005-06-29,79.32,13.85,55.42,0.02,Germany
2005-06-30,58.09,14.45,55.36,0.02,Germany
2005-07-01,48.69,14.7,56.41,0.01,Germany
2005-07-02,48.98,14.88,56.65,0.01,Germany
2005-07-03,49.26,15.07,56.89,0.01,Germany
2005-07-04,49.55,15.25,57.13,0.01,Germany
2005-07-05,50.17,15.45,57.86,0.01,Germany
2005-07-06,49.81,15.45,58.38,0.01,Germany
2005-07-07,50.69,15.43,57.55,0.02,Germany
2005-07-08,47.42,15.43,59.0,0.01,Germany
2005-07-09,47.22,15.47,58.03,0.01,Germany
2005-07-10,47.01,15.51,57.07,0.01,Germany
2005-07-11,46.81,15.55,56.1,0.01,Germany
2005-07-12,63.49,15.45,58.95,0.01,Germany
2005-07-13,58.58,15.75,58.33,0.01,Germany
2005-07-14,49.19,16.0,56.79,0.01,Germany
2005-07-15,47.68,15.5,56.98,0.01,Germany
2005-07-16,50.3,15.57,56.74,0.01,Germany
2005-07-17,52.93,15.63,56.49,0.01,Germany
2005-07-18,55.55,15.7,56.25,0.01,Germany
2005-07-19,45.93,15.55,56.75,0.02,Germany
2005-07-20,43.58,15.4,56.39,0.02,Germany
2005-07-21,43.7,15.45,55.59,0.02,Germany
2005-07-22,45.76,15.55,56.98,0.02,Germany
2005-07-23,46.18,15.62,57.16,0.02,Germany
2005-07-24,46.59,15.68,57.33,0.02,Germany
2005-07-25,47.01,15.75,57.51,0.02,Germany
2005-07-26,44.69,16.4,58.58,0.01,Germany
2005-07-27,44.98,15.75,58.34,0.01,Germany
2005-07-28,45.16,15.35,58.28,0.02,Germany
2005-07-29,47.66,15.5,59.77,0.02,Germany
2005-07-30,45.06,15.35,60.03,0.02,Germany
2005-07-31,42.47,15.2,60.3,0.03,Germany
2005-08-01,39.87,15.05,60.56,0.03,Germany
2005-08-02,45.07,15.55,60.13,0.03,Germany
2005-08-03,40.61,15.4,60.04,0.03,Germany
2005-08-04,38.41,14.65,60.62,0.04,Germany
2005-08-05,35.85,15.6,60.73,0.04,Germany
2005-08-06,36.88,15.55,61.34,0.04,Germany
2005-08-07,37.92,15.5,61.95,0.04,Germany
2005-08-08,38.95,15.45,62.56,0.04,Germany
2005-08-09,38.62,15.45,62.79,0.03,Germany
2005-08-10,37.51,14.5,63.77,0.04,Germany
2005-08-11,38.01,14.2,65.9,0.04,Germany
2005-08-12,41.27,15.0,67.26,0.04,Germany
2005-08-13,39.01,14.53,67.07,0.04,Germany
2005-08-14,36.76,14.07,66.87,0.04,Germany
2005-08-15,34.5,13.6,66.68,0.04,Germany
2005-08-16,41.02,14.45,65.1,0.04,Germany
2005-08-17,43.49,14.8,63.41,0.04,Germany
2005-08-18,41.65,14.95,61.75,0.04,Germany
2005-08-19,41.57,15.05,64.21,0.04,Germany
2005-08-20,41.89,15.15,64.76,0.04,Germany
2005-08-21,42.22,15.25,65.32,0.03,Germany
2005-08-22,42.54,15.35,65.87,0.03,Germany
2005-08-23,44.01,15.33,65.16,0.03,Germany
2005-08-24,45.26,15.1,65.25,0.03,Germany
2005-08-25,40.33,15.0,65.88,0.04,Germany
2005-08-26,40.93,15.65,66.23,0.04,Germany
2005-08-27,40.18,15.65,65.74,0.04,Germany
2005-08-28,39.42,15.65,65.26,0.04,Germany
2005-08-29,38.67,15.65,64.77,0.04,Germany
2005-08-30,45.22,15.8,66.15,0.03,Germany
2005-08-31,48.89,15.9,66.8,0.05,Germany
2005-09-01,46.16,15.78,66.79,0.06,Germany
2005-09-02,44.71,15.05,65.95,0.05,Germany
2005-09-03,46.58,15.07,65.35,0.05,Germany
2005-09-04,48.46,15.08,64.76,0.05,Germany
2005-09-05,50.33,15.1,64.16,0.05,Germany
2005-09-06,48.27,15.25,64.16,0.05,Germany
2005-09-07,49.93,15.35,63.6,0.04,Germany
2005-09-08,53.74,14.0,61.66,0.04,Germany
2005-09-09,48.04,14.25,62.62,0.03,Germany
2005-09-10,50.28,14.32,61.98,0.04,Germany
2005-09-11,52.51,14.38,61.33,0.04,Germany
2005-09-12,54.75,14.45,60.69,0.04,Germany
2005-09-13,57.64,14.53,61.31,0.05,Germany
2005-09-14,48.91,14.7,61.7,0.04,Germany
2005-09-15,53.25,15.7,61.9,0.04,Germany
2005-09-16,56.72,15.45,60.48,0.04,Germany
2005-09-17,58.7,15.37,61.67,0.04,Germany
2005-09-18,60.68,15.28,62.85,0.04,Germany
2005-09-19,62.66,15.2,64.04,0.04,Germany
2005-09-20,49.84,15.6,62.98,0.04,Germany
2005-09-21,51.95,14.5,64.31,0.05,Germany
2005-09-22,52.25,13.9,64.64,0.05,Germany
2005-09-23,47.6,14.0,62.17,0.04,Germany
2005-09-24,49.15,14.03,62.02,0.04,Germany
2005-09-25,50.71,14.07,61.88,0.04,Germany
2005-09-26,52.26,14.1,61.73,0.04,Germany
2005-09-27,49.63,14.7,62.56,0.04,Germany
2005-09-28,54.21,14.28,62.81,0.03,Germany
2005-09-29,54.8,14.1,62.02,0.03,Germany
2005-09-30,53.09,14.43,61.7,0.02,Germany
2005-10-01,49.69,14.78,61.68,0.02,Germany
2005-10-02,46.3,15.13,61.66,0.02,Germany
2005-10-03,42.9,15.48,61.64,0.02,Germany
2005-10-04,57.8,12.55,59.17,0.02,Germany
2005-10-05,56.73,17.5,59.33,0.03,Germany
2005-10-06,52.9,14.5,57.2,0.05,Germany
2005-10-07,45.88,15.5,57.29,0.04,Germany
2005-10-08,47.87,15.42,57.2,0.04,Germany
2005-10-09,49.87,15.33,57.1,0.04,Germany
2005-10-10,51.86,15.25,57.01,0.04,Germany
2005-10-11,55.26,14.03,58.1,0.03,Germany
2005-10-12,52.56,15.3,59.91,0.03,Germany
2005-10-13,61.4,14.3,59.48,0.04,Germany
2005-10-14,57.07,14.25,58.45,0.03,Germany
2005-10-15,55.18,14.87,58.9,0.03,Germany
2005-10-16,53.29,15.48,59.36,0.03,Germany
2005-10-17,51.4,16.1,59.81,0.03,Germany
2005-10-18,57.77,15.8,58.85,0.03,Germany
2005-10-19,54.87,16.4,58.13,0.04,Germany
2005-10-20,53.71,17.48,57.04,0.03,Germany
2005-10-21,51.71,16.38,56.94,0.03,Germany
2005-10-22,52.67,16.89,57.17,0.03,Germany
2005-10-23,53.64,17.39,57.41,0.03,Germany
2005-10-24,54.6,17.9,57.64,0.03,Germany
2005-10-25,47.66,16.68,58.72,0.02,Germany
2005-10-26,44.75,15.0,58.56,0.02,Germany
2005-10-27,58.11,15.38,58.1,0.03,Germany
2005-10-28,50.91,15.55,59.47,0.03,Germany
2005-10-29,47.52,15.33,59.14,0.03,Germany
2005-10-30,44.12,15.12,58.8,0.03,Germany
2005-10-31,40.73,14.9,58.47,0.03,Germany
2005-11-01,31.81,12.5,56.69,0.03,Germany
2005-11-02,50.55,12.83,58.53,0.02,Germany
2005-11-03,44.05,12.25,59.55,0.02,Germany
2005-11-04,50.17,13.0,60.48,0.02,Germany
2005-11-05,50.59,13.75,59.72,0.02,Germany
2005-11-06,51.01,14.5,58.95,0.02,Germany
2005-11-07,51.43,15.25,58.19,0.02,Germany
2005-11-08,58.01,15.38,57.89,0.02,Germany
2005-11-09,58.19,16.93,57.71,0.01,Germany
2005-11-10,53.94,17.0,55.85,0.01,Germany
2005-11-11,51.88,14.5,54.3,0.01,Germany
2005-11-12,54.45,15.5,54.23,0.01,Germany
2005-11-13,57.01,16.5,54.17,0.01,Germany
2005-11-14,59.58,17.5,54.1,0.01,Germany
2005-11-15,68.02,20.0,54.45,0.01,Germany
2005-11-16,67.38,20.3,53.68,0.01,Germany
2005-11-17,59.2,20.75,53.8,0.01,Germany
2005-11-18,72.83,19.5,52.84,0.01,Germany
2005-11-19,73.65,19.25,53.01,0.01,Germany
2005-11-20,74.46,19.0,53.19,0.01,Germany
2005-11-21,75.28,18.75,53.36,0.01,Germany
2005-11-22,141.6,21.0,54.21,0.01,Germany
2005-11-23,126.72,22.38,53.73,0.01,Germany
2005-11-24,122.93,22.5,53.41,0.0,Germany
2005-11-25,71.24,26.5,53.15,0.0,Germany
2005-11-26,95.73,27.38,53.07,0.0,Germany
2005-11-27,120.21,28.25,52.99,0.0,Germany
2005-11-28,144.7,29.13,52.91,0.0,Germany
2005-11-29,145.97,27.0,53.24,0.0,Germany
2005-11-30,132.91,26.55,53.25,0.0,Germany
2005-12-01,114.06,26.5,53.65,0.0,Germany
2005-12-02,73.31,20.75,54.91,0.0,Germany
2005-12-03,84.9,21.01,55.29,0.0,Germany
2005-12-04,96.48,21.27,55.67,0.01,Germany
2005-12-05,108.07,21.53,56.05,0.01,Germany
2005-12-06,79.49,22.55,55.68,0.0,Germany
2005-12-07,90.75,21.8,55.17,0.0,Germany
2005-12-08,70.32,20.0,56.26,0.0,Germany
2005-12-09,75.59,16.5,57.18,0.0,Germany
2005-12-10,76.43,18.23,57.2,0.0,Germany
2005-12-11,77.26,19.95,57.21,0.0,Germany
2005-12-12,78.1,21.68,57.23,0.0,Germany
2005-12-13,84.87,23.55,59.16,0.0,Germany
2005-12-14,77.41,22.75,59.59,0.01,Germany
2005-12-15,70.01,23.63,59.67,0.01,Germany
2005-12-16,64.42,23.75,58.11,0.0,Germany
2005-12-17,66.8,23.13,57.44,0.0,Germany
2005-12-18,69.19,22.52,56.76,0.0,Germany
2005-12-19,71.57,21.9,56.09,0.0,Germany
2005-12-20,84.5,23.2,56.08,0.01,Germany
2005-12-21,82.51,23.53,56.05,0.01,Germany
2005-12-22,65.8,22.2,57.3,0.01,Germany
2005-12-23,62.11,23.25,56.28,0.01,Germany
2005-12-24,50.65,23.25,56.37,0.01,Germany
2005-12-25,39.18,23.25,56.45,0.01,Germany
2005-12-26,27.72,23.25,56.54,0.01,Germany
2005-12-27,46.8,23.25,56.54,0.01,Germany
2005-12-28,49.44,25.88,56.91,0.01,Germany
2005-12-29,48.92,26.45,57.72,0.01,Germany
2005-12-30,35.19,25.98,58.34,0.02,Germany
2005-12-31,42.65,25.98,58.34,0.02,Germany
2006-01-01,50.11,25.98,58.34,0.02,Germany
2006-01-02,57.57,25.98,58.34,0.02,Germany
2006-01-03,61.65,26.73,61.51,0.03,Germany
2006-01-04,64.42,26.85,61.25,0.04,Germany
2006-01-05,65.06,27.85,61.68,0.03,Germany
2006-01-06,41.24,26.9,62.43,0.03,Germany
2006-01-07,54.3,26.83,62.46,0.02,Germany
2006-01-08,67.36,26.77,62.48,0.02,Germany
2006-01-09,80.42,26.7,62.51,0.02,Germany
2006-01-10,84.2,20.5,62.32,0.02,Germany
2006-01-11,73.32,24.6,61.54,0.03,Germany
2006-01-12,91.92,24.8,62.95,0.03,Germany
2006-01-13,66.99,24.0,61.58,0.04,Germany
2006-01-14,68.55,24.47,61.83,0.04,Germany
2006-01-15,70.1,24.93,62.09,0.04,Germany
2006-01-16,71.66,25.4,62.34,0.03,Germany
2006-01-17,65.81,25.28,63.22,0.04,Germany
2006-01-18,69.91,25.55,63.6,0.05,Germany
2006-01-19,67.02,25.4,63.64,0.05,Germany
2006-01-20,60.95,26.5,64.92,0.05,Germany
2006-01-21,64.89,26.83,64.8,0.05,Germany
2006-01-22,68.84,27.17,64.68,0.05,Germany
2006-01-23,72.78,27.5,64.56,0.05,Germany
2006-01-24,84.62,27.5,63.82,0.04,Germany
2006-01-25,81.85,26.9,62.61,0.04,Germany
2006-01-26,108.25,26.55,62.93,0.04,Germany
2006-01-27,112.65,24.55,64.95,0.03,Germany
2006-01-28,100.07,24.7,65.01,0.03,Germany
2006-01-29,87.48,24.85,65.08,0.02,Germany
2006-01-30,74.9,25.0,65.14,0.02,Germany
2006-01-31,81.33,24.25,63.19,0.02,Germany
2006-02-01,82.73,24.25,65.64,0.02,Germany
2006-02-02,83.27,24.68,63.49,0.02,Germany
2006-02-03,95.93,23.6,62.54,0.02,Germany
2006-02-04,93.1,23.03,62.8,0.02,Germany
2006-02-05,90.28,22.45,63.06,0.02,Germany
2006-02-06,87.45,21.88,63.32,0.02,Germany
2006-02-07,67.6,21.3,61.64,0.02,Germany
2006-02-08,58.14,23.15,60.82,0.02,Germany
2006-02-09,68.56,22.5,60.7,0.01,Germany
2006-02-10,78.16,23.13,59.66,0.03,Germany
2006-02-11,81.48,22.39,59.49,0.03,Germany
2006-02-12,84.81,21.64,59.33,0.03,Germany
2006-02-13,88.13,20.9,59.16,0.03,Germany
2006-02-14,87.68,21.05,58.27,0.02,Germany
2006-02-15,71.24,21.45,57.67,0.02,Germany
2006-02-16,73.09,22.1,56.78,0.01,Germany
2006-02-17,67.33,21.75,58.34,0.01,Germany
2006-02-18,67.78,21.75,58.91,0.01,Germany
2006-02-19,68.24,21.75,59.48,0.01,Germany
2006-02-20,68.69,21.75,60.05,0.01,Germany
2006-02-21,69.7,22.43,59.35,0.01,Germany
2006-02-22,74.5,22.73,58.71,0.01,Germany
2006-02-23,86.08,21.6,58.71,0.02,Germany
2006-02-24,63.03,22.15,60.13,0.02,Germany
2006-02-25,64.14,22.1,59.9,0.02,Germany
2006-02-26,65.26,22.05,59.67,0.02,Germany
2006-02-27,66.37,22.0,59.44,0.02,Germany
2006-02-28,66.41,22.08,59.78,0.03,Germany
2006-03-01,65.16,22.1,61.12,0.03,Germany
2006-03-02,80.16,22.18,62.27,0.05,Germany
2006-03-03,73.55,22.25,62.69,0.04,Germany
2006-03-04,74.58,23.17,62.26,0.04,Germany
2006-03-05,75.62,24.08,61.84,0.04,Germany
2006-03-06,76.65,25.0,61.41,0.03,Germany
2006-03-07,84.14,23.9,59.79,0.04,Germany
2006-03-08,68.56,23.55,58.42,0.04,Germany
2006-03-09,72.66,25.78,58.82,0.03,Germany
2006-03-10,66.53,27.7,59.04,0.03,Germany
2006-03-11,67.1,27.8,59.69,0.02,Germany
2006-03-12,67.66,27.9,60.34,0.02,Germany
2006-03-13,68.23,28.0,60.99,0.02,Germany
2006-03-14,81.89,34.55,62.39,0.02,Germany
2006-03-15,74.37,46.5,63.12,0.01,Germany
2006-03-16,73.75,37.25,62.07,0.01,Germany
2006-03-17,73.8,34.5,63.54,0.02,Germany
2006-03-18,75.57,33.03,63.13,0.02,Germany
2006-03-19,77.34,31.57,62.71,0.02,Germany
2006-03-20,79.11,30.1,62.3,0.02,Germany
2006-03-21,83.91,23.63,59.96,0.02,Germany
2006-03-22,75.03,23.25,61.23,0.02,Germany
2006-03-23,62.46,21.5,61.76,0.02,Germany
2006-03-24,58.45,21.7,62.78,0.02,Germany
2006-03-25,54.88,21.02,62.72,0.02,Germany
2006-03-26,51.32,20.33,62.65,0.03,Germany
2006-03-27,47.75,19.65,62.59,0.03,Germany
2006-03-28,39.19,21.83,64.31,0.04,Germany
2006-03-29,43.54,21.65,64.88,0.04,Germany
2006-03-30,48.03,19.75,65.95,0.04,Germany
2006-03-31,40.62,22.33,66.06,0.03,Germany
2006-04-01,41.91,22.36,66.47,0.03,Germany
2006-04-02,43.21,22.4,66.87,0.03,Germany
2006-04-03,44.5,22.43,67.28,0.03,Germany
2006-04-04,53.74,22.25,65.93,0.03,Germany
2006-04-05,56.36,21.55,66.74,0.02,Germany
2006-04-06,50.19,21.45,67.58,0.02,Germany
2006-04-07,51.86,21.5,67.11,0.03,Germany
2006-04-08,50.23,21.6,67.47,0.02,Germany
2006-04-09,48.59,21.7,67.84,0.02,Germany
2006-04-10,46.96,21.8,68.2,0.02,Germany
2006-04-11,58.54,21.8,68.52,0.03,Germany
2006-04-12,52.04,21.65,69.54,0.02,Germany
2006-04-13,46.12,21.65,69.39,0.02,Germany
2006-04-14,36.21,21.65,69.39,0.02,Germany
2006-04-15,32.48,21.65,69.39,0.02,Germany
2006-04-16,28.75,21.65,69.39,0.01,Germany
2006-04-17,25.02,21.65,69.39,0.01,Germany
2006-04-18,45.16,20.9,70.97,0.01,Germany
2006-04-19,49.83,21.0,72.69,0.01,Germany
2006-04-20,46.93,21.25,72.57,0.01,Germany
2006-04-21,60.3,21.2,73.94,0.01,Germany
2006-04-22,56.52,20.72,73.95,0.01,Germany
2006-04-23,52.75,20.23,73.95,0.02,Germany
2006-04-24,48.97,19.75,73.96,0.02,Germany
2006-04-25,43.96,21.4,72.86,0.02,Germany
2006-04-26,50.23,21.2,73.46,0.01,Germany
2006-04-27,46.86,21.2,71.79,0.02,Germany
2006-04-28,46.91,20.48,72.15,0.02,Germany
2006-04-29,38.43,20.48,72.56,0.02,Germany
2006-04-30,29.94,20.48,72.96,0.02,Germany
2006-05-01,21.46,20.48,73.37,0.02,Germany
2006-05-02,43.28,20.4,74.45,0.02,Germany
2006-05-03,46.65,20.55,73.73,0.02,Germany
2006-05-04,34.24,19.9,71.84,0.02,Germany
2006-05-05,34.52,19.75,71.22,0.02,Germany
2006-05-06,34.19,19.8,70.23,0.02,Germany
2006-05-07,33.85,19.85,69.25,0.02,Germany
2006-05-08,33.52,19.9,68.26,0.02,Germany
2006-05-09,40.15,19.65,70.6,0.01,Germany
2006-05-10,42.16,19.65,69.83,0.02,Germany
2006-05-11,42.53,20.0,72.2,0.03,Germany
2006-05-12,41.21,19.9,71.3,0.05,Germany
2006-05-13,42.95,19.93,70.43,0.05,Germany
2006-05-14,44.7,19.97,69.56,0.05,Germany
2006-05-15,46.44,20.0,68.69,0.05,Germany
2006-05-16,35.57,20.1,68.66,0.04,Germany
2006-05-17,48.4,19.9,67.52,0.06,Germany
2006-05-18,35.98,20.1,67.39,0.06,Germany
2006-05-19,35.39,20.45,66.93,0.06,Germany
2006-05-20,33.69,20.53,66.79,0.06,Germany
2006-05-21,31.99,20.62,66.66,0.07,Germany
2006-05-22,30.29,20.7,66.52,0.07,Germany
2006-05-23,33.04,20.0,68.97,0.06,Germany
2006-05-24,37.6,18.2,68.45,0.06,Germany
2006-05-25,23.29,18.7,68.51,0.06,Germany
2006-05-26,31.16,17.8,69.88,0.05,Germany
2006-05-27,32.71,17.8,69.64,0.05,Germany
2006-05-28,34.27,17.8,69.4,0.05,Germany
2006-05-29,35.82,17.8,69.16,0.05,Germany
2006-05-30,39.92,18.8,69.82,0.05,Germany
2006-05-31,46.04,20.2,67.57,0.05,Germany
2006-06-01,47.92,20.5,68.77,0.04,Germany
2006-06-02,42.15,20.75,68.42,0.05,Germany
2006-06-03,34.7,20.83,68.66,0.04,Germany
2006-06-04,27.24,20.92,68.89,0.04,Germany
2006-06-05,19.79,21.0,69.13,0.04,Germany
2006-06-06,36.22,20.35,68.25,0.05,Germany
2006-06-07,42.59,20.15,67.17,0.04,Germany
2006-06-08,40.77,20.25,65.76,0.06,Germany
2006-06-09,41.76,19.9,69.13,0.07,Germany
2006-06-10,41.99,19.97,68.96,0.07,Germany
2006-06-11,42.23,20.03,68.79,0.07,Germany
2006-06-12,42.46,20.1,68.62,0.07,Germany
2006-06-13,52.67,19.75,65.67,0.07,Germany
2006-06-14,48.17,20.0,65.52,0.07,Germany
2006-06-15,35.27,20.3,66.04,0.08,Germany
2006-06-16,48.55,20.2,65.01,0.08,Germany
2006-06-17,47.63,19.8,65.47,0.08,Germany
2006-06-18,46.7,19.4,65.94,0.08,Germany
2006-06-19,45.78,19.0,66.4,0.08,Germany
2006-06-20,45.7,19.15,67.57,0.08,Germany
2006-06-21,45.94,19.0,68.17,0.07,Germany
2006-06-22,42.35,18.95,69.6,0.07,Germany
2006-06-23,47.5,18.6,69.91,0.07,Germany
2006-06-24,46.08,18.73,69.89,0.06,Germany
2006-06-25,44.66,18.87,69.87,0.06,Germany
2006-06-26,43.24,19.0,69.85,0.06,Germany
2006-06-27,49.32,18.8,71.26,0.07,Germany
2006-06-28,52.38,18.5,71.76,0.06,Germany
2006-06-29,49.43,18.5,73.02,0.06,Germany
2006-06-30,43.1,18.1,73.2,0.06,Germany
2006-07-01,43.34,17.57,73.45,0.06,Germany
2006-07-02,43.57,17.03,73.69,0.06,Germany
2006-07-03,43.81,16.5,73.94,0.06,Germany
2006-07-04,55.44,19.5,73.17,0.06,Germany
2006-07-05,56.04,20.4,72.88,0.06,Germany
2006-07-06,57.27,18.65,73.12,0.05,Germany
2006-07-07,48.32,19.2,74.14,0.05,Germany
2006-07-08,48.71,19.58,73.56,0.04,Germany
2006-07-09,49.11,19.97,72.97,0.04,Germany
2006-07-10,49.5,20.35,72.39,0.04,Germany
2006-07-11,55.66,19.0,73.14,0.05,Germany
2006-07-12,62.93,19.5,73.04,0.05,Germany
2006-07-13,60.79,19.75,75.23,0.06,Germany
2006-07-14,49.74,19.9,76.13,0.06,Germany
2006-07-15,57.02,19.8,75.79,0.06,Germany
2006-07-16,64.29,19.7,75.46,0.06,Germany
2006-07-17,71.57,19.6,75.12,0.06,Germany
2006-07-18,91.57,20.2,75.32,0.06,Germany
2006-07-19,93.9,20.1,71.62,0.06,Germany
2006-07-20,71.0,19.4,72.56,0.06,Germany
2006-07-21,104.81,20.0,72.96,0.06,Germany
2006-07-22,108.83,20.3,72.67,0.06,Germany
2006-07-23,112.85,20.6,72.38,0.05,Germany
2006-07-24,116.87,20.9,72.09,0.05,Germany
2006-07-25,222.74,20.5,72.49,0.05,Germany
2006-07-26,100.74,20.65,73.76,0.04,Germany
2006-07-27,301.54,21.3,75.36,0.04,Germany
2006-07-28,110.32,21.2,73.95,0.03,Germany
2006-07-29,96.11,20.87,74.22,0.03,Germany
2006-07-30,81.91,20.53,74.48,0.03,Germany
2006-07-31,67.7,20.2,74.75,0.03,Germany
2006-08-01,55.45,19.85,76.39,0.03,Germany
2006-08-02,51.78,20.3,77.63,0.03,Germany
2006-08-03,48.38,19.8,76.28,0.02,Germany
2006-08-04,45.46,19.6,76.53,0.02,Germany
2006-08-05,44.66,19.77,76.96,0.02,Germany
2006-08-06,43.85,19.93,77.39,0.02,Germany
2006-08-07,43.05,20.1,77.82,0.02,Germany
2006-08-08,45.34,19.5,77.93,0.02,Germany
2006-08-09,46.33,18.3,78.26,0.02,Germany
2006-08-10,45.34,18.1,75.69,0.02,Germany
2006-08-11,39.85,17.0,75.19,0.01,Germany
2006-08-12,39.6,17.2,74.72,0.02,Germany
2006-08-13,39.35,17.4,74.25,0.02,Germany
2006-08-14,39.1,17.6,73.78,0.02,Germany
2006-08-15,38.55,16.95,73.57,0.02,Germany
2006-08-16,55.37,16.4,72.67,0.02,Germany
2006-08-17,51.53,16.6,70.42,0.02,Germany
2006-08-18,51.0,16.45,71.3,0.02,Germany
2006-08-19,49.44,16.45,71.67,0.02,Germany
2006-08-20,47.89,16.45,72.05,0.01,Germany
2006-08-21,46.33,16.45,72.42,0.01,Germany
2006-08-22,51.19,17.1,72.06,0.01,Germany
2006-08-23,54.37,17.4,71.12,0.01,Germany
2006-08-24,53.73,17.1,71.4,0.01,Germany
2006-08-25,50.13,17.6,72.58,0.01,Germany
2006-08-26,50.74,17.6,71.53,0.01,Germany
2006-08-27,51.36,17.6,70.49,0.01,Germany
2006-08-28,51.97,17.6,69.44,0.01,Germany
2006-08-29,51.84,18.15,67.01,0.01,Germany
2006-08-30,51.27,18.7,67.15,0.01,Germany
2006-08-31,46.77,16.85,67.66,0.01,Germany
2006-09-01,41.61,18.7,70.49,0.0,Germany
2006-09-02,41.0,18.85,69.87,0.0,Germany
2006-09-03,40.39,19.0,69.24,0.0,Germany
2006-09-04,39.78,19.15,68.62,0.0,Germany
2006-09-05,57.58,19.2,65.94,0.01,Germany
2006-09-06,58.81,19.1,65.41,0.01,Germany
2006-09-07,53.07,19.2,64.52,0.02,Germany
2006-09-08,53.19,19.05,64.3,0.01,Germany
2006-09-09,52.95,19.03,63.67,0.01,Germany
2006-09-10,52.7,19.02,63.04,0.01,Germany
2006-09-11,52.46,19.0,62.41,0.01,Germany
2006-09-12,57.61,18.25,62.23,0.01,Germany
2006-09-13,50.85,18.55,61.28,0.01,Germany
2006-09-14,60.11,18.75,60.75,0.01,Germany
2006-09-15,39.9,16.85,60.23,0.01,Germany
2006-09-16,43.52,16.65,60.64,0.01,Germany
2006-09-17,47.14,16.45,61.06,0.01,Germany
2006-09-18,50.76,16.25,61.47,0.01,Germany
2006-09-19,50.92,14.95,62.52,0.01,Germany
2006-09-20,54.55,13.0,59.09,0.01,Germany
2006-09-21,51.43,11.73,59.27,0.01,Germany
2006-09-22,46.83,10.9,58.81,0.01,Germany
2006-09-23,48.48,11.6,58.5,0.01,Germany
2006-09-24,50.14,12.3,58.2,0.01,Germany
2006-09-25,51.79,13.0,57.89,0.01,Germany
2006-09-26,54.94,11.8,58.53,0.01,Germany
2006-09-27,56.52,11.7,57.6,0.01,Germany
2006-09-28,54.95,11.75,60.68,0.01,Germany
2006-09-29,51.8,14.1,59.09,0.01,Germany
2006-09-30,47.65,13.09,58.99,0.01,Germany
2006-10-01,43.5,12.09,58.9,0.01,Germany
2006-10-02,39.35,11.08,58.8,0.01,Germany
2006-10-03,27.87,2.4,56.28,0.01,Germany
2006-10-04,49.3,9.9,55.82,0.01,Germany
2006-10-05,45.32,11.63,57.93,0.01,Germany
2006-10-06,26.91,13.0,56.9,0.01,Germany
2006-10-07,33.45,14.0,57.68,0.01,Germany
2006-10-08,40.0,15.0,58.47,0.01,Germany
2006-10-09,46.54,16.0,59.25,0.01,Germany
2006-10-10,52.45,13.6,57.8,0.01,Germany
2006-10-11,46.92,16.1,57.75,0.01,Germany
2006-10-12,56.72,15.08,57.87,0.01,Germany
2006-10-13,51.48,16.18,58.97,0.01,Germany
2006-10-14,51.93,16.3,58.72,0.01,Germany
2006-10-15,52.39,16.43,58.47,0.01,Germany
2006-10-16,52.84,16.55,58.22,0.01,Germany
2006-10-17,60.84,17.43,60.13,0.01,Germany
2006-10-18,56.2,16.0,58.51,0.01,Germany
2006-10-19,55.79,16.55,57.74,0.01,Germany
2006-10-20,52.56,13.0,57.94,0.01,Germany
2006-10-21,52.57,14.17,57.48,0.01,Germany
2006-10-22,52.58,15.33,57.02,0.01,Germany
2006-10-23,52.59,16.5,56.56,0.01,Germany
2006-10-24,46.38,14.33,56.56,0.01,Germany
2006-10-25,61.24,14.08,58.79,0.0,Germany
2006-10-26,40.8,13.65,58.76,0.0,Germany
2006-10-27,42.4,15.7,57.99,0.0,Germany
2006-10-28,47.08,16.18,57.69,0.0,Germany
2006-10-29,51.75,16.67,57.38,0.0,Germany
2006-10-30,56.43,17.15,57.08,0.0,Germany
2006-10-31,41.45,16.5,56.13,0.0,Germany
2006-11-01,28.05,21.0,56.37,0.0,Germany
2006-11-02,53.86,21.0,56.26,0.0,Germany
2006-11-03,62.39,20.6,56.55,0.0,Germany
2006-11-04,61.77,21.23,56.71,0.0,Germany
2006-11-05,61.14,21.87,56.86,0.0,Germany
2006-11-06,60.52,22.5,57.02,0.0,Germany
2006-11-07,162.25,21.2,56.99,0.0,Germany
2006-11-08,55.3,21.6,57.18,0.0,Germany
2006-11-09,56.07,22.33,59.72,0.0,Germany
2006-11-10,65.26,21.95,59.18,0.0,Germany
2006-11-11,61.81,20.55,58.41,0.0,Germany
2006-11-12,58.37,19.15,57.65,0.0,Germany
2006-11-13,54.92,17.75,56.88,0.0,Germany
2006-11-14,54.07,17.85,57.9,0.0,Germany
2006-11-15,51.47,18.23,57.97,0.0,Germany
2006-11-16,44.94,19.15,59.5,0.0,Germany
2006-11-17,46.2,19.0,57.01,0.0,Germany
2006-11-18,46.7,19.61,57.13,0.0,Germany
2006-11-19,47.21,20.22,57.26,0.0,Germany
2006-11-20,47.71,20.83,57.38,0.0,Germany
2006-11-21,70.2,20.7,59.53,0.0,Germany
2006-11-22,55.04,20.18,58.66,0.0,Germany
2006-11-23,46.07,19.9,59.7,0.0,Germany
2006-11-24,46.42,19.65,60.72,0.01,Germany
2006-11-25,49.28,19.19,60.65,0.01,Germany
2006-11-26,52.15,18.74,60.59,0.02,Germany
2006-11-27,55.01,18.28,60.52,0.02,Germany
2006-11-28,51.37,17.9,61.22,0.02,Germany
2006-11-29,54.49,17.95,62.13,0.02,Germany
2006-11-30,53.76,17.65,64.36,0.02,Germany
2006-12-01,41.82,16.35,64.74,0.03,Germany
2006-12-02,40.92,16.08,64.48,0.03,Germany
2006-12-03,40.03,15.8,64.23,0.02,Germany
2006-12-04,39.13,15.53,63.97,0.02,Germany
2006-12-05,37.1,17.6,63.65,0.02,Germany
2006-12-06,45.21,15.63,63.7,0.01,Germany
2006-12-07,39.96,16.55,63.17,0.01,Germany
2006-12-08,42.92,17.0,63.67,0.01,Germany
2006-12-09,44.5,16.5,63.31,0.01,Germany
2006-12-10,46.07,16.0,62.95,0.01,Germany
2006-12-11,47.65,15.5,62.59,0.01,Germany
2006-12-12,49.77,15.38,62.58,0.01,Germany
2006-12-13,43.76,15.35,61.89,0.01,Germany
2006-12-14,38.05,14.8,62.85,0.0,Germany
2006-12-15,40.13,17.5,62.91,0.0,Germany
2006-12-16,48.52,17.78,62.88,0.0,Germany
2006-12-17,56.91,18.05,62.84,0.0,Germany
2006-12-18,65.3,18.33,62.81,0.0,Germany
2006-12-19,56.66,21.75,62.19,0.01,Germany
2006-12-20,55.66,19.15,63.13,0.0,Germany
2006-12-21,63.78,18.7,62.13,0.0,Germany
2006-12-22,51.48,15.5,61.92,0.0,Germany
2006-12-23,44.2,15.5,61.92,0.0,Germany
2006-12-24,36.91,15.5,61.92,0.0,Germany
2006-12-25,29.63,15.5,61.92,0.0,Germany
2006-12-26,28.24,15.5,61.92,0.0,Germany
2006-12-27,43.31,16.0,60.7,0.0,Germany
2006-12-28,33.75,14.0,59.41,0.0,Germany
2006-12-29,36.17,14.0,58.96,0.0,Germany
2006-12-30,26.05,14.0,58.96,0.0,Germany
2006-12-31,15.92,14.0,58.96,0.0,Germany
2007-01-01,5.8,14.0,58.96,0.0,Germany
2007-01-02,32.9,14.5,58.49,0.0,Germany
2007-01-03,44.43,14.2,56.63,0.0,Germany
2007-01-04,28.25,14.23,54.58,0.0,Germany
2007-01-05,35.55,14.1,52.82,0.01,Germany
2007-01-06,36.16,13.83,52.82,0.01,Germany
2007-01-07,36.77,13.55,52.82,0.01,Germany
2007-01-08,37.38,13.28,52.82,0.01,Germany
2007-01-09,29.39,13.48,52.38,0.01,Germany
2007-01-10,28.38,13.65,52.11,0.01,Germany
2007-01-11,26.72,13.08,51.68,0.01,Germany
2007-01-12,24.4,13.43,49.95,0.01,Germany
2007-01-13,28.1,13.6,49.95,0.01,Germany
2007-01-14,31.8,13.78,49.95,0.01,Germany
2007-01-15,35.5,13.95,49.95,0.01,Germany
2007-01-16,37.83,14.5,51.28,0.01,Germany
2007-01-17,32.26,13.0,51.19,0.01,Germany
2007-01-18,32.82,12.63,50.83,0.01,Germany
2007-01-19,24.44,14.3,52.29,0.01,Germany
2007-01-20,29.77,14.72,52.97,0.01,Germany
2007-01-21,35.11,15.13,53.66,0.01,Germany
2007-01-22,40.44,15.55,54.34,0.01,Germany
2007-01-23,52.68,15.65,53.93,0.01,Germany
2007-01-24,44.03,14.15,55.11,0.02,Germany
2007-01-25,65.21,13.8,55.67,0.02,Germany
2007-01-26,35.74,12.85,55.29,0.02,Germany
2007-01-27,38.26,12.47,55.1,0.02,Germany
2007-01-28,40.78,12.08,54.9,0.02,Germany
2007-01-29,43.3,11.7,54.71,0.02,Germany
2007-01-30,46.49,11.6,54.69,0.02,Germany
2007-01-31,39.42,11.25,56.52,0.02,Germany
2007-02-01,43.89,10.45,56.74,0.02,Germany
2007-02-02,41.49,10.55,56.93,0.02,Germany
2007-02-03,41.82,10.35,57.51,0.02,Germany
2007-02-04,42.14,10.15,58.09,0.03,Germany
2007-02-05,42.47,9.95,58.67,0.03,Germany
2007-02-06,44.33,10.75,58.04,0.02,Germany
2007-02-07,50.8,11.2,58.35,0.02,Germany
2007-02-08,39.09,10.1,57.24,0.04,Germany
2007-02-09,39.74,10.03,57.21,0.04,Germany
2007-02-10,38.52,9.49,56.65,0.04,Germany
2007-02-11,37.3,8.94,56.08,0.04,Germany
2007-02-12,36.08,8.4,55.52,0.04,Germany
2007-02-13,32.18,9.5,56.12,0.04,Germany
2007-02-14,32.7,8.4,55.05,0.04,Germany
2007-02-15,34.23,9.18,54.25,0.05,Germany
2007-02-16,23.83,9.0,56.78,0.04,Germany
2007-02-17,26.23,8.97,56.78,0.04,Germany
2007-02-18,28.64,8.93,56.78,0.04,Germany
2007-02-19,31.04,8.9,56.78,0.03,Germany
2007-02-20,34.28,7.55,55.91,0.03,Germany
2007-02-21,32.55,8.0,57.74,0.03,Germany
2007-02-22,30.99,7.85,58.62,0.03,Germany
2007-02-23,23.48,8.45,60.38,0.03,Germany
2007-02-24,25.14,8.7,60.37,0.03,Germany
2007-02-25,26.81,8.95,60.35,0.03,Germany
2007-02-26,28.47,9.2,60.34,0.03,Germany
2007-02-27,24.67,9.15,60.28,0.11,Germany
2007-02-28,28.29,9.6,59.39,0.1,Germany
2007-03-01,22.3,11.3,61.18,0.09,Germany
2007-03-02,24.55,10.7,61.92,0.09,Germany
2007-03-03,24.55,10.62,61.21,0.09,Germany
2007-03-04,24.56,10.53,60.49,0.09,Germany
2007-03-05,24.56,10.45,59.78,0.09,Germany
2007-03-06,24.56,9.85,59.68,0.08,Germany
2007-03-07,31.97,9.8,61.13,0.06,Germany
2007-03-08,28.97,9.9,60.9,0.05,Germany
2007-03-09,26.61,10.1,60.25,0.05,Germany
2007-03-10,27.01,10.08,60.36,0.05,Germany
2007-03-11,27.41,10.07,60.48,0.04,Germany
2007-03-12,27.81,10.05,60.59,0.04,Germany
2007-03-13,31.18,10.15,61.52,0.04,Germany
2007-03-14,29.24,10.35,60.89,0.05,Germany
2007-03-15,28.7,10.8,60.4,0.04,Germany
2007-03-16,30.08,10.65,60.93,0.04,Germany
2007-03-17,28.33,10.58,60.78,0.04,Germany
2007-03-18,26.57,10.52,60.64,0.04,Germany
2007-03-19,24.82,10.45,60.49,0.04,Germany
2007-03-20,29.61,9.85,60.11,0.03,Germany
2007-03-21,29.95,9.6,60.18,0.03,Germany
2007-03-22,31.3,9.5,61.57,0.02,Germany
2007-03-23,30.23,10.25,63.1,0.02,Germany
2007-03-24,29.54,10.28,63.54,0.02,Germany
2007-03-25,28.85,10.32,63.99,0.02,Germany
2007-03-26,28.16,10.35,64.43,0.02,Germany
2007-03-27,29.08,10.45,64.25,0.01,Germany
2007-03-28,27.38,10.6,66.15,0.01,Germany
2007-03-29,27.56,11.5,67.19,0.01,Germany
2007-03-30,33.1,10.8,68.47,0.01,Germany
2007-03-31,32.69,10.57,68.63,0.01,Germany
2007-04-01,32.28,10.33,68.78,0.01,Germany
2007-04-02,31.87,10.1,68.94,0.01,Germany
2007-04-03,31.46,10.3,68.0,0.01,Germany
2007-04-04,37.39,10.3,68.09,0.01,Germany
2007-04-05,30.87,9.3,69.15,0.01,Germany
2007-04-06,23.72,9.3,69.15,0.01,Germany
2007-04-07,22.82,9.3,69.15,0.01,Germany
2007-04-08,21.93,9.3,69.15,0.0,Germany
2007-04-09,21.03,9.3,69.15,0.0,Germany
2007-04-10,28.58,8.85,67.64,0.0,Germany
2007-04-11,39.22,8.85,68.6,0.0,Germany
2007-04-12,41.17,8.93,67.79,0.0,Germany
2007-04-13,34.5,8.9,68.78,0.0,Germany
2007-04-14,35.2,8.88,68.22,0.0,Germany
2007-04-15,35.91,8.87,67.66,0.0,Germany
2007-04-16,36.61,8.85,67.1,0.0,Germany
2007-04-17,37.16,9.03,66.34,0.0,Germany
2007-04-18,30.85,9.23,65.09,0.0,Germany
2007-04-19,30.54,9.2,66.17,0.0,Germany
2007-04-20,31.26,9.1,66.34,0.0,Germany
2007-04-21,32.96,8.93,66.49,0.0,Germany
2007-04-22,34.65,8.77,66.65,0.0,Germany
2007-04-23,36.35,8.6,66.8,0.0,Germany
2007-04-24,67.91,8.7,67.94,0.0,Germany
2007-04-25,34.44,8.45,67.44,0.0,Germany
2007-04-26,38.39,7.68,67.51,0.0,Germany
2007-04-27,37.6,6.6,67.28,0.0,Germany
2007-04-28,32.91,6.98,67.26,0.0,Germany
2007-04-29,28.23,7.35,67.25,0.0,Germany
2007-04-30,23.54,7.73,67.23,0.0,Germany
2007-05-01,20.1,9.03,67.4,0.0,Germany
2007-05-02,36.69,9.6,65.57,0.0,Germany
2007-05-03,37.21,10.3,64.85,0.0,Germany
2007-05-04,33.89,10.75,65.14,0.0,Germany
2007-05-05,33.2,10.75,64.33,0.0,Germany
2007-05-06,32.52,10.75,63.51,0.0,Germany
2007-05-07,31.83,10.75,62.7,0.0,Germany
2007-05-08,28.4,10.78,63.55,0.0,Germany
2007-05-09,33.44,11.53,63.5,0.0,Germany
2007-05-10,29.86,11.1,64.63,0.0,Germany
2007-05-11,28.9,11.6,65.18,0.0,Germany
2007-05-12,32.25,12.33,65.41,0.0,Germany
2007-05-13,35.59,13.07,65.63,0.0,Germany
2007-05-14,38.94,13.8,65.86,0.0,Germany
2007-05-15,45.84,12.55,66.74,0.0,Germany
2007-05-16,37.77,12.0,66.83,0.0,Germany
2007-05-17,18.81,12.15,69.08,0.0,Germany
2007-05-18,25.62,12.55,69.26,0.0,Germany
2007-05-19,31.46,12.32,69.34,0.0,Germany
2007-05-20,37.3,12.08,69.43,0.0,Germany
2007-05-21,43.14,11.85,69.51,0.0,Germany
2007-05-22,58.0,11.9,70.05,0.0,Germany
2007-05-23,74.67,12.5,71.01,0.0,Germany
2007-05-24,38.82,12.85,71.96,0.01,Germany
2007-05-25,37.72,12.8,70.72,0.0,Germany
2007-05-26,32.51,12.8,70.72,0.0,Germany
2007-05-27,27.31,12.8,70.72,0.0,Germany
2007-05-28,22.1,12.8,70.72,0.0,Germany
2007-05-29,38.69,12.63,69.31,0.0,Germany
2007-05-30,32.54,12.65,67.64,0.0,Germany
2007-05-31,39.3,10.95,68.18,0.0,Germany
2007-06-01,39.51,10.65,68.65,0.0,Germany
2007-06-02,38.88,10.66,69.4,0.0,Germany
2007-06-03,38.25,10.67,70.15,0.0,Germany
2007-06-04,37.62,10.68,70.9,0.0,Germany
2007-06-05,43.12,11.45,71.36,0.0,Germany
2007-06-06,42.79,11.4,71.5,0.01,Germany
2007-06-07,27.64,11.3,72.36,0.03,Germany
2007-06-08,36.54,11.0,70.04,0.03,Germany
2007-06-09,38.82,10.77,69.64,0.03,Germany
2007-06-10,41.11,10.53,69.25,0.03,Germany
2007-06-11,43.39,10.3,68.85,0.03,Germany
2007-06-12,85.41,10.28,68.56,0.03,Germany
2007-06-13,48.07,10.8,69.24,0.03,Germany
2007-06-14,45.61,10.35,71.18,0.03,Germany
2007-06-15,33.77,10.3,71.63,0.02,Germany
2007-06-16,38.46,10.37,71.86,0.02,Germany
2007-06-17,43.14,10.43,72.1,0.02,Germany
2007-06-18,47.83,10.5,72.33,0.02,Germany
2007-06-19,44.79,10.25,72.17,0.02,Germany
2007-06-20,41.35,10.1,70.55,0.01,Germany
2007-06-21,66.81,10.05,71.81,0.01,Germany
2007-06-22,34.11,10.0,72.04,0.01,Germany
2007-06-23,36.14,10.17,71.81,0.01,Germany
2007-06-24,38.17,10.33,71.59,0.01,Germany
2007-06-25,40.2,10.5,71.36,0.01,Germany
2007-06-26,33.02,10.6,71.41,0.01,Germany
2007-06-27,22.62,10.55,71.84,0.01,Germany
2007-06-28,26.18,10.25,71.96,0.01,Germany
2007-06-29,28.66,11.0,72.22,0.01,Germany
2007-06-30,31.1,11.63,72.45,0.01,Germany
2007-07-01,33.55,12.27,72.67,0.01,Germany
2007-07-02,35.99,12.9,72.9,0.01,Germany
2007-07-03,38.21,11.8,74.26,0.01,Germany
2007-07-04,34.55,12.05,74.26,0.01,Germany
2007-07-05,33.73,12.8,75.4,0.01,Germany
2007-07-06,26.37,14.73,76.58,0.01,Germany
2007-07-07,29.2,15.02,76.75,0.01,Germany
2007-07-08,32.04,15.31,76.93,0.01,Germany
2007-07-09,34.87,15.6,77.1,0.01,Germany
2007-07-10,34.34,14.43,77.88,0.02,Germany
2007-07-11,30.1,15.05,77.44,0.02,Germany
2007-07-12,32.22,15.33,78.24,0.03,Germany
2007-07-13,29.91,16.5,78.12,0.03,Germany
2007-07-14,32.0,16.85,78.14,0.03,Germany
2007-07-15,34.1,17.2,78.15,0.03,Germany
2007-07-16,36.19,17.55,78.17,0.03,Germany
2007-07-17,38.03,16.63,77.59,0.02,Germany
2007-07-18,41.88,16.05,78.0,0.03,Germany
2007-07-19,35.77,15.0,78.37,0.03,Germany
2007-07-20,41.63,16.0,79.09,0.05,Germany
2007-07-21,40.66,15.9,78.85,0.05,Germany
2007-07-22,39.69,15.8,78.6,0.05,Germany
2007-07-23,38.72,15.7,78.36,0.05,Germany
2007-07-24,23.89,16.0,75.88,0.05,Germany
2007-07-25,31.69,14.5,75.21,0.05,Germany
2007-07-26,28.06,14.75,77.28,0.07,Germany
2007-07-27,25.06,14.6,76.58,0.08,Germany
2007-07-28,24.57,15.07,76.41,0.08,Germany
2007-07-29,24.09,15.53,76.24,0.08,Germany
2007-07-30,23.6,16.0,76.07,0.09,Germany
2007-07-31,21.5,14.85,77.01,0.09,Germany
2007-08-01,26.21,13.9,77.11,0.1,Germany
2007-08-02,27.15,13.9,76.14,0.1,Germany
2007-08-03,32.71,14.2,75.36,0.11,Germany
2007-08-04,31.63,14.07,74.47,0.11,Germany
2007-08-05,30.55,13.93,73.58,0.11,Germany
2007-08-06,29.47,13.8,72.69,0.11,Germany
2007-08-07,28.72,13.3,70.42,0.12,Germany
2007-08-08,30.2,13.45,70.73,0.14,Germany
2007-08-09,27.41,13.75,70.08,0.17,Germany
2007-08-10,29.51,14.35,69.57,0.21,Germany
2007-08-11,31.02,14.35,70.15,0.21,Germany
2007-08-12,32.53,14.35,70.72,0.22,Germany
2007-08-13,34.04,14.35,71.3,0.22,Germany
2007-08-14,36.77,14.65,69.29,0.23,Germany
2007-08-15,22.53,14.85,71.3,0.23,Germany
2007-08-16,28.17,15.73,68.77,0.29,Germany
2007-08-17,33.54,14.75,69.8,0.28,Germany
2007-08-18,34.42,14.78,69.32,0.28,Germany
2007-08-19,35.31,14.8,68.85,0.28,Germany
2007-08-20,36.19,14.83,68.37,0.28,Germany
2007-08-21,31.71,14.48,67.88,0.28,Germany
2007-08-22,31.45,13.6,67.73,0.28,Germany
2007-08-23,32.49,14.6,68.73,0.27,Germany
2007-08-24,36.61,14.1,69.49,0.26,Germany
2007-08-25,35.3,14.1,69.28,0.26,Germany
2007-08-26,34.0,14.1,69.06,0.26,Germany
2007-08-27,32.69,14.1,68.85,0.25,Germany
2007-08-28,36.21,15.1,69.66,0.25,Germany
2007-08-29,36.81,14.25,70.48,0.24,Germany
2007-08-30,34.03,14.15,71.46,0.23,Germany
2007-08-31,28.52,14.28,72.29,0.23,Germany
2007-09-01,28.9,14.31,72.29,0.22,Germany
2007-09-02,29.29,14.35,72.29,0.22,Germany
2007-09-03,29.67,14.38,72.29,0.22,Germany
2007-09-04,34.5,14.65,74.22,0.21,Germany
2007-09-05,36.2,14.65,74.72,0.22,Germany
2007-09-06,35.83,14.6,76.21,0.21,Germany
2007-09-07,36.15,15.15,75.08,0.23,Germany
2007-09-08,36.07,15.63,75.04,0.24,Germany
2007-09-09,35.99,16.12,75.01,0.24,Germany
2007-09-10,35.91,16.6,74.97,0.24,Germany
2007-09-11,37.47,16.18,76.23,0.25,Germany
2007-09-12,43.39,17.15,77.15,0.22,Germany
2007-09-13,44.81,17.6,77.84,0.22,Germany
2007-09-14,33.36,18.75,78.27,0.21,Germany
2007-09-15,34.67,18.48,78.18,0.21,Germany
2007-09-16,35.98,18.22,78.08,0.21,Germany
2007-09-17,37.29,17.95,77.99,0.21,Germany
2007-09-18,38.92,17.85,77.0,0.22,Germany
2007-09-19,43.46,17.5,78.47,0.22,Germany
2007-09-20,37.68,17.65,78.48,0.21,Germany
2007-09-21,39.84,18.5,78.91,0.2,Germany
2007-09-22,39.55,18.53,78.56,0.2,Germany
2007-09-23,39.27,18.57,78.22,0.2,Germany
2007-09-24,38.98,18.6,77.87,0.19,Germany
2007-09-25,44.31,19.43,76.82,0.19,Germany
2007-09-26,53.08,17.75,76.21,0.18,Germany
2007-09-27,44.11,19.0,78.88,0.18,Germany
2007-09-28,38.68,17.2,80.97,0.17,Germany
2007-09-29,40.87,18.13,80.09,0.16,Germany
2007-09-30,43.06,19.07,79.21,0.16,Germany
2007-10-01,45.25,20.0,78.33,0.16,Germany
2007-10-02,46.93,20.2,76.87,0.14,Germany
2007-10-03,40.89,17.4,77.8,0.13,Germany
2007-10-04,48.03,17.35,77.84,0.12,Germany
2007-10-05,51.9,17.9,79.05,0.12,Germany
2007-10-06,53.37,17.85,78.35,0.12,Germany
2007-10-07,54.84,17.8,77.64,0.12,Germany
2007-10-08,56.31,17.75,76.94,0.11,Germany
2007-10-09,53.99,18.25,77.82,0.11,Germany
2007-10-10,57.41,17.5,77.85,0.1,Germany
2007-10-11,53.73,19.1,80.83,0.09,Germany
2007-10-12,47.61,17.5,80.82,0.09,Germany
2007-10-13,48.43,17.47,81.38,0.09,Germany
2007-10-14,49.24,17.43,81.94,0.09,Germany
2007-10-15,50.06,17.4,82.5,0.09,Germany
2007-10-16,47.78,19.65,84.43,0.08,Germany
2007-10-17,54.38,20.7,85.24,0.08,Germany
2007-10-18,53.01,21.85,85.03,0.08,Germany
2007-10-19,61.55,21.0,84.25,0.08,Germany
2007-10-20,66.43,21.9,83.74,0.08,Germany
2007-10-21,71.32,22.8,83.23,0.08,Germany
2007-10-22,76.2,23.7,82.72,0.08,Germany
2007-10-23,79.05,23.2,82.31,0.08,Germany
2007-10-24,107.81,23.6,83.47,0.09,Germany
2007-10-25,110.84,23.0,85.4,0.1,Germany
2007-10-26,63.25,23.0,84.71,0.1,Germany
2007-10-27,69.15,22.92,86.43,0.1,Germany
2007-10-28,75.06,22.83,88.15,0.1,Germany
2007-10-29,80.96,22.75,89.87,0.1,Germany
2007-10-30,91.73,21.3,89.87,0.1,Germany
2007-10-31,61.26,19.0,89.87,0.1,Germany
2007-11-01,37.77,17.0,90.36,0.12,Germany
2007-11-02,54.46,18.05,92.11,0.12,Germany
2007-11-03,65.78,18.7,92.13,0.12,Germany
2007-11-04,77.09,19.35,92.14,0.12,Germany
2007-11-05,88.41,20.0,92.16,0.12,Germany
2007-11-06,54.74,19.7,93.99,0.12,Germany
2007-11-07,52.51,21.0,94.85,0.12,Germany
2007-11-08,62.37,21.0,94.4,0.12,Germany
2007-11-09,43.64,21.0,92.32,0.12,Germany
2007-11-10,46.6,21.57,92.07,0.11,Germany
2007-11-11,49.57,22.13,91.81,0.11,Germany
2007-11-12,52.53,22.7,91.56,0.11,Germany
2007-11-13,77.67,24.58,89.09,0.11,Germany
2007-11-14,114.09,25.75,90.73,0.11,Germany
2007-11-15,145.48,24.65,90.32,0.13,Germany
2007-11-16,66.67,24.33,91.99,0.13,Germany
2007-11-17,75.75,24.57,91.86,0.14,Germany
2007-11-18,84.84,24.81,91.72,0.15,Germany
2007-11-19,93.92,25.05,91.59,0.17,Germany
2007-11-20,127.08,25.95,94.13,0.17,Germany
2007-11-21,90.73,24.5,94.97,0.21,Germany
2007-11-22,97.04,24.58,94.97,0.22,Germany
2007-11-23,87.04,22.23,95.33,0.23,Germany
2007-11-24,77.8,22.05,95.18,0.22,Germany
2007-11-25,68.56,21.88,95.03,0.22,Germany
2007-11-26,59.32,21.7,94.88,0.22,Germany
2007-11-27,67.3,22.3,93.23,0.22,Germany
2007-11-28,74.71,22.1,91.64,0.23,Germany
2007-11-29,65.47,20.5,92.34,0.24,Germany
2007-11-30,53.4,20.25,88.71,0.23,Germany
2007-12-01,50.46,20.35,88.42,0.24,Germany
2007-12-02,47.53,20.45,88.14,0.24,Germany
2007-12-03,44.59,20.55,87.85,0.24,Germany
2007-12-04,58.1,19.5,89.97,0.25,Germany
2007-12-05,45.37,20.35,90.7,0.24,Germany
2007-12-06,50.34,20.3,88.46,0.24,Germany
2007-12-07,41.38,21.85,88.46,0.24,Germany
2007-12-08,48.47,22.18,88.08,0.24,Germany
2007-12-09,55.55,22.5,87.71,0.24,Germany
2007-12-10,62.64,22.83,87.33,0.24,Germany
2007-12-11,68.88,22.7,87.77,0.24,Germany
2007-12-12,84.51,23.45,91.69,0.24,Germany
2007-12-13,86.0,23.88,92.57,0.25,Germany
2007-12-14,69.33,24.0,91.86,0.24,Germany
2007-12-15,74.38,24.27,91.35,0.25,Germany
2007-12-16,79.44,24.53,90.83,0.25,Germany
2007-12-17,84.49,24.8,90.32,0.26,Germany
2007-12-18,96.59,24.5,90.71,0.27,Germany
2007-12-19,158.97,23.4,90.98,0.28,Germany
2007-12-20,79.82,24.5,91.06,0.27,Germany
2007-12-21,78.06,24.5,91.03,0.28,Germany
2007-12-22,61.54,24.29,91.22,0.28,Germany
2007-12-23,45.02,24.09,91.4,0.27,Germany
2007-12-24,28.5,23.88,91.59,0.27,Germany
2007-12-25,26.32,23.88,91.59,0.24,Germany
2007-12-26,19.91,23.88,91.59,0.23,Germany
2007-12-27,32.65,22.5,95.66,0.2,Germany
2007-12-28,25.95,23.55,95.92,0.2,Germany
2007-12-29,26.36,24.7,95.17,0.2,Germany
2007-12-30,26.78,25.85,94.43,0.2,Germany
2007-12-31,27.19,27.0,93.68,0.21,Germany
2008-01-01,21.03,27.0,93.68,0.19,Germany
2008-01-02,58.51,25.4,97.01,0.24,Germany
2008-01-03,54.98,24.6,98.45,0.24,Germany
2008-01-04,55.99,24.5,96.87,0.28,Germany
2008-01-05,60.15,24.73,95.98,0.28,Germany
2008-01-06,64.31,24.97,95.08,0.28,Germany
2008-01-07,68.47,25.2,94.19,0.28,Germany
2008-01-08,68.14,25.7,96.37,0.27,Germany
2008-01-09,61.84,24.75,96.76,0.29,Germany
2008-01-10,66.03,25.75,92.8,0.29,Germany
2008-01-11,64.3,25.5,91.86,0.29,Germany
2008-01-12,64.97,25.42,92.1,0.29,Germany
2008-01-13,65.65,25.33,92.34,0.28,Germany
2008-01-14,66.32,25.25,92.58,0.28,Germany
2008-01-15,64.05,25.0,90.87,0.34,Germany
2008-01-16,66.99,24.45,88.1,0.37,Germany
2008-01-17,72.98,22.0,88.96,0.38,Germany
2008-01-18,59.97,23.23,89.66,0.37,Germany
2008-01-19,58.08,22.8,89.66,0.4,Germany
2008-01-20,56.19,22.38,89.66,0.43,Germany
2008-01-21,54.3,21.95,89.66,0.46,Germany
2008-01-22,63.87,22.75,88.11,0.51,Germany
2008-01-23,59.25,22.55,87.06,0.54,Germany
2008-01-24,61.35,22.65,87.69,0.54,Germany
2008-01-25,48.86,23.7,90.96,0.57,Germany
2008-01-26,52.56,23.73,90.94,0.57,Germany
2008-01-27,56.27,23.77,90.93,0.57,Germany
2008-01-28,59.97,23.8,90.91,0.58,Germany
2008-01-29,70.67,24.18,92.49,0.56,Germany
2008-01-30,67.83,24.75,92.46,0.56,Germany
2008-01-31,58.25,23.4,91.58,0.54,Germany
2008-02-01,47.57,22.38,91.41,0.53,Germany
2008-02-02,51.33,22.05,91.3,0.52,Germany
2008-02-03,55.09,21.73,91.2,0.51,Germany
2008-02-04,58.85,21.4,91.09,0.5,Germany
2008-02-05,57.33,21.95,89.6,0.56,Germany
2008-02-06,56.73,22.0,88.73,0.55,Germany
2008-02-07,62.89,23.5,88.55,0.54,Germany
2008-02-08,65.78,22.5,91.45,0.52,Germany
2008-02-09,66.49,22.57,92.28,0.51,Germany
2008-02-10,67.2,22.63,93.1,0.51,Germany
2008-02-11,67.91,22.7,93.93,0.5,Germany
2008-02-12,67.15,22.5,94.28,0.49,Germany
2008-02-13,68.01,22.6,93.82,0.46,Germany
2008-02-14,66.63,23.25,95.92,0.44,Germany
2008-02-15,66.06,23.45,96.96,0.43,Germany
2008-02-16,66.31,23.4,96.96,0.42,Germany
2008-02-17,66.55,23.35,96.96,0.41,Germany
2008-02-18,66.8,23.3,96.96,0.4,Germany
2008-02-19,79.3,23.65,97.03,0.39,Germany
2008-02-20,76.34,22.0,97.88,0.38,Germany
2008-02-21,63.91,22.2,97.52,0.36,Germany
2008-02-22,53.85,22.5,96.07,0.35,Germany
2008-02-23,57.23,22.7,96.52,0.34,Germany
2008-02-24,60.61,22.9,96.98,0.34,Germany
2008-02-25,63.99,23.1,97.43,0.33,Germany
2008-02-26,54.68,23.0,99.05,0.3,Germany
2008-02-27,53.67,23.35,98.28,0.31,Germany
2008-02-28,67.06,23.05,99.83,0.34,Germany
2008-02-29,61.27,23.6,100.9,0.34,Germany
2008-03-01,58.33,23.72,101.21,0.34,Germany
2008-03-02,55.38,23.83,101.52,0.35,Germany
2008-03-03,52.44,23.95,101.83,0.35,Germany
2008-03-04,61.4,23.65,98.6,0.35,Germany
2008-03-05,64.72,23.3,100.95,0.34,Germany
2008-03-06,57.92,23.13,103.47,0.35,Germany
2008-03-07,65.74,23.65,104.66,0.38,Germany
2008-03-08,63.37,23.69,104.88,0.38,Germany
2008-03-09,60.99,23.74,105.11,0.39,Germany
2008-03-10,58.62,23.78,105.33,0.39,Germany
2008-03-11,59.39,23.7,106.78,0.4,Germany
2008-03-12,47.04,23.6,107.99,0.4,Germany
2008-03-13,53.59,23.6,109.18,0.42,Germany
2008-03-14,55.46,23.4,109.16,0.44,Germany
2008-03-15,55.37,23.48,107.58,0.46,Germany
2008-03-16,55.29,23.57,105.99,0.48,Germany
2008-03-17,55.2,23.65,104.41,0.5,Germany
2008-03-18,56.59,23.6,105.35,0.54,Germany
2008-03-19,64.74,23.8,102.65,0.54,Germany
2008-03-20,62.75,23.95,99.78,0.57,Germany
2008-03-21,47.19,23.95,99.78,0.56,Germany
2008-03-22,44.74,23.95,100.16,0.56,Germany
2008-03-23,42.28,23.95,100.55,0.55,Germany
2008-03-24,39.83,23.95,100.93,0.55,Germany
2008-03-25,61.02,23.65,99.91,0.6,Germany
2008-03-26,67.05,23.5,102.83,0.61,Germany
2008-03-27,71.93,23.75,103.89,0.6,Germany
2008-03-28,63.57,23.5,102.68,0.59,Germany
2008-03-29,62.75,23.83,102.56,0.58,Germany
2008-03-30,61.93,24.17,102.45,0.58,Germany
2008-03-31,61.11,24.5,102.33,0.57,Germany
2008-04-01,66.1,24.8,98.69,0.58,Germany
2008-04-02,66.55,25.3,98.85,0.56,Germany
2008-04-03,69.07,25.05,102.31,0.53,Germany
2008-04-04,69.88,25.13,102.21,0.51,Germany
2008-04-05,71.53,25.22,103.47,0.5,Germany
2008-04-06,73.17,25.31,104.72,0.49,Germany
2008-04-07,74.82,25.4,105.98,0.48,Germany
2008-04-08,94.94,25.35,105.05,0.46,Germany
2008-04-09,98.68,25.2,107.46,0.45,Germany
2008-04-10,85.08,25.15,107.37,0.43,Germany
2008-04-11,78.19,26.0,107.15,0.43,Germany
2008-04-12,78.57,26.23,107.54,0.42,Germany
2008-04-13,78.94,26.47,107.93,0.41,Germany
2008-04-14,79.32,26.7,108.32,0.4,Germany
2008-04-15,79.32,26.2,110.84,0.39,Germany
2008-04-16,80.32,26.03,110.95,0.41,Germany
2008-04-17,82.55,25.45,111.34,0.41,Germany
2008-04-18,74.61,25.0,110.67,0.4,Germany
2008-04-19,71.86,25.1,110.9,0.4,Germany
2008-04-20,69.11,25.2,111.12,0.39,Germany
2008-04-21,66.36,25.3,111.35,0.39,Germany
2008-04-22,61.78,26.75,113.54,0.38,Germany
2008-04-23,66.25,27.0,115.34,0.37,Germany
2008-04-24,69.81,27.4,114.85,0.38,Germany
2008-04-25,60.05,26.4,116.62,0.37,Germany
2008-04-26,61.44,26.28,116.31,0.36,Germany
2008-04-27,62.83,26.15,116.01,0.35,Germany
2008-04-28,64.22,26.03,115.7,0.35,Germany
2008-04-29,69.0,25.25,113.86,0.34,Germany
2008-04-30,59.98,25.68,111.12,0.33,Germany
2008-05-01,28.23,24.25,107.3,0.31,Germany
2008-05-02,44.82,24.6,111.92,0.31,Germany
2008-05-03,51.82,24.6,113.17,0.3,Germany
2008-05-04,58.82,24.6,114.43,0.29,Germany
2008-05-05,65.82,24.6,115.68,0.29,Germany
2008-05-06,66.45,25.8,119.88,0.26,Germany
2008-05-07,66.33,24.4,120.27,0.25,Germany
2008-05-08,65.32,25.1,119.85,0.23,Germany
2008-05-09,55.62,23.5,123.54,0.24,Germany
2008-05-10,48.64,24.08,123.32,0.24,Germany
2008-05-11,41.67,24.65,123.11,0.23,Germany
2008-05-12,34.69,25.23,122.89,0.22,Germany
2008-05-13,56.63,25.3,123.11,0.21,Germany
2008-05-14,67.1,25.13,121.18,0.2,Germany
2008-05-15,69.47,25.3,122.76,0.18,Germany
2008-05-16,64.32,25.75,122.98,0.17,Germany
2008-05-17,65.3,25.63,122.72,0.17,Germany
2008-05-18,66.28,25.52,122.45,0.16,Germany
2008-05-19,67.26,25.4,122.19,0.16,Germany
2008-05-20,66.75,25.35,124.12,0.19,Germany
2008-05-21,67.63,24.2,127.28,0.23,Germany
2008-05-22,61.22,24.1,129.04,0.24,Germany
2008-05-23,64.78,25.0,129.72,0.26,Germany
2008-05-24,63.46,25.0,129.72,0.26,Germany
2008-05-25,62.14,25.0,129.72,0.26,Germany
2008-05-26,60.82,25.0,129.72,0.26,Germany
2008-05-27,61.49,25.6,128.92,0.26,Germany
2008-05-28,63.03,25.8,128.93,0.26,Germany
2008-05-29,71.33,25.4,129.33,0.27,Germany
2008-05-30,65.34,25.5,127.85,0.26,Germany
2008-05-31,68.05,25.43,128.07,0.26,Germany
2008-06-01,70.75,25.37,128.28,0.26,Germany
2008-06-02,73.46,25.3,128.5,0.26,Germany
2008-06-03,90.06,25.45,126.28,0.27,Germany
2008-06-04,94.38,24.75,121.72,0.27,Germany
2008-06-05,77.57,25.15,122.36,0.26,Germany
2008-06-06,78.16,25.2,132.81,0.31,Germany
2008-06-07,80.44,25.35,133.35,0.33,Germany
2008-06-08,82.71,25.5,133.89,0.35,Germany
2008-06-09,84.99,25.65,134.43,0.37,Germany
2008-06-10,78.23,26.8,135.24,0.41,Germany
2008-06-11,75.26,27.75,134.52,0.43,Germany
2008-06-12,83.12,28.4,132.11,0.43,Germany
2008-06-13,68.84,27.25,134.29,0.43,Germany
2008-06-14,73.1,27.08,134.16,0.43,Germany
2008-06-15,77.37,26.92,134.03,0.43,Germany
2008-06-16,81.63,26.75,133.9,0.42,Germany
2008-06-17,78.27,26.15,131.27,0.41,Germany
2008-06-18,73.05,27.85,129.12,0.41,Germany
2008-06-19,72.17,27.05,131.84,0.42,Germany
2008-06-20,71.14,27.25,134.28,0.44,Germany
2008-06-21,72.53,27.22,134.37,0.43,Germany
2008-06-22,73.93,27.18,134.45,0.43,Germany
2008-06-23,75.32,27.15,134.54,0.43,Germany
2008-06-24,93.87,27.6,135.37,0.41,Germany
2008-06-25,92.15,26.6,131.59,0.4,Germany
2008-06-26,91.89,26.5,136.82,0.42,Germany
2008-06-27,78.19,25.5,139.38,0.39,Germany
2008-06-28,81.86,26.17,139.05,0.39,Germany
2008-06-29,85.52,26.83,138.73,0.38,Germany
2008-06-30,89.19,27.5,138.4,0.38,Germany
2008-07-01,83.02,26.85,140.67,0.37,Germany
2008-07-02,95.44,26.2,141.24,0.36,Germany
2008-07-03,102.22,26.6,143.95,0.37,Germany
2008-07-04,75.61,27.0,143.95,0.38,Germany
2008-07-05,75.84,26.98,142.51,0.38,Germany
2008-07-06,76.06,26.97,141.06,0.38,Germany
2008-07-07,76.29,26.95,139.62,0.38,Germany
2008-07-08,69.7,27.15,134.15,0.37,Germany
2008-07-09,75.22,27.25,133.91,0.35,Germany
2008-07-10,79.3,26.53,135.81,0.34,Germany
2008-07-11,82.54,26.25,143.68,0.34,Germany
2008-07-12,78.78,26.23,143.26,0.33,Germany
2008-07-13,75.03,26.22,142.85,0.33,Germany
2008-07-14,71.27,26.2,142.43,0.32,Germany
2008-07-15,71.4,26.2,136.02,0.3,Germany
2008-07-16,71.4,26.5,133.31,0.29,Germany
2008-07-17,77.79,26.35,134.16,0.28,Germany
2008-07-18,73.88,25.8,129.34,0.29,Germany
2008-07-19,68.16,25.83,129.34,0.29,Germany
2008-07-20,62.45,25.87,129.34,0.29,Germany
2008-07-21,56.73,25.9,129.34,0.29,Germany
2008-07-22,65.68,25.7,127.18,0.28,Germany
2008-07-23,65.55,26.2,126.86,0.27,Germany
2008-07-24,70.32,25.75,125.43,0.3,Germany
2008-07-25,69.85,25.15,124.7,0.3,Germany
2008-07-26,69.92,23.77,125.02,0.31,Germany
2008-07-27,69.99,22.38,125.35,0.31,Germany
2008-07-28,70.06,21.0,125.67,0.31,Germany
2008-07-29,74.75,16.0,125.77,0.3,Germany
2008-07-30,77.05,19.0,122.46,0.3,Germany
2008-07-31,75.96,20.5,124.1,0.29,Germany
2008-08-01,67.31,20.5,124.16,0.29,Germany
2008-08-02,63.15,20.0,123.4,0.29,Germany
2008-08-03,58.99,19.5,122.63,0.29,Germany
2008-08-04,54.83,19.0,121.87,0.29,Germany
2008-08-05,54.38,20.05,116.5,0.28,Germany
2008-08-06,68.19,19.5,114.47,0.26,Germany
2008-08-07,60.51,20.5,116.94,0.26,Germany
2008-08-08,60.68,24.3,113.03,0.29,Germany
2008-08-09,60.69,24.62,112.2,0.3,Germany
2008-08-10,60.69,24.93,111.37,0.31,Germany
2008-08-11,60.7,25.25,110.54,0.32,Germany
2008-08-12,63.18,25.1,108.98,0.36,Germany
2008-08-13,47.43,23.65,110.68,0.39,Germany
2008-08-14,59.25,22.85,111.82,0.4,Germany
2008-08-15,62.9,23.8,108.8,0.4,Germany
2008-08-16,61.78,23.72,108.98,0.39,Germany
2008-08-17,60.66,23.63,109.15,0.39,Germany
2008-08-18,59.54,23.55,109.33,0.39,Germany
2008-08-19,61.51,23.88,109.02,0.39,Germany
2008-08-20,61.92,24.9,108.72,0.37,Germany
2008-08-21,70.33,25.68,117.24,0.38,Germany
2008-08-22,72.67,27.5,113.99,0.38,Germany
2008-08-23,73.9,27.5,112.57,0.39,Germany
2008-08-24,75.12,27.5,111.16,0.39,Germany
2008-08-25,76.35,27.5,109.74,0.4,Germany
2008-08-26,79.65,26.0,112.2,0.39,Germany
2008-08-27,83.5,27.0,113.05,0.4,Germany
2008-08-28,86.31,26.35,113.54,0.38,Germany
2008-08-29,86.68,27.88,113.49,0.36,Germany
2008-08-30,87.36,28.15,113.49,0.36,Germany
2008-08-31,88.03,28.43,113.49,0.36,Germany
2008-09-01,88.71,28.7,113.49,0.36,Germany
2008-09-02,87.59,29.45,104.94,0.36,Germany
2008-09-03,92.57,29.4,103.88,0.35,Germany
2008-09-04,97.46,28.35,103.41,0.47,Germany
2008-09-05,96.07,29.2,102.51,0.49,Germany
2008-09-06,96.44,29.35,102.03,0.5,Germany
2008-09-07,96.81,29.5,101.56,0.51,Germany
2008-09-08,97.18,29.65,101.08,0.51,Germany
2008-09-09,91.88,29.4,98.94,0.51,Germany
2008-09-10,102.79,29.85,96.0,0.52,Germany
2008-09-11,96.99,29.7,96.01,0.51,Germany
2008-09-12,84.24,30.6,94.37,0.54,Germany
2008-09-13,87.89,30.73,93.06,0.55,Germany
2008-09-14,91.54,30.87,91.76,0.55,Germany
2008-09-15,95.19,31.0,90.45,0.56,Germany
2008-09-16,105.42,31.15,85.85,0.55,Germany
2008-09-17,89.11,31.6,86.09,0.56,Germany
2008-09-18,96.53,30.95,90.89,0.52,Germany
2008-09-19,94.71,31.3,93.46,0.51,Germany
2008-09-20,94.29,31.2,95.78,0.52,Germany
2008-09-21,93.86,31.1,98.11,0.53,Germany
2008-09-22,93.44,31.0,100.43,0.53,Germany
2008-09-23,100.43,30.85,100.72,0.56,Germany
2008-09-24,108.92,30.65,102.09,0.57,Germany
2008-09-25,97.85,30.8,100.45,0.58,Germany
2008-09-26,94.52,31.2,100.88,0.6,Germany
2008-09-27,96.9,31.22,99.24,0.62,Germany
2008-09-28,99.27,31.23,97.6,0.65,Germany
2008-09-29,101.65,31.25,95.96,0.67,Germany
2008-09-30,91.57,30.2,93.52,0.7,Germany
2008-10-01,81.58,28.95,92.19,0.71,Germany
2008-10-02,85.67,27.15,88.88,0.75,Germany
2008-10-03,71.37,26.8,88.95,0.75,Germany
2008-10-04,91.38,26.67,87.54,0.77,Germany
2008-10-05,111.39,26.53,86.12,0.79,Germany
2008-10-06,131.4,26.4,84.71,0.8,Germany
2008-10-07,102.45,25.65,83.17,0.82,Germany
2008-10-08,117.35,25.35,80.77,0.86,Germany
2008-10-09,111.88,23.7,81.65,0.87,Germany
2008-10-10,99.92,22.5,74.58,0.89,Germany
2008-10-11,97.27,22.45,74.51,0.89,Germany
2008-10-12,94.63,22.4,74.44,0.89,Germany
2008-10-13,91.98,22.35,74.37,0.88,Germany
2008-10-14,102.15,25.0,74.98,0.89,Germany
2008-10-15,88.59,22.0,66.86,0.9,Germany
2008-10-16,88.77,22.0,64.14,0.9,Germany
2008-10-17,76.14,21.05,66.05,0.9,Germany
2008-10-18,75.38,21.86,66.52,0.89,Germany
2008-10-19,74.63,22.67,66.98,0.89,Germany
2008-10-20,73.87,23.48,67.45,0.88,Germany
2008-10-21,84.33,24.5,65.99,0.89,Germany
2008-10-22,99.85,28.5,62.95,0.92,Germany
2008-10-23,91.38,25.2,65.06,0.92,Germany
2008-10-24,85.64,29.0,60.57,0.92,Germany
2008-10-25,91.2,29.55,60.16,0.92,Germany
2008-10-26,96.76,30.1,59.75,0.92,Germany
2008-10-27,102.32,30.65,59.34,0.93,Germany
2008-10-28,96.42,30.65,58.87,0.91,Germany
2008-10-29,97.84,29.75,64.0,0.91,Germany
2008-10-30,97.62,29.9,60.86,0.9,Germany
2008-10-31,85.58,30.75,60.0,0.91,Germany
2008-11-01,84.96,30.33,60.11,0.91,Germany
2008-11-02,84.35,29.92,60.21,0.91,Germany
2008-11-03,83.73,29.5,60.32,0.91,Germany
2008-11-04,83.07,29.0,62.78,0.91,Germany
2008-11-05,73.85,28.0,61.09,0.91,Germany
2008-11-06,83.57,26.7,56.14,0.92,Germany
2008-11-07,77.39,24.83,56.84,0.92,Germany
2008-11-08,68.46,23.72,56.92,0.91,Germany
2008-11-09,59.54,22.61,57.0,0.91,Germany
2008-11-10,50.61,21.5,57.08,0.91,Germany
2008-11-11,56.35,19.4,54.76,0.9,Germany
2008-11-12,71.11,19.3,52.47,0.91,Germany
2008-11-13,77.86,19.0,51.32,0.91,Germany
2008-11-14,66.82,18.5,50.7,0.91,Germany
2008-11-15,67.62,19.64,50.74,0.91,Germany
2008-11-16,68.41,20.79,50.78,0.91,Germany
2008-11-17,69.21,21.93,50.82,0.91,Germany
2008-11-18,59.35,22.5,49.1,0.9,Germany
2008-11-19,59.56,22.4,48.35,0.93,Germany
2008-11-20,56.97,23.45,45.79,0.94,Germany
2008-11-21,57.62,25.1,44.91,0.94,Germany
2008-11-22,70.15,24.78,46.44,0.94,Germany
2008-11-23,82.67,24.47,47.98,0.94,Germany
2008-11-24,95.2,24.15,49.51,0.94,Germany
2008-11-25,104.91,23.55,47.51,0.93,Germany
2008-11-26,70.48,23.8,49.39,0.93,Germany
2008-11-27,70.85,24.0,49.39,0.92,Germany
2008-11-28,73.26,24.1,47.72,0.92,Germany
2008-11-29,72.45,23.9,47.67,0.93,Germany
2008-11-30,71.63,23.7,47.63,0.93,Germany
2008-12-01,70.82,23.5,47.58,0.94,Germany
2008-12-02,71.05,22.93,45.64,0.93,Germany
2008-12-03,66.17,21.7,44.39,0.91,Germany
2008-12-04,68.29,22.05,43.83,0.92,Germany
2008-12-05,65.13,21.7,37.04,0.93,Germany
2008-12-06,65.9,21.77,38.03,0.93,Germany
2008-12-07,66.66,21.83,39.03,0.93,Germany
2008-12-08,67.43,21.9,40.02,0.94,Germany
2008-12-09,81.63,21.6,39.77,0.93,Germany
2008-12-10,78.91,22.5,39.34,0.93,Germany
2008-12-11,86.64,23.25,43.54,0.93,Germany
2008-12-12,70.96,22.88,42.38,0.93,Germany
2008-12-13,70.48,23.12,43.26,0.93,Germany
2008-12-14,70.01,23.36,44.14,0.93,Germany
2008-12-15,69.53,23.6,45.02,0.93,Germany
2008-12-16,69.11,21.85,42.0,0.93,Germany
2008-12-17,68.17,21.35,41.84,0.93,Germany
2008-12-18,59.08,20.1,40.19,0.93,Germany
2008-12-19,52.69,21.5,39.52,0.93,Germany
2008-12-20,42.69,20.7,39.04,0.93,Germany
2008-12-21,32.7,19.9,38.56,0.93,Germany
2008-12-22,22.7,19.1,38.08,0.93,Germany
2008-12-23,43.41,18.55,35.27,0.92,Germany
2008-12-24,29.89,20.75,34.45,0.91,Germany
2008-12-25,24.25,20.75,34.45,0.9,Germany
2008-12-26,31.34,20.75,33.73,0.89,Germany
2008-12-27,37.92,21.45,33.87,0.88,Germany
2008-12-28,44.5,22.15,34.02,0.88,Germany
2008-12-29,51.08,22.85,34.16,0.88,Germany
2008-12-30,51.91,22.5,35.22,0.87,Germany
2008-12-31,41.38,20.85,35.82,0.86,Germany
2009-01-01,41.96,20.85,35.82,0.83,Germany
2009-01-02,53.74,22.6,42.94,0.84,Germany
2009-01-03,53.26,22.5,43.91,0.85,Germany
2009-01-04,52.79,22.4,44.87,0.85,Germany
2009-01-05,52.31,22.3,45.84,0.85,Germany
2009-01-06,50.3,26.0,48.89,0.85,Germany
2009-01-07,64.74,25.25,46.23,0.84,Germany
2009-01-08,79.45,31.75,42.94,0.85,Germany
2009-01-09,75.03,28.25,42.34,0.88,Germany
2009-01-10,69.28,26.45,41.85,0.88,Germany
2009-01-11,63.54,24.65,41.35,0.88,Germany
2009-01-12,57.79,22.85,40.86,0.88,Germany
2009-01-13,74.18,23.0,43.05,0.89,Germany
2009-01-14,76.55,25.0,42.27,0.91,Germany
2009-01-15,86.36,24.75,42.32,0.91,Germany
2009-01-16,67.95,24.3,43.42,0.91,Germany
2009-01-17,64.1,22.98,43.42,0.91,Germany
2009-01-18,60.24,21.67,43.42,0.91,Germany
2009-01-19,56.39,20.35,43.42,0.9,Germany
2009-01-20,58.83,20.0,41.22,0.9,Germany
2009-01-21,60.53,19.3,39.9,0.9,Germany
2009-01-22,55.04,19.0,42.42,0.91,Germany
2009-01-23,49.46,21.25,43.13,0.9,Germany
2009-01-24,53.49,21.17,44.75,0.9,Germany
2009-01-25,57.53,21.08,46.38,0.9,Germany
2009-01-26,61.56,21.0,48.0,0.9,Germany
2009-01-27,62.52,21.6,42.86,0.9,Germany
2009-01-28,62.13,22.75,42.86,0.89,Germany
2009-01-29,69.9,24.0,43.13,0.89,Germany
2009-01-30,60.33,24.8,44.17,0.89,Germany
2009-01-31,56.71,24.53,43.77,0.89,Germany
2009-02-01,53.09,24.27,43.36,0.88,Germany
2009-02-02,49.47,24.0,42.96,0.88,Germany
2009-02-03,60.44,22.4,43.15,0.88,Germany
2009-02-04,64.03,22.45,43.68,0.86,Germany
2009-02-05,57.35,22.0,43.92,0.86,Germany
2009-02-06,55.5,22.55,44.49,0.85,Germany
2009-02-07,57.49,22.53,45.4,0.85,Germany
2009-02-08,59.48,22.52,46.32,0.84,Germany
2009-02-09,61.47,22.5,47.23,0.84,Germany
2009-02-10,46.29,22.25,45.88,0.84,Germany
2009-02-11,49.0,20.0,44.24,0.85,Germany
2009-02-12,52.18,18.25,47.23,0.86,Germany
2009-02-13,55.92,16.25,43.36,0.85,Germany
2009-02-14,59.25,15.75,43.36,0.85,Germany
2009-02-15,62.58,15.25,43.36,0.85,Germany
2009-02-16,65.91,14.75,43.36,0.85,Germany
2009-02-17,52.15,16.6,39.69,0.86,Germany
2009-02-18,51.86,15.9,39.41,0.86,Germany
2009-02-19,52.27,14.75,42.36,0.86,Germany
2009-02-20,48.54,14.5,42.19,0.87,Germany
2009-02-21,44.7,14.17,41.88,0.87,Germany
2009-02-22,40.85,13.83,41.58,0.87,Germany
2009-02-23,37.01,13.5,41.27,0.86,Germany
2009-02-24,49.31,13.5,40.18,0.86,Germany
2009-02-25,41.88,12.9,42.37,0.84,Germany
2009-02-26,38.04,13.7,45.15,0.84,Germany
2009-02-27,40.9,11.75,44.41,0.83,Germany
2009-02-28,42.93,12.18,43.81,0.83,Germany
2009-03-01,44.97,12.62,43.2,0.84,Germany
2009-03-02,47.0,13.05,42.6,0.84,Germany
2009-03-03,40.58,13.4,42.72,0.83,Germany
2009-03-04,40.8,13.35,46.07,0.82,Germany
2009-03-05,44.33,12.5,44.45,0.83,Germany
2009-03-06,40.48,12.75,43.48,0.84,Germany
2009-03-07,39.72,12.72,43.84,0.84,Germany
2009-03-08,38.95,12.68,44.19,0.83,Germany
2009-03-09,38.19,12.65,44.55,0.83,Germany
2009-03-10,42.3,12.6,44.99,0.82,Germany
2009-03-11,41.79,11.8,43.2,0.84,Germany
2009-03-12,41.42,11.2,42.19,0.84,Germany
2009-03-13,42.85,10.75,44.97,0.82,Germany
2009-03-14,41.3,11.18,44.69,0.81,Germany
2009-03-15,39.74,11.62,44.4,0.81,Germany
2009-03-16,38.19,12.05,44.12,0.8,Germany
2009-03-17,37.34,12.25,45.53,0.78,Germany
2009-03-18,36.82,11.5,45.22,0.83,Germany
2009-03-19,38.2,11.5,48.03,0.84,Germany
2009-03-20,39.4,11.9,49.27,0.84,Germany
2009-03-21,36.49,12.18,50.13,0.84,Germany
2009-03-22,33.58,12.47,50.98,0.85,Germany
2009-03-23,30.67,12.75,51.84,0.85,Germany
2009-03-24,38.77,13.25,51.32,0.84,Germany
2009-03-25,40.46,12.15,51.46,0.82,Germany
2009-03-26,40.44,12.25,51.89,0.81,Germany
2009-03-27,35.54,11.95,50.81,0.84,Germany
2009-03-28,37.67,11.63,50.22,0.84,Germany
2009-03-29,39.8,11.32,49.64,0.84,Germany
2009-03-30,41.93,11.0,49.05,0.84,Germany
2009-03-31,38.96,11.8,46.13,0.84,Germany
2009-04-01,40.57,12.55,45.92,0.83,Germany
2009-04-02,38.14,11.7,50.89,0.84,Germany
2009-04-03,37.59,12.05,50.48,0.84,Germany
2009-04-04,37.68,12.03,50.62,0.83,Germany
2009-04-05,37.78,12.02,50.77,0.83,Germany
2009-04-06,37.87,12.0,50.91,0.82,Germany
2009-04-07,31.87,12.1,50.62,0.82,Germany
2009-04-08,35.54,11.7,52.06,0.81,Germany
2009-04-09,34.63,11.2,52.33,0.79,Germany
2009-04-10,28.88,11.2,52.33,0.77,Germany
2009-04-11,26.92,11.2,51.8,0.77,Germany
2009-04-12,24.96,11.2,51.26,0.76,Germany
2009-04-13,23.0,11.2,50.73,0.76,Germany
2009-04-14,36.24,11.15,52.06,0.76,Germany
2009-04-15,31.55,11.25,51.31,0.76,Germany
2009-04-16,33.65,10.9,51.83,0.74,Germany
2009-04-17,32.7,11.0,52.02,0.73,Germany
2009-04-18,34.6,10.88,51.03,0.73,Germany
2009-04-19,36.51,10.77,50.05,0.74,Germany
2009-04-20,38.41,10.65,49.06,0.74,Germany
2009-04-21,38.78,10.2,48.69,0.73,Germany
2009-04-22,37.26,11.1,48.5,0.7,Germany
2009-04-23,39.91,11.3,48.29,0.7,Germany
2009-04-24,38.3,11.5,50.29,0.68,Germany
2009-04-25,36.82,11.58,49.75,0.68,Germany
2009-04-26,35.33,11.67,49.21,0.68,Germany
2009-04-27,33.85,11.75,48.67,0.68,Germany
2009-04-28,39.64,11.2,48.64,0.68,Germany
2009-04-29,40.23,11.2,50.22,0.66,Germany
2009-04-30,37.18,10.3,50.3,0.64,Germany
2009-05-01,24.04,11.0,51.75,0.63,Germany
2009-05-02,21.71,11.25,52.25,0.63,Germany
2009-05-03,19.39,11.5,52.76,0.63,Germany
2009-05-04,17.06,11.75,53.26,0.63,Germany
2009-05-05,36.72,11.1,53.16,0.61,Germany
2009-05-06,36.46,11.35,55.07,0.57,Germany
2009-05-07,37.23,11.3,56.63,0.59,Germany
2009-05-08,34.88,10.9,56.02,0.59,Germany
2009-05-09,34.25,10.85,56.01,0.6,Germany
2009-05-10,33.63,10.8,56.0,0.6,Germany
2009-05-11,33.0,10.75,55.99,0.6,Germany
2009-05-12,33.14,10.95,56.52,0.6,Germany
2009-05-13,35.23,11.25,56.84,0.61,Germany
2009-05-14,32.34,11.0,56.25,0.6,Germany
2009-05-15,30.97,11.2,56.33,0.61,Germany
2009-05-16,32.9,11.22,56.39,0.62,Germany
2009-05-17,34.82,11.23,56.45,0.62,Germany
2009-05-18,36.75,11.25,56.51,0.62,Germany
2009-05-19,41.05,11.75,57.12,0.62,Germany
2009-05-20,38.49,11.0,59.1,0.61,Germany
2009-05-21,35.08,11.15,58.02,0.59,Germany
2009-05-22,29.03,11.15,58.7,0.6,Germany
2009-05-23,32.27,11.15,58.7,0.6,Germany
2009-05-24,35.51,11.15,58.7,0.6,Germany
2009-05-25,38.75,11.15,58.7,0.59,Germany
2009-05-26,30.46,10.3,59.05,0.55,Germany
2009-05-27,32.57,10.35,61.28,0.57,Germany
2009-05-28,34.39,10.5,63.47,0.56,Germany
2009-05-29,31.57,10.05,64.98,0.55,Germany
2009-05-30,27.16,10.27,65.52,0.56,Germany
2009-05-31,22.74,10.48,66.06,0.56,Germany
2009-06-01,18.33,10.7,66.6,0.56,Germany
2009-06-02,33.45,10.8,67.67,0.56,Germany
2009-06-03,30.31,10.8,66.15,0.58,Germany
2009-06-04,37.25,11.0,67.68,0.56,Germany
2009-06-05,38.32,10.55,67.77,0.56,Germany
2009-06-06,38.44,10.57,67.72,0.56,Germany
2009-06-07,38.55,10.58,67.66,0.56,Germany
2009-06-08,38.67,10.6,67.61,0.56,Germany
2009-06-09,39.39,11.0,68.94,0.54,Germany
2009-06-10,36.8,11.2,70.52,0.53,Germany
2009-06-11,30.94,10.85,71.71,0.51,Germany
2009-06-12,26.66,10.8,70.62,0.49,Germany
2009-06-13,31.46,10.82,69.91,0.51,Germany
2009-06-14,36.26,10.83,69.2,0.53,Germany
2009-06-15,41.06,10.85,68.49,0.55,Germany
2009-06-16,40.13,10.9,70.52,0.54,Germany
2009-06-17,35.8,11.3,68.95,0.53,Germany
2009-06-18,37.75,11.25,69.96,0.53,Germany
2009-06-19,34.6,10.9,70.48,0.51,Germany
2009-06-20,33.95,10.86,69.03,0.51,Germany
2009-06-21,33.29,10.82,67.58,0.52,Germany
2009-06-22,32.64,10.78,66.13,0.52,Germany
2009-06-23,33.85,10.85,66.36,0.53,Germany
2009-06-24,33.87,10.9,68.47,0.53,Germany
2009-06-25,37.11,10.3,68.82,0.56,Germany
2009-06-26,36.05,10.1,68.1,0.57,Germany
2009-06-27,36.71,10.37,68.65,0.57,Germany
2009-06-28,37.36,10.63,69.2,0.57,Germany
2009-06-29,38.02,10.9,69.75,0.57,Germany
2009-06-30,41.88,10.2,68.11,0.56,Germany
2009-07-01,47.69,9.85,68.52,0.57,Germany
2009-07-02,46.9,10.4,65.74,0.62,Germany
2009-07-03,44.19,10.5,65.74,0.61,Germany
2009-07-04,44.19,10.38,64.87,0.61,Germany
2009-07-05,44.18,10.27,63.99,0.61,Germany
2009-07-06,44.18,10.15,63.12,0.61,Germany
2009-07-07,36.99,10.3,61.54,0.6,Germany
2009-07-08,38.84,10.35,59.71,0.6,Germany
2009-07-09,35.98,9.9,59.17,0.61,Germany
2009-07-10,32.85,9.3,58.43,0.61,Germany
2009-07-11,34.95,9.17,58.37,0.61,Germany
2009-07-12,37.05,9.03,58.31,0.6,Germany
2009-07-13,39.15,8.9,58.25,0.6,Germany
2009-07-14,37.26,9.0,60.48,0.59,Germany
2009-07-15,41.22,8.55,61.25,0.62,Germany
2009-07-16,40.11,8.65,62.02,0.59,Germany
2009-07-17,35.38,8.05,63.54,0.57,Germany
2009-07-18,35.26,8.23,63.91,0.57,Germany
2009-07-19,35.13,8.42,64.27,0.57,Germany
2009-07-20,35.01,8.6,64.64,0.56,Germany
2009-07-21,36.4,9.25,65.93,0.53,Germany
2009-07-22,36.01,9.15,65.36,0.49,Germany
2009-07-23,38.22,9.45,68.06,0.49,Germany
2009-07-24,36.11,9.0,68.82,0.47,Germany
2009-07-25,35.85,9.13,69.14,0.46,Germany
2009-07-26,35.58,9.27,69.46,0.45,Germany
2009-07-27,35.32,9.4,69.78,0.44,Germany
2009-07-28,34.36,9.4,68.53,0.43,Germany
2009-07-29,33.22,9.4,65.79,0.42,Germany
2009-07-30,27.29,9.65,68.82,0.42,Germany
2009-07-31,34.28,8.85,70.08,0.43,Germany
2009-08-01,33.78,8.8,71.02,0.43,Germany
2009-08-02,33.29,8.75,71.96,0.43,Germany
2009-08-03,32.79,8.7,72.9,0.44,Germany
2009-08-04,35.84,9.4,73.82,0.4,Germany
2009-08-05,32.68,9.3,74.39,0.38,Germany
2009-08-06,36.62,9.25,74.61,0.38,Germany
2009-08-07,34.19,9.1,74.21,0.42,Germany
2009-08-08,34.8,9.15,74.07,0.42,Germany
2009-08-09,35.41,9.2,73.93,0.43,Germany
2009-08-10,36.02,9.25,73.79,0.43,Germany
2009-08-11,34.07,9.6,71.58,0.43,Germany
2009-08-12,31.99,9.35,74.03,0.42,Germany
2009-08-13,33.35,9.75,73.76,0.4,Germany
2009-08-14,36.71,9.4,71.33,0.41,Germany
2009-08-15,36.56,9.25,70.44,0.41,Germany
2009-08-16,36.41,9.1,69.54,0.42,Germany
2009-08-17,36.26,8.95,68.65,0.42,Germany
2009-08-18,40.87,9.2,68.66,0.43,Germany
2009-08-19,39.45,9.05,72.81,0.43,Germany
2009-08-20,38.21,9.05,73.75,0.42,Germany
2009-08-21,44.71,8.5,73.71,0.43,Germany
2009-08-22,44.87,8.07,73.92,0.42,Germany
2009-08-23,45.02,7.63,74.13,0.42,Germany
2009-08-24,45.18,7.2,74.34,0.41,Germany
2009-08-25,51.77,8.1,73.1,0.38,Germany
2009-08-26,49.83,7.45,70.74,0.36,Germany
2009-08-27,53.59,7.35,70.68,0.34,Germany
2009-08-28,41.53,8.2,72.8,0.32,Germany
2009-08-29,41.74,8.2,71.54,0.31,Germany
2009-08-30,41.96,8.2,70.28,0.31,Germany
2009-08-31,42.17,8.2,69.02,0.3,Germany
2009-09-01,37.25,8.9,68.78,0.29,Germany
2009-09-02,40.92,10.0,67.6,0.27,Germany
2009-09-03,37.92,8.5,66.78,0.26,Germany
2009-09-04,30.56,8.75,65.84,0.24,Germany
2009-09-05,33.37,9.07,65.84,0.24,Germany
2009-09-06,36.17,9.38,65.84,0.23,Germany
2009-09-07,38.98,9.7,65.84,0.23,Germany
2009-09-08,46.71,9.85,69.2,0.2,Germany
2009-09-09,45.31,9.1,69.76,0.19,Germany
2009-09-10,43.34,9.4,68.96,0.2,Germany
2009-09-11,40.05,9.2,68.76,0.19,Germany
2009-09-12,38.68,9.07,68.14,0.2,Germany
2009-09-13,37.3,8.93,67.53,0.2,Germany
2009-09-14,35.93,8.8,66.91,0.2,Germany
2009-09-15,35.43,9.9,66.53,0.21,Germany
2009-09-16,37.52,10.15,68.51,0.22,Germany
2009-09-17,42.98,9.8,71.56,0.23,Germany
2009-09-18,41.07,9.85,70.72,0.22,Germany
2009-09-19,43.48,9.83,69.85,0.22,Germany
2009-09-20,45.9,9.82,68.98,0.22,Germany
2009-09-21,48.31,9.8,68.11,0.22,Germany
2009-09-22,43.28,9.35,69.65,0.21,Germany
2009-09-23,42.77,9.05,67.43,0.2,Germany
2009-09-24,46.43,10.1,64.99,0.22,Germany
2009-09-25,43.89,9.0,64.6,0.22,Germany
2009-09-26,44.54,9.32,64.88,0.23,Germany
2009-09-27,45.18,9.63,65.15,0.23,Germany
2009-09-28,45.83,9.95,65.43,0.24,Germany
2009-09-29,50.35,10.05,64.63,0.24,Germany
2009-09-30,63.14,8.0,65.82,0.23,Germany
2009-10-01,43.97,7.85,67.12,0.24,Germany
2009-10-02,48.63,7.3,66.5,0.26,Germany
2009-10-03,49.92,7.23,66.09,0.26,Germany
2009-10-04,51.21,7.17,65.67,0.26,Germany
2009-10-05,52.5,7.1,65.26,0.26,Germany
2009-10-06,61.69,8.35,68.51,0.27,Germany
2009-10-07,55.54,8.6,67.65,0.27,Germany
2009-10-08,53.77,8.3,68.47,0.25,Germany
2009-10-09,48.91,9.35,69.45,0.27,Germany
2009-10-10,45.43,9.93,69.88,0.27,Germany
2009-10-11,41.96,10.52,70.32,0.27,Germany
2009-10-12,38.48,11.1,70.75,0.27,Germany
2009-10-13,41.51,11.9,70.81,0.26,Germany
2009-10-14,45.5,12.75,72.16,0.27,Germany
2009-10-15,48.12,10.75,73.14,0.31,Germany
2009-10-16,41.89,10.65,74.58,0.31,Germany
2009-10-17,47.87,10.83,75.01,0.31,Germany
2009-10-18,53.86,11.02,75.43,0.31,Germany
2009-10-19,59.84,11.2,75.86,0.31,Germany
2009-10-20,51.82,11.7,76.51,0.31,Germany
2009-10-21,51.69,11.95,77.74,0.31,Germany
2009-10-22,50.64,11.8,78.36,0.31,Germany
2009-10-23,57.32,11.35,77.72,0.31,Germany
2009-10-24,51.36,11.27,77.3,0.31,Germany
2009-10-25,45.41,11.18,76.87,0.31,Germany
2009-10-26,39.45,11.1,76.45,0.31,Germany
2009-10-27,57.01,11.0,76.69,0.32,Germany
2009-10-28,56.49,10.9,75.11,0.36,Germany
2009-10-29,59.02,11.6,77.18,0.37,Germany
2009-10-30,43.62,10.9,74.91,0.39,Germany
2009-10-31,46.31,10.47,75.13,0.39,Germany
2009-11-01,49.0,10.03,75.34,0.39,Germany
2009-11-02,51.69,9.6,75.56,0.39,Germany
2009-11-03,48.19,9.7,75.68,0.41,Germany
2009-11-04,38.04,10.0,78.21,0.42,Germany
2009-11-05,39.29,10.15,78.02,0.42,Germany
2009-11-06,41.91,10.4,75.51,0.41,Germany
2009-11-07,40.43,10.62,76.07,0.41,Germany
2009-11-08,38.96,10.83,76.62,0.41,Germany
2009-11-09,37.48,11.05,77.18,0.41,Germany
2009-11-10,48.74,10.9,77.07,0.41,Germany
2009-11-11,41.21,10.3,76.99,0.4,Germany
2009-11-12,46.18,9.8,75.18,0.4,Germany
2009-11-13,39.23,8.75,74.81,0.39,Germany
2009-11-14,39.14,8.97,75.59,0.39,Germany
2009-11-15,39.04,9.18,76.36,0.38,Germany
2009-11-16,38.95,9.4,77.14,0.38,Germany
2009-11-17,39.55,9.6,77.36,0.37,Germany
2009-11-18,33.51,9.75,78.64,0.36,Germany
2009-11-19,35.96,9.1,76.45,0.37,Germany
2009-11-20,33.38,9.05,75.61,0.35,Germany
2009-11-21,30.91,9.2,76.45,0.35,Germany
2009-11-22,28.44,9.35,77.3,0.35,Germany
2009-11-23,25.97,9.5,78.14,0.35,Germany
2009-11-24,23.08,9.55,75.35,0.33,Germany
2009-11-25,32.37,9.65,76.57,0.33,Germany
2009-11-26,32.59,9.3,76.57,0.4,Germany
2009-11-27,32.32,10.2,76.0,0.4,Germany
2009-11-28,35.85,9.72,76.59,0.4,Germany
2009-11-29,39.39,9.23,77.18,0.4,Germany
2009-11-30,42.92,8.75,77.77,0.4,Germany
2009-12-01,39.44,10.1,78.68,0.4,Germany
2009-12-02,42.1,8.9,76.96,0.39,Germany
2009-12-03,34.7,9.05,77.76,0.38,Germany
2009-12-04,43.83,9.05,77.74,0.4,Germany
2009-12-05,41.89,9.28,77.22,0.39,Germany
2009-12-06,39.96,9.52,76.7,0.38,Germany
2009-12-07,38.02,9.75,76.18,0.38,Germany
2009-12-08,38.27,11.0,74.93,0.39,Germany
2009-12-09,44.75,10.6,73.63,0.39,Germany
2009-12-10,41.28,10.6,70.91,0.37,Germany
2009-12-11,40.63,11.1,70.07,0.37,Germany
2009-12-12,43.23,11.27,70.44,0.36,Germany
2009-12-13,45.83,11.43,70.82,0.35,Germany
2009-12-14,48.43,11.6,71.19,0.35,Germany
2009-12-15,56.39,11.45,71.33,0.34,Germany
2009-12-16,59.71,12.35,73.34,0.33,Germany
2009-12-17,49.11,12.2,71.28,0.34,Germany
2009-12-18,42.81,12.3,71.87,0.33,Germany
2009-12-19,41.33,12.4,72.16,0.33,Germany
2009-12-20,39.85,12.5,72.45,0.32,Germany
2009-12-21,38.37,12.6,72.74,0.32,Germany
2009-12-22,40.44,12.35,71.64,0.3,Germany
2009-12-23,39.57,11.75,73.87,0.3,Germany
2009-12-24,34.17,12.0,75.15,0.29,Germany
2009-12-25,7.21,12.0,75.15,0.26,Germany
2009-12-26,16.81,12.0,75.63,0.25,Germany
2009-12-27,26.41,12.0,76.11,0.24,Germany
2009-12-28,36.01,12.0,76.59,0.23,Germany
2009-12-29,34.56,12.5,76.65,0.2,Germany
2009-12-30,31.55,12.65,77.62,0.19,Germany
2009-12-31,27.26,14.3,77.91,0.18,Germany
2010-01-01,21.05,14.3,77.91,0.17,Germany
2010-01-02,27.37,14.7,78.29,0.17,Germany
2010-01-03,33.7,15.1,78.67,0.17,Germany
2010-01-04,40.02,15.5,79.05,0.18,Germany
2010-01-05,43.71,14.0,79.27,0.17,Germany
2010-01-06,44.42,14.6,80.14,0.17,Germany
2010-01-07,50.59,16.1,80.57,0.16,Germany
2010-01-08,46.37,14.25,80.06,0.15,Germany
2010-01-09,46.02,14.98,80.09,0.15,Germany
2010-01-10,45.66,15.72,80.11,0.15,Germany
2010-01-11,45.31,16.45,80.14,0.14,Germany
2010-01-12,53.26,14.0,79.38,0.14,Germany
2010-01-13,44.14,13.35,77.57,0.15,Germany
2010-01-14,47.75,13.15,77.61,0.15,Germany
2010-01-15,49.9,12.9,76.85,0.15,Germany
2010-01-16,48.93,12.83,76.85,0.15,Germany
2010-01-17,47.95,12.77,76.85,0.15,Germany
2010-01-18,46.98,12.7,76.85,0.15,Germany
2010-01-19,45.97,13.35,75.18,0.15,Germany
2010-01-20,43.89,13.5,75.09,0.18,Germany
2010-01-21,45.54,13.35,74.13,0.21,Germany
2010-01-22,43.53,13.5,72.73,0.23,Germany
2010-01-23,45.05,14.0,72.55,0.23,Germany
2010-01-24,46.56,14.5,72.36,0.24,Germany
2010-01-25,48.08,15.0,72.18,0.24,Germany
2010-01-26,54.07,15.4,72.63,0.25,Germany
2010-01-27,45.9,15.75,72.75,0.25,Germany
2010-01-28,41.09,15.65,70.65,0.25,Germany
2010-01-29,49.18,16.45,71.2,0.25,Germany
2010-01-30,47.98,15.75,71.33,0.24,Germany
2010-01-31,46.78,15.05,71.45,0.24,Germany
2010-02-01,45.58,14.35,71.58,0.24,Germany
2010-02-02,40.75,13.8,73.94,0.23,Germany
2010-02-03,43.61,13.45,75.77,0.21,Germany
2010-02-04,47.99,13.85,71.3,0.24,Germany
2010-02-05,41.63,14.2,70.11,0.23,Germany
2010-02-06,44.96,14.5,69.95,0.22,Germany
2010-02-07,48.28,14.8,69.78,0.22,Germany
2010-02-08,51.61,15.1,69.62,0.22,Germany
2010-02-09,51.34,15.5,70.4,0.22,Germany
2010-02-10,51.4,14.25,70.4,0.23,Germany
2010-02-11,47.66,14.1,72.35,0.24,Germany
2010-02-12,46.12,14.8,71.49,0.24,Germany
2010-02-13,47.77,14.72,71.49,0.24,Germany
2010-02-14,49.42,14.63,71.49,0.23,Germany
2010-02-15,51.07,14.55,71.49,0.23,Germany
2010-02-16,49.71,14.2,74.82,0.25,Germany
2010-02-17,49.27,13.7,74.89,0.26,Germany
2010-02-18,46.71,13.25,76.61,0.25,Germany
2010-02-19,41.57,13.3,76.88,0.25,Germany
2010-02-20,40.36,13.07,76.9,0.25,Germany
2010-02-21,39.14,12.83,76.93,0.24,Germany
2010-02-22,37.93,12.6,76.95,0.24,Germany
2010-02-23,40.87,12.45,76.44,0.27,Germany
2010-02-24,38.19,12.7,77.0,0.26,Germany
2010-02-25,35.64,11.95,74.38,0.28,Germany
2010-02-26,37.59,12.2,76.36,0.28,Germany
2010-02-27,36.0,12.2,76.26,0.28,Germany
2010-02-28,34.42,12.2,76.17,0.28,Germany
2010-03-01,32.83,12.2,76.07,0.28,Germany
2010-03-02,41.57,12.1,77.5,0.27,Germany
2010-03-03,38.57,12.5,78.66,0.25,Germany
2010-03-04,42.67,12.03,77.88,0.24,Germany
2010-03-05,41.56,12.15,79.2,0.26,Germany
2010-03-06,45.05,12.3,79.11,0.26,Germany
2010-03-07,48.54,12.45,79.03,0.25,Germany
2010-03-08,52.03,12.6,78.94,0.24,Germany
2010-03-09,54.0,12.55,78.77,0.23,Germany
2010-03-10,50.99,12.88,80.29,0.22,Germany
2010-03-11,51.01,12.65,79.44,0.21,Germany
2010-03-12,43.19,12.4,79.38,0.19,Germany
2010-03-13,43.93,12.52,78.61,0.19,Germany
2010-03-14,44.67,12.63,77.85,0.18,Germany
2010-03-15,45.41,12.75,77.08,0.18,Germany
2010-03-16,48.64,12.05,79.45,0.18,Germany
2010-03-17,40.74,11.35,80.28,0.17,Germany
2010-03-18,41.27,10.4,80.09,0.16,Germany
2010-03-19,35.67,10.9,78.37,0.16,Germany
2010-03-20,38.41,11.02,78.28,0.16,Germany
2010-03-21,41.15,11.13,78.18,0.15,Germany
2010-03-22,43.89,11.25,78.09,0.15,Germany
2010-03-23,37.26,11.25,79.17,0.13,Germany
2010-03-24,36.07,11.2,78.03,0.13,Germany
2010-03-25,35.38,11.0,78.64,0.12,Germany
2010-03-26,37.32,11.8,77.98,0.13,Germany
2010-03-27,36.85,11.82,78.62,0.12,Germany
2010-03-28,36.39,11.83,79.25,0.12,Germany
2010-03-29,35.92,11.85,79.89,0.12,Germany
2010-03-30,36.9,12.25,79.46,0.13,Germany
2010-03-31,36.17,12.85,80.37,0.13,Germany
2010-04-01,38.8,13.05,82.63,0.14,Germany
2010-04-02,39.18,13.05,82.63,0.14,Germany
2010-04-03,36.27,13.05,83.25,0.14,Germany
2010-04-04,33.35,13.05,83.86,0.14,Germany
2010-04-05,30.44,13.05,84.48,0.14,Germany
2010-04-06,49.87,12.75,85.05,0.13,Germany
2010-04-07,43.86,13.2,84.49,0.13,Germany
2010-04-08,43.43,13.0,82.63,0.12,Germany
2010-04-09,43.32,14.0,82.77,0.13,Germany
2010-04-10,42.8,13.97,83.58,0.13,Germany
2010-04-11,42.28,13.93,84.4,0.14,Germany
2010-04-12,41.76,13.9,85.21,0.15,Germany
2010-04-13,45.93,14.0,83.44,0.14,Germany
2010-04-14,46.22,14.35,85.81,0.13,Germany
2010-04-15,48.34,13.85,86.9,0.14,Germany
2010-04-16,41.61,13.15,84.81,0.15,Germany
2010-04-17,42.76,12.97,84.24,0.15,Germany
2010-04-18,43.91,12.78,83.66,0.15,Germany
2010-04-19,45.06,12.6,83.09,0.15,Germany
2010-04-20,42.62,12.9,84.73,0.15,Germany
2010-04-21,40.42,13.2,84.55,0.16,Germany
2010-04-22,42.14,12.6,84.58,0.17,Germany
2010-04-23,44.48,13.0,86.09,0.18,Germany
2010-04-24,43.04,13.15,86.3,0.18,Germany
2010-04-25,41.61,13.3,86.51,0.18,Germany
2010-04-26,40.17,13.45,86.72,0.18,Germany
2010-04-27,41.62,14.05,85.59,0.23,Germany
2010-04-28,43.98,14.4,84.59,0.25,Germany
2010-04-29,41.14,14.0,86.82,0.26,Germany
2010-04-30,39.62,15.3,86.19,0.27,Germany
2010-05-01,41.58,15.3,86.82,0.27,Germany
2010-05-02,43.53,15.3,87.46,0.27,Germany
2010-05-03,45.49,15.3,88.09,0.27,Germany
2010-05-04,44.52,17.4,85.39,0.33,Germany
2010-05-05,46.45,16.8,82.31,0.37,Germany
2010-05-06,46.31,17.9,80.21,0.4,Germany
2010-05-07,48.89,18.35,76.48,0.43,Germany
2010-05-08,49.35,18.27,77.01,0.43,Germany
2010-05-09,49.82,18.18,77.55,0.43,Germany
2010-05-10,50.28,18.1,78.08,0.43,Germany
2010-05-11,50.96,17.55,79.0,0.46,Germany
2010-05-12,48.93,17.35,78.7,0.46,Germany
2010-05-13,44.8,17.0,79.41,0.47,Germany
2010-05-14,47.44,16.95,76.43,0.49,Germany
2010-05-15,46.98,16.85,75.58,0.49,Germany
2010-05-16,46.53,16.75,74.72,0.5,Germany
2010-05-17,46.07,16.65,73.87,0.5,Germany
2010-05-18,47.61,16.45,75.12,0.48,Germany
2010-05-19,46.27,16.7,71.86,0.51,Germany
2010-05-20,48.52,16.4,69.56,0.53,Germany
2010-05-21,48.27,15.1,70.45,0.54,Germany
2010-05-22,42.39,15.72,70.17,0.54,Germany
2010-05-23,36.51,16.33,69.9,0.55,Germany
2010-05-24,30.63,16.95,69.62,0.55,Germany
2010-05-25,43.6,16.27,67.18,0.57,Germany
2010-05-26,48.75,16.45,70.59,0.58,Germany
2010-05-27,46.21,15.75,73.56,0.58,Germany
2010-05-28,43.94,16.5,73.0,0.59,Germany
2010-05-29,42.21,16.5,73.0,0.58,Germany
2010-05-30,40.49,16.5,73.0,0.58,Germany
2010-05-31,38.76,16.5,73.0,0.58,Germany
2010-06-01,38.62,16.8,73.08,0.59,Germany
2010-06-02,42.75,16.55,72.78,0.59,Germany
2010-06-03,36.42,17.0,73.12,0.58,Germany
2010-06-04,44.38,18.0,71.84,0.62,Germany
2010-06-05,43.26,18.27,71.59,0.62,Germany
2010-06-06,42.15,18.53,71.34,0.61,Germany
2010-06-07,41.03,18.8,71.09,0.61,Germany
2010-06-08,53.7,19.6,71.43,0.62,Germany
2010-06-09,47.42,19.0,73.68,0.6,Germany
2010-06-10,48.24,18.45,74.33,0.6,Germany
2010-06-11,47.68,19.75,73.28,0.59,Germany
2010-06-12,46.32,19.7,73.89,0.59,Germany
2010-06-13,44.96,19.65,74.5,0.59,Germany
2010-06-14,43.6,19.6,75.11,0.59,Germany
2010-06-15,45.57,20.6,75.29,0.56,Germany
2010-06-16,46.59,20.0,76.12,0.54,Germany
2010-06-17,48.97,20.25,77.52,0.52,Germany
2010-06-18,45.94,21.0,77.05,0.49,Germany
2010-06-19,45.73,20.83,77.54,0.49,Germany
2010-06-20,45.53,20.67,78.04,0.48,Germany
2010-06-21,45.32,20.5,78.53,0.47,Germany
2010-06-22,48.16,19.85,78.08,0.46,Germany
2010-06-23,48.78,19.0,75.22,0.46,Germany
2010-06-24,53.21,19.0,75.17,0.46,Germany
2010-06-25,45.98,19.1,76.21,0.43,Germany
2010-06-26,47.65,19.23,76.36,0.44,Germany
2010-06-27,49.32,19.37,76.51,0.44,Germany
2010-06-28,50.99,19.5,76.66,0.44,Germany
2010-06-29,46.92,20.05,74.21,0.5,Germany
2010-06-30,51.17,20.5,74.94,0.49,Germany
2010-07-01,53.57,20.1,71.73,0.52,Germany
2010-07-02,51.63,21.15,71.75,0.51,Germany
2010-07-03,51.22,21.13,71.75,0.5,Germany
2010-07-04,50.82,21.12,71.75,0.5,Germany
2010-07-05,50.41,21.1,71.75,0.5,Germany
2010-07-06,47.21,21.7,73.08,0.49,Germany
2010-07-07,49.34,21.0,72.97,0.47,Germany
2010-07-08,52.23,21.38,74.56,0.46,Germany
2010-07-09,54.19,21.15,75.2,0.42,Germany
2010-07-10,53.68,21.27,74.92,0.41,Germany
2010-07-11,53.16,21.38,74.63,0.4,Germany
2010-07-12,52.65,21.5,74.35,0.4,Germany
2010-07-13,53.29,21.2,76.45,0.4,Germany
2010-07-14,50.96,20.45,76.63,0.38,Germany
2010-07-15,49.09,19.7,75.52,0.37,Germany
2010-07-16,48.99,19.3,75.55,0.41,Germany
2010-07-17,48.73,19.4,75.8,0.4,Germany
2010-07-18,48.48,19.5,76.04,0.4,Germany
2010-07-19,48.22,19.6,76.29,0.39,Germany
2010-07-20,50.13,18.2,76.31,0.38,Germany
2010-07-21,48.81,17.5,75.75,0.36,Germany
2010-07-22,48.92,17.6,77.59,0.36,Germany
2010-07-23,46.94,18.5,77.27,0.36,Germany
2010-07-24,46.33,18.23,77.48,0.36,Germany
2010-07-25,45.72,17.97,77.69,0.36,Germany
2010-07-26,45.11,17.7,77.9,0.35,Germany
2010-07-27,45.26,16.8,75.52,0.35,Germany
2010-07-28,42.88,17.5,76.66,0.32,Germany
2010-07-29,44.05,17.4,78.6,0.31,Germany
2010-07-30,39.27,17.8,77.5,0.31,Germany
2010-07-31,39.76,17.72,78.98,0.32,Germany
2010-08-01,40.26,17.63,80.45,0.33,Germany
2010-08-02,40.75,17.55,81.93,0.34,Germany
2010-08-03,41.38,17.95,83.6,0.34,Germany
2010-08-04,39.21,18.2,83.76,0.33,Germany
2010-08-05,38.51,18.3,82.9,0.32,Germany
2010-08-06,40.56,18.25,81.28,0.32,Germany
2010-08-07,40.46,18.3,81.37,0.31,Germany
2010-08-08,40.35,18.35,81.45,0.31,Germany
2010-08-09,40.25,18.4,81.54,0.3,Germany
2010-08-10,42.91,18.05,79.89,0.28,Germany
2010-08-11,42.53,18.33,77.83,0.41,Germany
2010-08-12,43.97,18.3,76.63,0.42,Germany
2010-08-13,44.77,18.15,75.14,0.42,Germany
2010-08-14,43.64,17.92,74.95,0.42,Germany
2010-08-15,42.51,17.68,74.75,0.42,Germany
2010-08-16,41.38,17.45,74.56,0.41,Germany
2010-08-17,41.35,17.8,76.74,0.42,Germany
2010-08-18,39.57,17.75,75.1,0.41,Germany
2010-08-19,41.04,18.0,74.84,0.41,Germany
2010-08-20,44.81,18.1,73.48,0.42,Germany
2010-08-21,44.74,18.37,73.35,0.41,Germany
2010-08-22,44.66,18.63,73.21,0.41,Germany
2010-08-23,44.59,18.9,73.08,0.4,Germany
2010-08-24,38.86,18.0,70.61,0.44,Germany
2010-08-25,41.34,17.85,70.74,0.42,Germany
2010-08-26,49.1,18.15,74.5,0.4,Germany
2010-08-27,52.34,18.4,75.16,0.38,Germany
2010-08-28,48.96,18.4,75.46,0.38,Germany
2010-08-29,45.58,18.4,75.75,0.38,Germany
2010-08-30,42.2,18.4,76.05,0.38,Germany
2010-08-31,47.78,18.6,75.51,0.37,Germany
2010-09-01,44.82,18.9,75.53,0.42,Germany
2010-09-02,47.05,18.65,74.93,0.4,Germany
2010-09-03,48.04,19.2,75.03,0.4,Germany
2010-09-04,46.5,18.92,75.03,0.39,Germany
2010-09-05,44.95,18.63,75.03,0.39,Germany
2010-09-06,43.41,18.35,75.03,0.38,Germany
2010-09-07,39.39,18.65,75.78,0.45,Germany
2010-09-08,42.0,19.1,77.48,0.44,Germany
2010-09-09,43.99,19.05,77.87,0.43,Germany
2010-09-10,48.43,19.75,77.54,0.42,Germany
2010-09-11,49.24,19.6,77.87,0.42,Germany
2010-09-12,50.05,19.45,78.19,0.43,Germany
2010-09-13,50.86,19.3,78.52,0.43,Germany
2010-09-14,45.74,19.05,78.89,0.41,Germany
2010-09-15,43.89,18.95,78.46,0.43,Germany
2010-09-16,46.27,18.85,78.89,0.43,Germany
2010-09-17,44.77,19.5,77.43,0.42,Germany
2010-09-18,43.91,19.4,78.09,0.41,Germany
2010-09-19,43.05,19.3,78.76,0.41,Germany
2010-09-20,42.19,19.2,79.42,0.41,Germany
2010-09-21,48.35,19.25,78.76,0.39,Germany
2010-09-22,50.6,18.65,77.29,0.44,Germany
2010-09-23,50.78,18.75,77.69,0.44,Germany
2010-09-24,47.92,19.0,78.73,0.45,Germany
2010-09-25,50.15,18.87,78.39,0.44,Germany
2010-09-26,52.37,18.73,78.05,0.43,Germany
2010-09-27,54.6,18.6,77.71,0.43,Germany
2010-09-28,53.47,18.85,79.14,0.42,Germany
2010-09-29,56.27,19.35,78.79,0.39,Germany
2010-09-30,57.25,17.8,80.77,0.36,Germany
2010-10-01,55.24,18.5,82.69,0.32,Germany
2010-10-02,51.29,18.42,82.93,0.32,Germany
2010-10-03,47.33,18.33,83.18,0.33,Germany
2010-10-04,43.38,18.25,83.42,0.33,Germany
2010-10-05,52.08,18.55,83.35,0.36,Germany
2010-10-06,50.02,16.25,85.01,0.36,Germany
2010-10-07,54.81,16.2,83.67,0.35,Germany
2010-10-08,48.38,18.0,83.88,0.33,Germany
2010-10-09,49.96,18.17,83.61,0.32,Germany
2010-10-10,51.55,18.33,83.35,0.31,Germany
2010-10-11,53.13,18.5,83.08,0.3,Germany
2010-10-12,56.17,18.8,82.99,0.29,Germany
2010-10-13,55.68,18.9,84.01,0.29,Germany
2010-10-14,56.39,18.65,83.55,0.28,Germany
2010-10-15,59.66,19.15,81.94,0.29,Germany
2010-10-16,59.13,19.1,82.06,0.29,Germany
2010-10-17,58.61,19.05,82.18,0.28,Germany
2010-10-18,58.08,19.0,82.3,0.27,Germany
2010-10-19,55.5,18.8,81.12,0.28,Germany
2010-10-20,53.59,19.0,81.68,0.29,Germany
2010-10-21,53.31,18.75,81.28,0.3,Germany
2010-10-22,53.97,19.3,80.75,0.27,Germany
2010-10-23,54.18,19.17,81.14,0.27,Germany
2010-10-24,54.38,19.03,81.52,0.27,Germany
2010-10-25,54.59,18.9,81.91,0.26,Germany
2010-10-26,55.26,19.05,82.62,0.26,Germany
2010-10-27,51.95,19.3,81.27,0.24,Germany
2010-10-28,52.39,19.1,82.97,0.22,Germany
2010-10-29,50.62,17.5,82.47,0.21,Germany
2010-10-30,49.84,17.55,83.0,0.2,Germany
2010-10-31,49.06,17.6,83.53,0.2,Germany
2010-11-01,48.28,17.65,84.06,0.2,Germany
2010-11-02,48.04,17.45,84.71,0.2,Germany
2010-11-03,44.76,17.9,85.33,0.2,Germany
2010-11-04,45.36,17.7,86.83,0.2,Germany
2010-11-05,44.5,18.05,87.05,0.23,Germany
2010-11-06,47.8,18.15,87.08,0.23,Germany
2010-11-07,51.1,18.25,87.12,0.23,Germany
2010-11-08,54.4,18.35,87.15,0.23,Germany
2010-11-09,49.28,18.25,87.93,0.23,Germany
2010-11-10,51.21,18.2,87.92,0.24,Germany
2010-11-11,41.8,18.0,88.08,0.25,Germany
2010-11-12,37.75,18.0,86.07,0.25,Germany
2010-11-13,41.02,18.47,85.88,0.25,Germany
2010-11-14,44.3,18.93,85.68,0.25,Germany
2010-11-15,47.57,19.4,85.49,0.25,Germany
2010-11-16,52.12,19.5,83.98,0.26,Germany
2010-11-17,53.16,19.4,83.36,0.26,Germany
2010-11-18,53.37,19.4,83.7,0.29,Germany
2010-11-19,53.58,19.4,83.17,0.29,Germany
2010-11-20,52.55,20.07,82.89,0.29,Germany
2010-11-21,51.52,20.73,82.62,0.29,Germany
2010-11-22,50.49,21.4,82.34,0.29,Germany
2010-11-23,51.87,20.8,82.37,0.37,Germany
2010-11-24,55.55,21.35,84.53,0.38,Germany
2010-11-25,60.94,21.3,84.53,0.38,Germany
2010-11-26,60.02,21.35,84.78,0.37,Germany
2010-11-27,58.82,21.75,85.15,0.38,Germany
2010-11-28,57.62,22.15,85.53,0.38,Germany
2010-11-29,56.42,22.55,85.9,0.39,Germany
2010-11-30,58.98,23.1,86.02,0.43,Germany
2010-12-01,51.69,24.3,88.56,0.47,Germany
2010-12-02,63.92,23.6,89.37,0.48,Germany
2010-12-03,70.94,24.25,90.65,0.48,Germany
2010-12-04,70.68,24.3,90.85,0.47,Germany
2010-12-05,70.41,24.35,91.05,0.47,Germany
2010-12-06,70.15,24.4,91.25,0.47,Germany
2010-12-07,69.47,24.55,90.78,0.47,Germany
2010-12-08,59.38,24.65,89.74,0.45,Germany
2010-12-09,51.68,23.8,89.93,0.43,Germany
2010-12-10,58.04,24.48,89.54,0.43,Germany
2010-12-11,59.92,24.24,89.83,0.43,Germany
2010-12-12,61.79,23.99,90.11,0.43,Germany
2010-12-13,63.67,23.75,90.4,0.43,Germany
2010-12-14,67.06,23.75,90.63,0.41,Germany
2010-12-15,72.06,24.1,91.33,0.4,Germany
2010-12-16,61.01,25.05,91.09,0.37,Germany
2010-12-17,66.95,24.9,91.11,0.35,Germany
2010-12-18,66.32,24.78,91.18,0.35,Germany
2010-12-19,65.68,24.67,91.24,0.35,Germany
2010-12-20,65.05,24.55,91.31,0.35,Germany
2010-12-21,66.69,23.4,93.11,0.32,Germany
2010-12-22,56.63,23.8,93.55,0.3,Germany
2010-12-23,52.8,22.0,93.63,0.26,Germany
2010-12-24,36.51,24.0,93.63,0.22,Germany
2010-12-25,43.16,24.0,93.45,0.22,Germany
2010-12-26,49.8,24.0,93.26,0.22,Germany
2010-12-27,56.45,24.0,93.08,0.21,Germany
2010-12-28,55.51,24.0,93.52,0.2,Germany
2010-12-29,55.47,24.1,93.52,0.19,Germany
2010-12-30,52.51,24.2,92.5,0.19,Germany
2010-12-31,45.62,24.55,93.23,0.18,Germany
2011-01-01,50.37,24.55,94.09,0.18,Germany
2011-01-02,55.11,24.55,94.96,0.18,Germany
2011-01-03,59.86,24.55,95.82,0.18,Germany
2011-01-04,57.64,23.2,93.52,0.18,Germany
2011-01-05,55.08,22.8,95.07,0.19,Germany
2011-01-06,47.28,22.9,94.95,0.18,Germany
2011-01-07,52.23,23.0,94.25,0.19,Germany
2011-01-08,51.12,22.87,94.52,0.19,Germany
2011-01-09,50.01,22.73,94.78,0.19,Germany
2011-01-10,48.9,22.6,95.05,0.19,Germany
2011-01-11,56.77,22.5,96.8,0.2,Germany
2011-01-12,49.48,22.65,97.86,0.26,Germany
2011-01-13,47.51,22.05,97.86,0.29,Germany
2011-01-14,45.59,21.15,97.86,0.3,Germany
2011-01-15,46.46,21.35,97.86,0.3,Germany
2011-01-16,47.32,21.55,97.86,0.3,Germany
2011-01-17,48.19,21.75,97.86,0.3,Germany
2011-01-18,52.94,22.5,97.83,0.3,Germany
2011-01-19,57.14,22.75,98.42,0.29,Germany
2011-01-20,56.6,22.75,96.27,0.29,Germany
2011-01-21,57.29,21.9,96.84,0.28,Germany
2011-01-22,57.58,21.87,96.81,0.27,Germany
2011-01-23,57.88,21.83,96.79,0.27,Germany
2011-01-24,58.17,21.8,96.76,0.26,Germany
2011-01-25,53.98,21.55,96.76,0.25,Germany
2011-01-26,58.99,22.2,96.04,0.23,Germany
2011-01-27,58.27,21.65,96.48,0.21,Germany
2011-01-28,57.58,21.55,97.06,0.23,Germany
2011-01-29,58.97,21.51,97.7,0.23,Germany
2011-01-30,60.37,21.46,98.33,0.23,Germany
2011-01-31,61.76,21.42,98.97,0.23,Germany
2011-02-01,58.82,21.33,100.4,0.26,Germany
2011-02-02,55.55,21.77,101.3,0.24,Germany
2011-02-03,51.43,22.05,101.69,0.26,Germany
2011-02-04,34.06,21.85,99.43,0.24,Germany
2011-02-05,36.72,21.83,99.43,0.24,Germany
2011-02-06,39.37,21.82,99.44,0.23,Germany
2011-02-07,42.03,21.8,99.44,0.22,Germany
2011-02-08,50.14,21.7,99.25,0.2,Germany
2011-02-09,55.32,21.15,100.16,0.19,Germany
2011-02-10,54.05,21.17,100.74,0.19,Germany
2011-02-11,53.69,21.75,99.93,0.17,Germany
2011-02-12,51.54,21.77,100.99,0.17,Germany
2011-02-13,49.4,21.78,102.06,0.17,Germany
2011-02-14,47.25,21.8,103.12,0.17,Germany
2011-02-15,55.33,21.65,102.48,0.15,Germany
2011-02-16,54.76,21.35,102.78,0.15,Germany
2011-02-17,56.58,21.42,103.45,0.13,Germany
2011-02-18,57.42,21.33,102.2,0.13,Germany
2011-02-19,57.85,21.6,102.2,0.12,Germany
2011-02-20,58.28,21.88,102.2,0.11,Germany
2011-02-21,58.71,22.15,102.2,0.11,Germany
2011-02-22,58.77,22.4,106.82,0.1,Germany
2011-02-23,59.18,22.15,109.77,0.09,Germany
2011-02-24,58.31,21.9,113.91,0.1,Germany
2011-02-25,56.31,21.95,111.47,0.09,Germany
2011-02-26,57.59,22.15,111.74,0.09,Germany
2011-02-27,58.87,22.35,112.0,0.09,Germany
2011-02-28,60.15,22.55,112.27,0.09,Germany
2011-03-01,58.25,22.45,113.34,0.09,Germany
2011-03-02,55.93,22.95,116.89,0.08,Germany
2011-03-03,59.12,22.85,114.42,0.09,Germany
2011-03-04,59.81,23.4,115.71,0.08,Germany
2011-03-05,58.73,23.45,116.0,0.09,Germany
2011-03-06,57.66,23.5,116.29,0.09,Germany
2011-03-07,56.58,23.55,116.58,0.1,Germany
2011-03-08,53.02,23.35,112.32,0.1,Germany
2011-03-09,54.7,23.3,115.19,0.1,Germany
2011-03-10,50.29,22.85,114.07,0.09,Germany
2011-03-11,54.41,23.45,114.07,0.1,Germany
2011-03-12,56.01,23.8,113.7,0.1,Germany
2011-03-13,57.61,24.15,113.32,0.1,Germany
2011-03-14,59.21,24.5,112.95,0.1,Germany
2011-03-15,53.83,25.0,111.11,0.18,Germany
2011-03-16,52.99,25.7,110.96,0.23,Germany
2011-03-17,56.04,24.9,114.18,0.27,Germany
2011-03-18,60.28,24.25,114.13,0.3,Germany
2011-03-19,58.87,24.09,114.39,0.31,Germany
2011-03-20,57.45,23.93,114.66,0.31,Germany
2011-03-21,56.04,23.77,114.92,0.32,Germany
2011-03-22,55.69,24.15,115.63,0.32,Germany
2011-03-23,56.02,24.15,115.65,0.31,Germany
2011-03-24,55.03,24.0,115.41,0.34,Germany
2011-03-25,54.95,23.9,115.45,0.34,Germany
2011-03-26,53.08,24.03,115.62,0.34,Germany
2011-03-27,51.21,24.17,115.78,0.33,Germany
2011-03-28,49.34,24.3,115.95,0.32,Germany
2011-03-29,56.66,22.7,115.58,0.32,Germany
2011-03-30,58.27,22.35,115.35,0.3,Germany
2011-03-31,53.59,23.8,116.94,0.29,Germany
2011-04-01,54.69,24.4,118.63,0.28,Germany
2011-04-02,55.96,23.93,119.11,0.28,Germany
2011-04-03,57.22,23.47,119.59,0.27,Germany
2011-04-04,58.49,23.0,120.07,0.27,Germany
2011-04-05,55.21,22.6,122.87,0.27,Germany
2011-04-06,55.33,22.7,123.01,0.26,Germany
2011-04-07,55.22,23.05,122.9,0.24,Germany
2011-04-08,51.82,22.65,126.3,0.24,Germany
2011-04-09,53.4,22.97,126.35,0.23,Germany
2011-04-10,54.99,23.28,126.41,0.23,Germany
2011-04-11,56.57,23.6,126.46,0.23,Germany
2011-04-12,53.15,23.55,121.33,0.24,Germany
2011-04-13,55.96,23.3,122.7,0.22,Germany
2011-04-14,60.69,23.85,122.74,0.23,Germany
2011-04-15,58.61,23.3,124.63,0.22,Germany
2011-04-16,58.93,23.17,123.65,0.24,Germany
2011-04-17,59.24,23.03,122.67,0.26,Germany
2011-04-18,59.56,22.9,121.69,0.28,Germany
2011-04-19,56.46,22.9,121.35,0.31,Germany
2011-04-20,57.3,22.0,124.26,0.35,Germany
2011-04-21,56.87,22.4,123.64,0.35,Germany
2011-04-22,51.43,22.5,123.64,0.33,Germany
2011-04-23,43.6,22.5,123.64,0.32,Germany
2011-04-24,35.78,22.5,123.64,0.31,Germany
2011-04-25,27.95,22.5,123.64,0.3,Germany
2011-04-26,53.0,21.4,124.55,0.3,Germany
2011-04-27,56.23,21.55,124.94,0.3,Germany
2011-04-28,55.31,22.9,126.59,0.28,Germany
2011-04-29,52.63,22.9,126.59,0.27,Germany
2011-04-30,53.21,23.02,126.61,0.26,Germany
2011-05-01,53.8,23.13,126.62,0.25,Germany
2011-05-02,54.38,23.25,126.64,0.24,Germany
2011-05-03,61.21,22.0,124.01,0.22,Germany
2011-05-04,59.81,22.35,121.55,0.21,Germany
2011-05-05,62.3,21.95,111.93,0.27,Germany
2011-05-06,56.99,22.7,113.69,0.3,Germany
2011-05-07,58.18,22.72,113.53,0.31,Germany
2011-05-08,59.38,22.73,113.37,0.32,Germany
2011-05-09,60.57,22.75,113.21,0.32,Germany
2011-05-10,63.32,23.4,117.82,0.33,Germany
2011-05-11,65.12,23.55,115.66,0.32,Germany
2011-05-12,68.3,23.3,112.87,0.31,Germany
2011-05-13,60.08,23.45,113.08,0.29,Germany
2011-05-14,58.82,23.39,113.29,0.28,Germany
2011-05-15,57.56,23.33,113.51,0.28,Germany
2011-05-16,56.3,23.27,113.72,0.27,Germany
2011-05-17,62.35,23.2,109.39,0.26,Germany
2011-05-18,61.35,23.0,112.54,0.24,Germany
2011-05-19,62.15,22.95,113.2,0.22,Germany
2011-05-20,66.88,23.35,111.25,0.23,Germany
2011-05-21,65.08,23.1,110.88,0.24,Germany
2011-05-22,63.27,22.85,110.5,0.25,Germany
2011-05-23,61.47,22.6,110.13,0.27,Germany
2011-05-24,56.36,23.05,112.52,0.27,Germany
2011-05-25,63.02,22.95,114.47,0.26,Germany
2011-05-26,55.49,22.95,115.06,0.25,Germany
2011-05-27,57.77,23.2,114.85,0.26,Germany
2011-05-28,58.49,23.27,114.85,0.25,Germany
2011-05-29,59.22,23.33,114.85,0.25,Germany
2011-05-30,59.94,23.4,114.85,0.24,Germany
2011-05-31,57.97,23.15,117.18,0.27,Germany
2011-06-01,60.06,22.9,116.15,0.27,Germany
2011-06-02,50.91,22.6,114.3,0.29,Germany
2011-06-03,53.55,22.7,115.09,0.29,Germany
2011-06-04,55.83,22.65,115.19,0.28,Germany
2011-06-05,58.12,22.6,115.3,0.28,Germany
2011-06-06,60.4,22.55,115.4,0.27,Germany
2011-06-07,62.29,22.85,116.14,0.25,Germany
2011-06-08,60.91,22.75,118.43,0.25,Germany
2011-06-09,55.77,22.9,119.95,0.23,Germany
2011-06-10,58.87,22.8,118.71,0.25,Germany
2011-06-11,56.63,22.98,119.3,0.25,Germany
2011-06-12,54.39,23.17,119.9,0.25,Germany
2011-06-13,52.15,23.35,120.49,0.25,Germany
2011-06-14,59.89,23.3,120.35,0.25,Germany
2011-06-15,63.24,22.95,114.67,0.29,Germany
2011-06-16,59.51,22.8,114.69,0.32,Germany
2011-06-17,55.95,22.6,113.74,0.32,Germany
2011-06-18,52.52,22.65,113.23,0.32,Germany
2011-06-19,49.1,22.7,112.72,0.32,Germany
2011-06-20,45.67,22.75,112.21,0.31,Germany
2011-06-21,56.12,22.7,112.02,0.32,Germany
2011-06-22,53.94,22.4,113.59,0.31,Germany
2011-06-23,45.34,22.3,108.27,0.33,Germany
2011-06-24,50.33,21.7,104.79,0.33,Germany
2011-06-25,51.69,21.77,104.72,0.33,Germany
2011-06-26,53.06,21.83,104.64,0.33,Germany
2011-06-27,54.42,21.9,104.57,0.34,Germany
2011-06-28,50.4,22.25,107.57,0.34,Germany
2011-06-29,51.97,22.5,111.49,0.33,Germany
2011-06-30,51.2,21.95,111.71,0.31,Germany
2011-07-01,50.91,21.3,109.82,0.28,Germany
2011-07-02,51.71,21.27,109.82,0.26,Germany
2011-07-03,52.5,21.23,109.82,0.25,Germany
2011-07-04,53.3,21.2,109.82,0.24,Germany
2011-07-05,54.69,21.25,113.21,0.23,Germany
2011-07-06,53.54,21.6,113.55,0.25,Germany
2011-07-07,55.29,21.83,117.4,0.24,Germany
2011-07-08,52.06,21.7,117.4,0.3,Germany
2011-07-09,53.42,21.67,117.38,0.34,Germany
2011-07-10,54.79,21.63,117.37,0.37,Germany
2011-07-11,56.15,21.6,117.35,0.41,Germany
2011-07-12,51.05,21.5,117.36,0.45,Germany
2011-07-13,50.63,21.85,118.46,0.46,Germany
2011-07-14,48.4,21.65,117.38,0.47,Germany
2011-07-15,48.14,21.73,118.06,0.47,Germany
2011-07-16,46.64,21.75,117.72,0.47,Germany
2011-07-17,45.14,21.78,117.39,0.48,Germany
2011-07-18,43.64,21.8,117.05,0.48,Germany
2011-07-19,51.92,21.65,118.18,0.47,Germany
2011-07-20,50.62,21.8,118.52,0.45,Germany
2011-07-21,51.11,21.6,118.25,0.46,Germany
2011-07-22,48.23,21.8,118.99,0.44,Germany
2011-07-23,47.1,21.68,118.75,0.44,Germany
2011-07-24,45.96,21.57,118.51,0.43,Germany
2011-07-25,44.83,21.45,118.27,0.43,Germany
2011-07-26,49.77,21.15,118.14,0.42,Germany
2011-07-27,49.97,21.3,117.99,0.44,Germany
2011-07-28,49.72,20.98,118.16,0.43,Germany
2011-07-29,48.92,21.0,115.93,0.43,Germany
2011-07-30,49.24,20.85,116.08,0.44,Germany
2011-07-31,49.57,20.7,116.22,0.44,Germany
2011-08-01,49.89,20.55,116.37,0.45,Germany
2011-08-02,48.64,20.45,116.02,0.46,Germany
2011-08-03,47.6,20.45,113.74,0.47,Germany
2011-08-04,49.69,20.35,110.22,0.5,Germany
2011-08-05,48.01,20.65,106.92,0.48,Germany
2011-08-06,47.07,20.57,105.63,0.5,Germany
2011-08-07,46.13,20.5,104.35,0.51,Germany
2011-08-08,45.19,20.42,103.06,0.53,Germany
2011-08-09,35.67,21.5,103.63,0.57,Germany
2011-08-10,40.76,21.15,103.84,0.63,Germany
2011-08-11,42.58,21.1,107.82,0.64,Germany
2011-08-12,48.41,21.3,108.17,0.64,Germany
2011-08-13,47.81,21.23,108.41,0.65,Germany
2011-08-14,47.22,21.17,108.65,0.66,Germany
2011-08-15,46.62,21.1,108.89,0.67,Germany
2011-08-16,51.18,21.7,109.69,0.67,Germany
2011-08-17,51.23,22.15,111.37,0.66,Germany
2011-08-18,52.16,22.45,108.36,0.69,Germany
2011-08-19,51.14,22.0,109.37,0.69,Germany
2011-08-20,53.26,22.0,109.19,0.68,Germany
2011-08-21,55.38,22.0,109.01,0.67,Germany
2011-08-22,57.5,22.0,108.83,0.66,Germany
2011-08-23,54.69,22.45,110.35,0.64,Germany
2011-08-24,58.75,23.0,111.91,0.62,Germany
2011-08-25,63.74,22.5,111.91,0.58,Germany
2011-08-26,53.4,23.45,112.29,0.57,Germany
2011-08-27,52.21,23.57,112.29,0.56,Germany
2011-08-28,51.01,23.68,112.29,0.55,Germany
2011-08-29,49.82,23.8,112.29,0.54,Germany
2011-08-30,56.92,25.4,115.59,0.51,Germany
2011-08-31,55.5,24.6,116.48,0.48,Germany
2011-09-01,59.01,24.65,116.43,0.46,Germany
2011-09-02,56.9,24.1,115.92,0.48,Germany
2011-09-03,55.89,24.1,115.92,0.49,Germany
2011-09-04,54.89,24.1,115.92,0.49,Germany
2011-09-05,53.88,24.1,115.92,0.5,Germany
2011-09-06,46.23,25.1,113.29,0.49,Germany
2011-09-07,43.94,25.25,117.5,0.48,Germany
2011-09-08,50.33,25.85,117.99,0.52,Germany
2011-09-09,61.03,25.25,115.1,0.58,Germany
2011-09-10,57.0,25.25,114.98,0.59,Germany
2011-09-11,52.97,25.25,114.87,0.61,Germany
2011-09-12,48.94,25.25,114.75,0.62,Germany
2011-09-13,48.07,24.85,114.08,0.62,Germany
2011-09-14,50.66,25.1,113.1,0.62,Germany
2011-09-15,56.45,24.65,116.71,0.64,Germany
2011-09-16,58.08,25.23,116.26,0.63,Germany
2011-09-17,59.14,24.85,115.14,0.64,Germany
2011-09-18,60.21,24.46,114.01,0.64,Germany
2011-09-19,61.27,24.08,112.89,0.65,Germany
2011-09-20,57.97,24.3,114.39,0.64,Germany
2011-09-21,55.79,22.2,114.26,0.65,Germany
2011-09-22,52.0,22.0,109.21,0.67,Germany
2011-09-23,55.97,22.05,109.17,0.67,Germany
2011-09-24,55.41,21.77,108.75,0.66,Germany
2011-09-25,54.86,21.48,108.32,0.65,Germany
2011-09-26,54.3,21.2,107.9,0.65,Germany
2011-09-27,60.22,21.85,109.54,0.63,Germany
2011-09-28,58.42,22.05,108.52,0.6,Germany
2011-09-29,57.25,19.05,107.08,0.58,Germany
2011-09-30,57.6,16.5,105.42,0.66,Germany
2011-10-01,54.61,17.17,104.82,0.67,Germany
2011-10-02,51.62,17.83,104.21,0.68,Germany
2011-10-03,48.63,18.5,103.61,0.69,Germany
2011-10-04,51.91,18.35,101.84,0.72,Germany
2011-10-05,54.36,19.05,103.77,0.71,Germany
2011-10-06,46.24,19.9,104.38,0.71,Germany
2011-10-07,50.8,22.25,106.56,0.69,Germany
2011-10-08,50.86,22.48,107.54,0.69,Germany
2011-10-09,50.92,22.72,108.51,0.7,Germany
2011-10-10,50.98,22.95,109.49,0.71,Germany
2011-10-11,53.15,22.25,109.22,0.7,Germany
2011-10-12,54.39,22.85,112.44,0.7,Germany
2011-10-13,57.63,22.0,112.45,0.69,Germany
2011-10-14,54.65,22.5,114.33,0.69,Germany
2011-10-15,55.66,23.03,113.86,0.68,Germany
2011-10-16,56.67,23.57,113.39,0.68,Germany
2011-10-17,57.68,24.1,112.92,0.68,Germany
2011-10-18,49.59,23.4,112.08,0.67,Germany
2011-10-19,55.36,23.9,111.76,0.65,Germany
2011-10-20,62.41,23.9,109.0,0.64,Germany
2011-10-21,55.49,24.45,111.6,0.62,Germany
2011-10-22,53.42,24.47,111.62,0.61,Germany
2011-10-23,51.35,24.48,111.65,0.6,Germany
2011-10-24,49.28,24.5,111.67,0.59,Germany
2011-10-25,54.32,24.25,112.11,0.56,Germany
2011-10-26,59.46,23.9,110.43,0.53,Germany
2011-10-27,60.07,24.0,112.45,0.63,Germany
2011-10-28,56.75,23.15,110.01,0.62,Germany
2011-10-29,56.28,23.27,109.48,0.63,Germany
2011-10-30,55.81,23.38,108.96,0.64,Germany
2011-10-31,55.34,23.5,108.43,0.66,Germany
2011-11-01,47.37,23.65,106.97,0.68,Germany
2011-11-02,58.61,21.7,110.82,0.68,Germany
2011-11-03,52.67,23.0,110.76,0.66,Germany
2011-11-04,55.98,23.1,112.22,0.61,Germany
2011-11-05,56.09,23.52,113.06,0.62,Germany
2011-11-06,56.19,23.93,113.91,0.63,Germany
2011-11-07,56.3,24.35,114.75,0.63,Germany
2011-11-08,56.87,24.0,115.61,0.63,Germany
2011-11-09,59.41,24.1,115.29,0.71,Germany
2011-11-10,58.95,22.9,113.32,0.69,Germany
2011-11-11,50.91,23.3,114.43,0.69,Germany
2011-11-12,54.75,23.6,113.81,0.69,Germany
2011-11-13,58.59,23.9,113.19,0.69,Germany
2011-11-14,62.43,24.2,112.57,0.69,Germany
2011-11-15,62.13,24.55,111.9,0.67,Germany
2011-11-16,61.78,24.35,111.91,0.65,Germany
2011-11-17,63.21,24.05,109.25,0.64,Germany
2011-11-18,61.95,23.85,107.82,0.63,Germany
2011-11-19,62.71,24.13,107.21,0.63,Germany
2011-11-20,63.46,24.42,106.59,0.64,Germany
2011-11-21,64.22,24.7,105.98,0.65,Germany
2011-11-22,63.89,24.5,107.77,0.62,Germany
2011-11-23,65.27,24.1,106.83,0.64,Germany
2011-11-24,61.07,24.1,106.83,0.62,Germany
2011-11-25,55.71,24.05,106.08,0.61,Germany
2011-11-26,56.8,23.93,107.18,0.61,Germany
2011-11-27,57.9,23.82,108.28,0.6,Germany
2011-11-28,58.99,23.7,109.38,0.6,Germany
2011-11-29,55.97,23.3,111.25,0.59,Germany
2011-11-30,57.67,22.65,111.22,0.58,Germany
2011-12-01,52.76,22.27,108.83,0.55,Germany
2011-12-02,53.02,22.02,109.59,0.53,Germany
2011-12-03,50.7,22.3,109.79,0.52,Germany
2011-12-04,48.37,22.57,109.98,0.51,Germany
2011-12-05,46.05,22.85,110.18,0.5,Germany
2011-12-06,49.59,22.6,110.16,0.47,Germany
2011-12-07,48.95,23.1,110.07,0.46,Germany
2011-12-08,46.41,23.17,108.23,0.44,Germany
2011-12-09,42.59,23.8,107.91,0.45,Germany
2011-12-10,45.01,23.65,107.88,0.46,Germany
2011-12-11,47.42,23.5,107.85,0.47,Germany
2011-12-12,49.84,23.35,107.82,0.48,Germany
2011-12-13,45.64,23.55,109.25,0.49,Germany
2011-12-14,45.98,23.6,105.72,0.51,Germany
2011-12-15,45.99,22.85,104.52,0.52,Germany
2011-12-16,48.13,23.15,104.0,0.5,Germany
2011-12-17,48.38,23.07,104.18,0.5,Germany
2011-12-18,48.64,22.98,104.37,0.49,Germany
2011-12-19,48.89,22.9,104.55,0.49,Germany
2011-12-20,47.54,23.27,107.8,0.48,Germany
2011-12-21,49.83,21.9,108.0,0.46,Germany
2011-12-22,49.65,21.0,108.98,0.44,Germany
2011-12-23,46.49,21.45,109.28,0.42,Germany
2011-12-24,40.22,21.45,109.28,0.41,Germany
2011-12-25,33.94,21.45,109.28,0.4,Germany
2011-12-26,27.67,21.45,109.28,0.4,Germany
2011-12-27,42.67,20.3,109.28,0.38,Germany
2011-12-28,44.33,20.55,107.54,0.36,Germany
2011-12-29,33.82,20.4,106.89,0.37,Germany
2011-12-30,39.01,21.0,108.09,0.35,Germany
2011-12-31,37.28,20.67,108.09,0.35,Germany
2012-01-01,35.55,20.33,108.09,0.36,Germany
2012-01-02,33.82,20.0,108.09,0.37,Germany
2012-01-03,35.03,20.9,111.12,0.35,Germany
2012-01-04,32.16,21.4,113.37,0.35,Germany
2012-01-05,20.35,21.3,113.59,0.38,Germany
2012-01-06,36.26,21.45,111.96,0.38,Germany
2012-01-07,40.14,21.78,111.66,0.38,Germany
2012-01-08,44.03,22.12,111.37,0.38,Germany
2012-01-09,47.91,22.45,111.07,0.38,Germany
2012-01-10,45.77,21.95,113.3,0.38,Germany
2012-01-11,47.83,21.95,111.66,0.37,Germany
2012-01-12,43.1,22.08,112.97,0.36,Germany
2012-01-13,36.69,22.1,109.88,0.41,Germany
2012-01-14,40.96,21.95,109.88,0.41,Germany
2012-01-15,45.24,21.8,109.88,0.42,Germany
2012-01-16,49.51,21.65,109.88,0.42,Germany
2012-01-17,50.02,21.2,110.55,0.43,Germany
2012-01-18,45.37,21.25,109.81,0.42,Germany
2012-01-19,45.16,20.9,109.54,0.44,Germany
2012-01-20,42.73,21.63,108.5,0.47,Germany
2012-01-21,43.16,21.75,108.82,0.48,Germany
2012-01-22,43.58,21.88,109.14,0.49,Germany
2012-01-23,44.01,22.0,109.46,0.49,Germany
2012-01-24,49.35,22.02,108.38,0.49,Germany
2012-01-25,47.16,22.08,108.48,0.48,Germany
2012-01-26,45.18,21.75,109.08,0.48,Germany
2012-01-27,48.76,22.83,110.5,0.5,Germany
2012-01-28,47.28,23.25,110.41,0.51,Germany
2012-01-29,45.79,23.68,110.33,0.52,Germany
2012-01-30,44.31,24.1,110.24,0.53,Germany
2012-01-31,48.72,24.05,110.26,0.52,Germany
2012-02-01,51.21,25.7,111.96,0.52,Germany
2012-02-02,62.34,26.6,110.96,0.49,Germany
2012-02-03,63.81,25.05,112.56,0.48,Germany
2012-02-04,68.86,25.2,113.53,0.46,Germany
2012-02-05,73.9,25.35,114.5,0.44,Germany
2012-02-06,78.95,25.5,115.47,0.43,Germany
2012-02-07,78.12,37.75,116.86,0.45,Germany
2012-02-08,98.98,26.5,117.18,0.44,Germany
2012-02-09,76.49,30.2,118.4,0.42,Germany
2012-02-10,82.48,28.5,118.13,0.43,Germany
2012-02-11,83.13,26.76,118.33,0.42,Germany
2012-02-12,83.78,25.01,118.53,0.41,Germany
2012-02-13,84.43,23.27,118.73,0.4,Germany
2012-02-14,63.87,23.35,118.3,0.37,Germany
2012-02-15,35.98,23.5,120.25,0.34,Germany
2012-02-16,54.89,23.8,121.0,0.33,Germany
2012-02-17,48.07,23.5,120.69,0.32,Germany
2012-02-18,48.93,23.39,120.69,0.32,Germany
2012-02-19,49.78,23.28,120.69,0.31,Germany
2012-02-20,50.64,23.17,120.69,0.31,Germany
2012-02-21,43.62,23.55,120.85,0.29,Germany
2012-02-22,43.79,24.15,123.07,0.28,Germany
2012-02-23,41.03,23.8,124.53,0.27,Germany
2012-02-24,44.78,23.8,124.89,0.26,Germany
2012-02-25,45.61,24.07,125.41,0.26,Germany
2012-02-26,46.43,24.33,125.94,0.26,Germany
2012-02-27,47.26,24.6,126.46,0.26,Germany
2012-02-28,47.42,23.45,124.02,0.25,Germany
2012-02-29,49.33,23.9,122.23,0.24,Germany
2012-03-01,47.45,23.25,125.76,0.26,Germany
2012-03-02,49.04,23.85,125.93,0.27,Germany
2012-03-03,47.54,23.87,126.18,0.27,Germany
2012-03-04,46.05,23.88,126.43,0.27,Germany
2012-03-05,44.55,23.9,126.68,0.27,Germany
2012-03-06,48.55,23.55,125.03,0.32,Germany
2012-03-07,43.25,23.7,125.37,0.33,Germany
2012-03-08,45.9,24.2,127.96,0.34,Germany
2012-03-09,47.74,24.25,128.08,0.35,Germany
2012-03-10,46.84,23.78,127.81,0.35,Germany
2012-03-11,45.95,23.32,127.54,0.34,Germany
2012-03-12,45.05,22.85,127.27,0.34,Germany
2012-03-13,47.9,24.2,128.14,0.35,Germany
2012-03-14,46.74,24.55,126.98,0.36,Germany
2012-03-15,47.47,23.9,123.63,0.36,Germany
2012-03-16,43.68,24.58,125.09,0.36,Germany
2012-03-17,44.46,24.7,125.31,0.36,Germany
2012-03-18,45.24,24.83,125.54,0.36,Germany
2012-03-19,46.02,24.95,125.76,0.36,Germany
2012-03-20,43.44,24.85,124.38,0.34,Germany
2012-03-21,45.56,24.48,123.89,0.32,Germany
2012-03-22,45.35,23.45,122.49,0.33,Germany
2012-03-23,41.75,21.4,125.21,0.32,Germany
2012-03-24,41.75,21.78,125.42,0.32,Germany
2012-03-25,41.75,22.17,125.64,0.32,Germany
2012-03-26,41.75,22.55,125.85,0.33,Germany
2012-03-27,39.4,23.2,125.25,0.31,Germany
2012-03-28,39.26,23.25,124.41,0.32,Germany
2012-03-29,31.62,23.55,123.23,0.32,Germany
2012-03-30,35.56,25.3,123.41,0.32,Germany
2012-03-31,38.22,25.28,123.75,0.32,Germany
2012-04-01,40.88,25.27,124.1,0.32,Germany
2012-04-02,43.54,25.25,124.44,0.33,Germany
2012-04-03,50.55,24.45,124.44,0.32,Germany
2012-04-04,47.77,24.7,123.04,0.32,Germany
2012-04-05,50.02,24.65,123.58,0.32,Germany
2012-04-06,41.77,24.65,123.58,0.31,Germany
2012-04-07,35.13,24.67,123.58,0.3,Germany
2012-04-08,28.5,24.68,123.58,0.3,Germany
2012-04-09,21.86,24.7,123.58,0.29,Germany
2012-04-10,40.67,24.45,121.89,0.34,Germany
2012-04-11,53.86,24.95,120.41,0.34,Germany
2012-04-12,52.96,25.1,120.57,0.34,Germany
2012-04-13,56.68,25.45,120.62,0.34,Germany
2012-04-14,56.68,25.37,119.82,0.33,Germany
2012-04-15,56.68,25.28,119.03,0.33,Germany
2012-04-16,56.68,25.2,118.23,0.32,Germany
2012-04-17,51.5,25.0,117.41,0.32,Germany
2012-04-18,50.88,24.55,115.18,0.3,Germany
2012-04-19,50.4,24.98,117.0,0.3,Germany
2012-04-20,53.87,24.8,118.08,0.28,Germany
2012-04-21,53.87,24.85,117.61,0.28,Germany
2012-04-22,53.87,24.9,117.13,0.28,Germany
2012-04-23,53.87,24.95,116.66,0.29,Germany
2012-04-24,51.21,24.25,117.74,0.29,Germany
2012-04-25,44.1,24.4,117.45,0.3,Germany
2012-04-26,41.63,24.4,119.33,0.3,Germany
2012-04-27,46.9,24.5,119.3,0.29,Germany
2012-04-28,45.37,24.73,119.09,0.29,Germany
2012-04-29,43.83,24.97,118.87,0.29,Germany
2012-04-30,42.3,25.2,118.66,0.29,Germany
2012-05-01,23.78,25.7,119.57,0.28,Germany
2012-05-02,48.18,25.15,117.57,0.27,Germany
2012-05-03,50.29,25.15,115.91,0.27,Germany
2012-05-04,42.93,25.0,111.66,0.27,Germany
2012-05-05,44.41,25.0,111.66,0.27,Germany
2012-05-06,45.9,25.0,111.66,0.26,Germany
2012-05-07,47.38,25.0,111.66,0.26,Germany
2012-05-08,40.34,24.6,110.48,0.27,Germany
2012-05-09,48.67,24.85,111.89,0.26,Germany
2012-05-10,43.12,24.65,112.24,0.26,Germany
2012-05-11,38.83,25.0,112.5,0.25,Germany
2012-05-12,40.78,25.05,111.93,0.25,Germany
2012-05-13,42.72,25.1,111.36,0.24,Germany
2012-05-14,44.67,25.15,110.79,0.24,Germany
2012-05-15,49.19,24.65,111.4,0.24,Germany
2012-05-16,40.87,24.67,109.8,0.24,Germany
2012-05-17,30.41,24.55,109.31,0.25,Germany
2012-05-18,35.49,23.7,108.03,0.24,Germany
2012-05-19,36.68,23.55,108.36,0.24,Germany
2012-05-20,37.86,23.4,108.69,0.24,Germany
2012-05-21,39.05,23.25,109.02,0.24,Germany
2012-05-22,46.12,22.9,109.76,0.23,Germany
2012-05-23,43.47,23.05,106.88,0.27,Germany
2012-05-24,43.17,23.35,107.2,0.3,Germany
2012-05-25,38.68,22.9,107.86,0.29,Germany
2012-05-26,34.33,23.07,107.86,0.29,Germany
2012-05-27,29.98,23.23,107.86,0.29,Germany
2012-05-28,25.63,23.4,107.86,0.28,Germany
2012-05-29,41.12,23.75,107.55,0.27,Germany
2012-05-30,46.08,23.4,103.85,0.3,Germany
2012-05-31,48.92,22.7,103.86,0.33,Germany
2012-06-01,38.15,23.6,98.63,0.33,Germany
2012-06-02,40.94,23.33,98.33,0.34,Germany
2012-06-03,43.72,23.07,98.04,0.34,Germany
2012-06-04,46.51,22.8,97.74,0.35,Germany
2012-06-05,41.75,22.0,98.65,0.35,Germany
2012-06-06,48.5,23.85,101.14,0.38,Germany
2012-06-07,37.48,23.65,100.05,0.38,Germany
2012-06-08,38.03,23.6,97.57,0.38,Germany
2012-06-09,40.54,23.7,97.91,0.37,Germany
2012-06-10,43.06,23.8,98.26,0.37,Germany
2012-06-11,45.57,23.9,98.6,0.36,Germany
2012-06-12,48.86,24.05,96.59,0.36,Germany
2012-06-13,48.03,23.92,97.29,0.34,Germany
2012-06-14,47.89,23.9,96.46,0.34,Germany
2012-06-15,39.73,23.5,97.13,0.36,Germany
2012-06-16,39.23,23.62,96.49,0.36,Germany
2012-06-17,38.74,23.73,95.85,0.36,Germany
2012-06-18,38.24,23.85,95.21,0.36,Germany
2012-06-19,47.58,23.5,95.14,0.36,Germany
2012-06-20,50.89,23.8,93.5,0.37,Germany
2012-06-21,48.61,23.65,89.22,0.35,Germany
2012-06-22,39.22,23.77,89.22,0.35,Germany
2012-06-23,36.9,23.84,89.04,0.36,Germany
2012-06-24,34.57,23.91,88.87,0.38,Germany
2012-06-25,32.25,23.98,88.69,0.4,Germany
2012-06-26,37.45,24.05,90.19,0.4,Germany
2012-06-27,48.97,23.9,92.06,0.4,Germany
2012-06-28,47.53,23.85,91.02,0.39,Germany
2012-06-29,46.52,24.02,94.17,0.44,Germany
2012-06-30,45.84,24.1,94.54,0.44,Germany
2012-07-01,45.15,24.17,94.91,0.45,Germany
2012-07-02,44.47,24.25,95.28,0.45,Germany
2012-07-03,49.63,24.65,99.89,0.44,Germany
2012-07-04,47.37,24.8,99.89,0.43,Germany
2012-07-05,46.29,25.25,101.54,0.43,Germany
2012-07-06,48.53,25.2,98.5,0.43,Germany
2012-07-07,45.95,25.4,98.98,0.43,Germany
2012-07-08,43.37,25.6,99.46,0.43,Germany
2012-07-09,40.79,25.8,99.94,0.44,Germany
2012-07-10,47.72,24.92,99.15,0.45,Germany
2012-07-11,45.3,24.45,99.23,0.44,Germany
2012-07-12,39.65,24.5,99.18,0.44,Germany
2012-07-13,46.04,24.5,101.91,0.43,Germany
2012-07-14,43.5,24.53,101.97,0.42,Germany
2012-07-15,40.96,24.57,102.04,0.41,Germany
2012-07-16,38.42,24.6,102.1,0.41,Germany
2012-07-17,44.49,24.15,104.21,0.38,Germany
2012-07-18,43.81,24.05,105.92,0.37,Germany
2012-07-19,40.25,23.75,107.79,0.35,Germany
2012-07-20,45.46,24.1,106.98,0.38,Germany
2012-07-21,44.55,23.95,105.96,0.38,Germany
2012-07-22,43.64,23.8,104.93,0.38,Germany
2012-07-23,42.73,23.65,103.91,0.38,Germany
2012-07-24,45.54,23.85,103.57,0.38,Germany
2012-07-25,49.36,23.8,102.35,0.36,Germany
2012-07-26,49.58,23.9,104.77,0.39,Germany
2012-07-27,48.63,23.7,106.3,0.39,Germany
2012-07-28,45.71,23.75,106.38,0.39,Germany
2012-07-29,42.79,23.8,106.46,0.38,Germany
2012-07-30,39.87,23.85,106.54,0.38,Germany
2012-07-31,44.46,23.6,105.93,0.37,Germany
2012-08-01,41.49,23.65,106.78,0.35,Germany
2012-08-02,42.59,22.9,107.55,0.35,Germany
2012-08-03,46.74,23.0,109.57,0.4,Germany
2012-08-04,45.72,22.88,109.72,0.4,Germany
2012-08-05,44.69,22.77,109.86,0.4,Germany
2012-08-06,43.67,22.65,110.01,0.4,Germany
2012-08-07,38.12,23.45,112.39,0.4,Germany
2012-08-08,44.22,23.85,113.42,0.39,Germany
2012-08-09,47.12,23.8,113.52,0.38,Germany
2012-08-10,44.85,23.9,113.13,0.37,Germany
2012-08-11,44.95,24.17,113.58,0.36,Germany
2012-08-12,45.06,24.43,114.03,0.35,Germany
2012-08-13,45.16,24.7,114.48,0.34,Germany
2012-08-14,47.92,24.6,113.9,0.31,Germany
2012-08-15,41.48,24.1,115.51,0.29,Germany
2012-08-16,51.45,22.9,116.12,0.28,Germany
2012-08-17,51.78,24.0,115.2,0.26,Germany
2012-08-18,51.16,24.18,115.3,0.25,Germany
2012-08-19,50.55,24.37,115.4,0.25,Germany
2012-08-20,49.93,24.55,115.5,0.24,Germany
2012-08-21,61.03,24.5,116.03,0.22,Germany
2012-08-22,49.38,24.65,115.77,0.23,Germany
2012-08-23,53.29,24.6,117.45,0.23,Germany
2012-08-24,53.29,24.3,115.76,0.22,Germany
2012-08-25,51.49,24.28,115.09,0.21,Germany
2012-08-26,49.68,24.27,114.41,0.21,Germany
2012-08-27,47.88,24.25,113.74,0.21,Germany
2012-08-28,49.45,24.65,112.62,0.2,Germany
2012-08-29,52.23,24.7,112.53,0.19,Germany
2012-08-30,52.52,24.9,112.28,0.19,Germany
2012-08-31,49.86,24.7,113.93,0.18,Germany
2012-09-01,50.18,25.17,113.93,0.18,Germany
2012-09-02,50.49,25.63,113.93,0.18,Germany
2012-09-03,50.81,26.1,113.93,0.18,Germany
2012-09-04,49.1,25.7,114.98,0.18,Germany
2012-09-05,49.62,25.9,113.32,0.18,Germany
2012-09-06,50.07,25.67,114.5,0.2,Germany
2012-09-07,45.4,25.5,113.64,0.15,Germany
2012-09-08,47.36,25.54,113.71,0.15,Germany
2012-09-09,49.33,25.59,113.77,0.15,Germany
2012-09-10,51.29,25.63,113.84,0.15,Germany
2012-09-11,53.52,25.85,114.86,0.15,Germany
2012-09-12,55.87,25.63,114.86,0.15,Germany
2012-09-13,52.74,25.95,116.0,0.16,Germany
2012-09-14,33.33,26.2,117.48,0.15,Germany
2012-09-15,38.93,26.1,117.22,0.15,Germany
2012-09-16,44.53,26.0,116.96,0.16,Germany
2012-09-17,50.13,25.9,116.7,0.16,Germany
2012-09-18,53.19,25.85,113.29,0.17,Germany
2012-09-19,51.57,25.55,108.49,0.16,Germany
2012-09-20,50.44,26.05,109.41,0.16,Germany
2012-09-21,48.85,26.0,111.27,0.14,Germany
2012-09-22,45.69,25.95,110.58,0.14,Germany
2012-09-23,42.54,25.9,109.89,0.14,Germany
2012-09-24,39.38,25.85,109.2,0.14,Germany
2012-09-25,44.42,25.85,110.77,0.13,Germany
2012-09-26,49.89,26.05,108.99,0.16,Germany
2012-09-27,47.66,25.53,111.45,0.16,Germany
2012-09-28,43.36,25.75,111.36,0.17,Germany
2012-09-29,45.88,25.77,111.77,0.16,Germany
2012-09-30,48.41,25.78,112.17,0.16,Germany
2012-10-01,50.93,25.8,112.58,0.15,Germany
2012-10-02,47.47,25.75,112.49,0.15,Germany
2012-10-03,29.75,25.95,109.32,0.14,Germany
2012-10-04,47.77,25.55,110.48,0.13,Germany
2012-10-05,40.58,26.3,112.17,0.14,Germany
2012-10-06,40.76,26.47,112.31,0.14,Germany
2012-10-07,40.94,26.63,112.46,0.14,Germany
2012-10-08,41.12,26.8,112.6,0.14,Germany
2012-10-09,44.9,26.7,114.32,0.12,Germany
2012-10-10,51.55,26.85,116.11,0.12,Germany
2012-10-11,52.69,26.35,116.18,0.11,Germany
2012-10-12,46.95,26.4,115.17,0.11,Germany
2012-10-13,45.81,26.38,115.11,0.11,Germany
2012-10-14,44.66,26.37,115.06,0.11,Germany
2012-10-15,43.52,26.35,115.0,0.11,Germany
2012-10-16,42.45,26.1,115.0,0.11,Germany
2012-10-17,42.07,26.2,113.49,0.12,Germany
2012-10-18,41.01,26.45,112.58,0.11,Germany
2012-10-19,44.76,26.6,111.89,0.11,Germany
2012-10-20,46.24,26.82,111.13,0.11,Germany
2012-10-21,47.73,27.03,110.38,0.11,Germany
2012-10-22,49.21,27.25,109.62,0.11,Germany
2012-10-23,51.09,27.65,107.53,0.12,Germany
2012-10-24,54.83,27.5,107.66,0.11,Germany
2012-10-25,50.13,27.25,107.64,0.1,Germany
2012-10-26,51.47,27.95,108.9,0.11,Germany
2012-10-27,48.53,27.97,109.04,0.11,Germany
2012-10-28,45.58,27.98,109.19,0.11,Germany
2012-10-29,42.64,28.0,109.33,0.12,Germany
2012-10-30,55.52,27.45,109.4,0.12,Germany
2012-10-31,48.04,26.95,109.89,0.12,Germany
2012-11-01,33.14,26.6,108.84,0.12,Germany
2012-11-02,35.01,27.15,106.79,0.11,Germany
2012-11-03,37.71,27.0,106.39,0.12,Germany
2012-11-04,40.41,26.85,105.99,0.12,Germany
2012-11-05,43.11,26.7,105.59,0.12,Germany
2012-11-06,43.59,27.25,109.27,0.12,Germany
2012-11-07,35.46,27.0,108.21,0.13,Germany
2012-11-08,39.81,26.75,107.23,0.13,Germany
2012-11-09,51.02,27.2,108.61,0.13,Germany
2012-11-10,51.53,27.15,109.15,0.13,Germany
2012-11-11,52.05,27.1,109.69,0.13,Germany
2012-11-12,52.56,27.05,110.23,0.13,Germany
2012-11-13,52.05,27.2,108.82,0.12,Germany
2012-11-14,50.89,27.0,109.66,0.1,Germany
2012-11-15,55.55,27.4,110.07,0.11,Germany
2012-11-16,52.09,27.4,106.81,0.12,Germany
2012-11-17,52.81,27.4,107.89,0.12,Germany
2012-11-18,53.54,27.4,108.98,0.13,Germany
2012-11-19,54.26,27.4,110.06,0.13,Germany
2012-11-20,52.2,27.4,110.01,0.13,Germany
2012-11-21,50.4,27.38,110.81,0.14,Germany
2012-11-22,48.8,27.55,110.81,0.13,Germany
2012-11-23,47.34,27.35,110.14,0.13,Germany
2012-11-24,46.3,27.37,110.15,0.13,Germany
2012-11-25,45.26,27.38,110.17,0.13,Germany
2012-11-26,44.22,27.4,110.18,0.13,Germany
2012-11-27,55.49,27.65,109.33,0.13,Germany
2012-11-28,52.95,27.55,108.26,0.11,Germany
2012-11-29,52.74,27.5,110.47,0.11,Germany
2012-11-30,57.69,27.6,110.84,0.1,Germany
2012-12-01,55.55,27.72,110.98,0.1,Germany
2012-12-02,53.4,27.83,111.13,0.09,Germany
2012-12-03,51.26,27.95,111.27,0.09,Germany
2012-12-04,47.38,28.1,109.99,0.08,Germany
2012-12-05,54.86,28.55,108.96,0.07,Germany
2012-12-06,53.9,28.2,108.01,0.06,Germany
2012-12-07,52.9,28.1,107.16,0.06,Germany
2012-12-08,52.92,28.07,107.52,0.06,Germany
2012-12-09,52.93,28.03,107.89,0.06,Germany
2012-12-10,52.95,28.0,108.25,0.06,Germany
2012-12-11,60.32,27.83,107.6,0.05,Germany
2012-12-12,72.07,27.73,110.17,0.05,Germany
2012-12-13,65.44,27.4,110.18,0.05,Germany
2012-12-14,49.35,27.6,109.28,0.05,Germany
2012-12-15,50.66,27.43,109.3,0.05,Germany
2012-12-16,51.97,27.27,109.33,0.05,Germany
2012-12-17,53.28,27.1,109.35,0.05,Germany
2012-12-18,55.24,27.45,109.96,0.04,Germany
2012-12-19,52.97,26.98,109.95,0.04,Germany
2012-12-20,46.73,26.95,110.57,0.04,Germany
2012-12-21,38.15,27.0,109.13,0.04,Germany
2012-12-22,38.15,26.72,108.9,0.04,Germany
2012-12-23,38.15,26.43,108.67,0.04,Germany
2012-12-24,38.15,26.15,108.44,0.03,Germany
2012-12-25,-56.87,26.15,108.44,0.04,Germany
2012-12-26,-45.77,26.15,110.72,0.04,Germany
2012-12-27,20.45,26.2,110.04,0.03,Germany
2012-12-28,31.3,25.9,110.05,0.02,Germany
2012-12-29,23.67,26.0,110.3,0.02,Germany
2012-12-30,16.03,26.1,110.55,0.02,Germany
2012-12-31,8.4,26.2,110.8,0.02,Germany
2013-01-01,17.93,26.2,110.8,0.03,Germany
2013-01-02,38.24,26.0,112.98,0.01,Germany
2013-01-03,33.77,26.35,113.03,0.02,Germany
2013-01-04,32.12,26.5,112.58,0.03,Germany
2013-01-05,38.88,26.65,112.55,0.03,Germany
2013-01-06,45.64,26.8,112.52,0.03,Germany
2013-01-07,52.4,26.95,112.49,0.03,Germany
2013-01-08,53.15,27.1,113.03,0.04,Germany
2013-01-09,51.97,27.25,113.07,0.04,Germany
2013-01-10,50.03,26.98,112.97,0.03,Germany
2013-01-11,52.8,27.15,110.3,0.03,Germany
2013-01-12,52.55,27.12,110.64,0.03,Germany
2013-01-13,52.3,27.08,110.98,0.03,Germany
2013-01-14,52.05,27.05,111.32,0.03,Germany
2013-01-15,55.85,27.25,111.72,0.03,Germany
2013-01-16,54.96,27.2,110.97,0.03,Germany
2013-01-17,53.44,27.5,111.01,0.03,Germany
2013-01-18,50.99,26.5,111.71,0.03,Germany
2013-01-19,49.86,26.42,111.71,0.03,Germany
2013-01-20,48.72,26.33,111.71,0.03,Germany
2013-01-21,47.59,26.25,111.71,0.03,Germany
2013-01-22,53.96,27.0,112.72,0.03,Germany
2013-01-23,59.74,27.0,113.68,0.02,Germany
2013-01-24,59.25,25.98,114.59,0.02,Germany
2013-01-25,52.26,25.65,113.88,0.03,Germany
2013-01-26,49.81,25.73,113.89,0.03,Germany
2013-01-27,47.35,25.82,113.91,0.03,Germany
2013-01-28,44.9,25.9,113.92,0.03,Germany
2013-01-29,32.27,25.6,115.22,0.03,Germany
2013-01-30,29.35,25.3,115.42,0.03,Germany
2013-01-31,26.06,25.25,115.55,0.04,Germany
2013-02-01,34.98,25.65,115.55,0.05,Germany
2013-02-02,34.1,25.72,115.72,0.06,Germany
2013-02-03,33.23,25.78,115.89,0.07,Germany
2013-02-04,32.35,25.85,116.06,0.08,Germany
2013-02-05,32.32,25.98,117.03,0.09,Germany
2013-02-06,46.83,25.85,116.61,0.1,Germany
2013-02-07,50.87,26.15,117.17,0.12,Germany
2013-02-08,49.44,26.4,118.9,0.13,Germany
2013-02-09,46.61,26.32,118.7,0.13,Germany
2013-02-10,43.79,26.23,118.49,0.13,Germany
2013-02-11,40.96,26.15,118.29,0.13,Germany
2013-02-12,49.46,26.7,117.89,0.12,Germany
2013-02-13,52.68,26.4,118.43,0.12,Germany
2013-02-14,46.66,26.5,118.48,0.11,Germany
2013-02-15,50.96,26.1,117.4,0.11,Germany
2013-02-16,51.82,26.0,117.4,0.1,Germany
2013-02-17,52.67,25.9,117.4,0.1,Germany
2013-02-18,53.53,25.8,117.4,0.1,Germany
2013-02-19,48.55,25.7,117.04,0.09,Germany
2013-02-20,46.19,25.4,116.23,0.09,Germany
2013-02-21,52.85,26.7,114.19,0.1,Germany
2013-02-22,47.95,27.2,113.74,0.11,Germany
2013-02-23,49.53,27.43,114.01,0.11,Germany
2013-02-24,51.1,27.67,114.28,0.11,Germany
2013-02-25,52.68,27.9,114.55,0.1,Germany
2013-02-26,55.49,26.8,112.96,0.13,Germany
2013-02-27,59.67,26.8,112.24,0.14,Germany
2013-02-28,53.96,26.3,112.2,0.15,Germany
2013-03-01,51.05,26.6,110.14,0.15,Germany
2013-03-02,50.33,27.23,110.06,0.15,Germany
2013-03-03,49.62,27.87,109.98,0.16,Germany
2013-03-04,48.9,28.5,109.9,0.16,Germany
2013-03-05,41.59,27.3,110.42,0.16,Germany
2013-03-06,49.0,27.5,110.27,0.15,Germany
2013-03-07,41.46,27.2,110.42,0.15,Germany
2013-03-08,36.24,27.0,108.91,0.14,Germany
2013-03-09,36.78,29.17,108.82,0.14,Germany
2013-03-10,37.33,31.33,108.73,0.14,Germany
2013-03-11,37.87,33.5,108.64,0.13,Germany
2013-03-12,46.53,36.2,108.48,0.12,Germany
2013-03-13,55.34,33.0,107.51,0.11,Germany
2013-03-14,53.34,29.4,108.1,0.1,Germany
2013-03-15,44.31,27.8,109.32,0.09,Germany
2013-03-16,41.74,28.6,109.06,0.09,Germany
2013-03-17,39.16,29.4,108.8,0.09,Germany
2013-03-18,36.59,30.2,108.54,0.09,Germany
2013-03-19,43.71,32.1,106.91,0.1,Germany
2013-03-20,50.36,34.6,108.27,0.11,Germany
2013-03-21,55.57,32.75,106.41,0.11,Germany
2013-03-22,38.94,36.5,106.51,0.11,Germany
2013-03-23,37.41,37.17,106.56,0.11,Germany
2013-03-24,35.87,37.83,106.61,0.11,Germany
2013-03-25,34.34,38.5,106.66,0.11,Germany
2013-03-26,38.61,38.45,107.1,0.11,Germany
2013-03-27,47.03,38.45,108.51,0.12,Germany
2013-03-28,49.27,36.55,108.46,0.11,Germany
2013-03-29,38.74,36.55,108.46,0.1,Germany
2013-03-30,34.12,36.55,108.56,0.1,Germany
2013-03-31,29.51,36.55,108.66,0.1,Germany
2013-04-01,24.89,36.55,108.76,0.1,Germany
2013-04-02,49.05,31.55,109.66,0.09,Germany
2013-04-03,40.07,33.55,107.82,0.09,Germany
2013-04-04,48.11,32.5,105.09,0.1,Germany
2013-04-05,53.45,32.5,103.98,0.11,Germany
2013-04-06,55.1,31.4,103.71,0.12,Germany
2013-04-07,56.76,30.3,103.43,0.12,Germany
2013-04-08,58.41,29.2,103.16,0.13,Germany
2013-04-09,55.97,29.05,104.08,0.12,Germany
2013-04-10,57.27,29.05,104.8,0.13,Germany
2013-04-11,55.39,27.4,103.62,0.13,Germany
2013-04-12,43.58,27.2,100.58,0.13,Germany
2013-04-13,42.34,27.13,100.16,0.13,Germany
2013-04-14,41.09,27.07,99.74,0.13,Germany
2013-04-15,39.85,27.0,99.32,0.13,Germany
2013-04-16,43.94,26.95,97.88,0.11,Germany
2013-04-17,38.26,26.8,96.84,0.12,Germany
2013-04-18,27.35,26.8,97.48,0.12,Germany
2013-04-19,31.23,26.8,98.94,0.13,Germany
2013-04-20,34.39,26.7,98.98,0.13,Germany
2013-04-21,37.55,26.6,99.03,0.13,Germany
2013-04-22,40.71,26.5,99.07,0.13,Germany
2013-04-23,32.58,26.6,99.25,0.14,Germany
2013-04-24,37.69,26.6,100.71,0.13,Germany
2013-04-25,32.66,26.6,101.62,0.11,Germany
2013-04-26,34.13,26.85,102.39,0.11,Germany
2013-04-27,34.62,26.6,102.55,0.11,Germany
2013-04-28,35.1,26.35,102.72,0.1,Germany
2013-04-29,35.59,26.1,102.88,0.1,Germany
2013-04-30,36.8,26.5,101.53,0.09,Germany
2013-05-01,14.2,26.75,98.34,0.08,Germany
2013-05-02,32.98,26.35,100.32,0.07,Germany
2013-05-03,35.14,26.55,104.6,0.07,Germany
2013-05-04,36.72,26.55,104.73,0.06,Germany
2013-05-05,38.3,26.55,104.87,0.06,Germany
2013-05-06,39.88,26.55,105.0,0.06,Germany
2013-05-07,35.72,26.4,105.18,0.05,Germany
2013-05-08,33.12,26.25,103.79,0.05,Germany
2013-05-09,24.08,26.3,103.59,0.04,Germany
2013-05-10,31.58,26.0,101.31,0.03,Germany
2013-05-11,32.35,26.08,101.6,0.03,Germany
2013-05-12,33.13,26.17,101.88,0.03,Germany
2013-05-13,33.9,26.25,102.17,0.03,Germany
2013-05-14,34.98,26.45,102.7,0.03,Germany
2013-05-15,32.93,26.55,101.57,0.03,Germany
2013-05-16,35.73,26.73,104.27,0.02,Germany
2013-05-17,36.56,26.2,103.83,0.02,Germany
2013-05-18,33.7,26.5,104.07,0.02,Germany
2013-05-19,30.83,26.8,104.31,0.02,Germany
2013-05-20,27.97,27.1,104.55,0.02,Germany
2013-05-21,43.01,27.18,103.1,0.02,Germany
2013-05-22,34.25,27.55,102.14,0.01,Germany
2013-05-23,45.59,27.35,100.46,0.02,Germany
2013-05-24,47.04,27.35,101.24,0.01,Germany
2013-05-25,45.85,27.35,101.24,0.01,Germany
2013-05-26,44.67,27.35,101.24,0.01,Germany
2013-05-27,43.48,27.35,101.24,0.01,Germany
2013-05-28,42.2,27.0,103.77,0.01,Germany
2013-05-29,49.8,27.05,102.14,0.01,Germany
2013-05-30,36.53,26.35,101.79,0.01,Germany
2013-05-31,32.22,27.25,100.43,0.01,Germany
2013-06-01,31.84,27.09,100.83,0.01,Germany
2013-06-02,31.45,26.93,101.23,0.01,Germany
2013-06-03,31.07,26.77,101.63,0.01,Germany
2013-06-04,39.0,26.3,102.04,0.01,Germany
2013-06-05,37.69,26.4,103.51,0.01,Germany
2013-06-06,35.99,25.9,103.37,0.02,Germany
2013-06-07,33.81,26.13,104.07,0.02,Germany
2013-06-08,32.63,26.07,104.0,0.02,Germany
2013-06-09,31.45,26.01,103.94,0.02,Germany
2013-06-10,30.27,25.95,103.87,0.02,Germany
2013-06-11,31.82,26.35,101.5,0.03,Germany
2013-06-12,31.13,26.45,103.11,0.03,Germany
2013-06-13,29.08,26.5,103.38,0.03,Germany
2013-06-14,29.16,26.5,105.1,0.04,Germany
2013-06-15,31.79,26.4,105.33,0.04,Germany
2013-06-16,34.42,26.3,105.57,0.04,Germany
2013-06-17,37.05,26.2,105.8,0.04,Germany
2013-06-18,33.42,26.15,105.21,0.04,Germany
2013-06-19,34.49,26.5,105.56,0.04,Germany
2013-06-20,37.64,26.35,102.72,0.08,Germany
2013-06-21,30.34,26.4,100.36,0.1,Germany
2013-06-22,31.4,26.18,100.17,0.11,Germany
2013-06-23,32.46,25.97,99.99,0.11,Germany
2013-06-24,33.52,25.75,99.8,0.12,Germany
2013-06-25,34.05,26.2,101.51,0.12,Germany
2013-06-26,29.7,26.2,100.62,0.12,Germany
2013-06-27,38.0,25.8,102.74,0.11,Germany
2013-06-28,33.59,25.8,102.49,0.12,Germany
2013-06-29,32.96,26.0,102.72,0.12,Germany
2013-06-30,32.32,26.2,102.96,0.12,Germany
2013-07-01,31.69,26.4,103.19,0.12,Germany
2013-07-02,37.59,26.05,103.96,0.12,Germany
2013-07-03,40.41,26.35,106.12,0.14,Germany
2013-07-04,41.2,26.17,106.12,0.13,Germany
2013-07-05,34.41,26.17,107.46,0.13,Germany
2013-07-06,33.95,26.16,107.56,0.13,Germany
2013-07-07,33.5,26.16,107.65,0.13,Germany
2013-07-08,33.04,26.15,107.75,0.12,Germany
2013-07-09,36.59,26.23,107.9,0.11,Germany
2013-07-10,33.06,26.5,108.43,0.1,Germany
2013-07-11,37.1,26.28,108.18,0.1,Germany
2013-07-12,35.14,26.0,109.03,0.1,Germany
2013-07-13,36.18,26.0,109.04,0.1,Germany
2013-07-14,37.23,26.0,109.04,0.1,Germany
2013-07-15,38.27,26.0,109.05,0.1,Germany
2013-07-16,41.72,25.8,109.29,0.09,Germany
2013-07-17,46.86,26.08,109.67,0.08,Germany
2013-07-18,44.19,26.05,109.71,0.08,Germany
2013-07-19,37.03,25.75,109.34,0.07,Germany
2013-07-20,38.84,25.85,109.17,0.07,Germany
2013-07-21,40.65,25.95,108.99,0.06,Germany
2013-07-22,42.46,26.05,108.82,0.06,Germany
2013-07-23,46.88,26.23,109.27,0.05,Germany
2013-07-24,51.02,26.18,108.23,0.06,Germany
2013-07-25,50.51,26.0,108.1,0.05,Germany
2013-07-26,43.0,25.95,107.57,0.04,Germany
2013-07-27,43.86,25.91,107.75,0.04,Germany
2013-07-28,44.73,25.87,107.92,0.04,Germany
2013-07-29,45.59,25.83,108.1,0.04,Germany
2013-07-30,37.2,25.8,107.47,0.03,Germany
2013-07-31,33.91,25.6,107.89,0.03,Germany
2013-08-01,39.86,25.5,109.94,0.03,Germany
2013-08-02,36.68,26.05,109.63,0.02,Germany
2013-08-03,39.04,25.77,109.69,0.02,Germany
2013-08-04,41.39,25.48,109.75,0.02,Germany
2013-08-05,43.75,25.2,109.81,0.02,Germany
2013-08-06,37.0,25.85,108.77,0.02,Germany
2013-08-07,39.4,25.8,108.39,0.01,Germany
2013-08-08,37.77,25.75,107.32,0.01,Germany
2013-08-09,39.94,25.75,108.49,0.01,Germany
2013-08-10,38.86,25.63,108.75,0.01,Germany
2013-08-11,37.78,25.52,109.02,0.01,Germany
2013-08-12,36.7,25.4,109.28,0.01,Germany
2013-08-13,36.75,25.65,110.69,0.01,Germany
2013-08-14,32.87,25.65,110.26,0.01,Germany
2013-08-15,32.77,25.65,111.58,0.0,Germany
2013-08-16,36.58,25.8,111.82,0.01,Germany
2013-08-17,43.1,25.72,111.68,0.01,Germany
2013-08-18,49.62,25.63,111.55,0.01,Germany
2013-08-19,56.14,25.55,111.41,0.01,Germany
2013-08-20,43.27,25.5,110.74,0.0,Germany
2013-08-21,44.31,25.75,110.82,0.0,Germany
2013-08-22,47.15,25.6,110.51,0.0,Germany
2013-08-23,45.94,24.93,112.12,0.0,Germany
2013-08-24,45.31,24.99,112.16,0.0,Germany
2013-08-25,44.69,25.04,112.19,0.0,Germany
2013-08-26,44.06,25.1,112.23,0.0,Germany
2013-08-27,50.02,25.33,115.21,0.01,Germany
2013-08-28,52.7,25.25,116.27,0.02,Germany
2013-08-29,53.09,25.33,116.91,0.02,Germany
2013-08-30,45.2,25.75,115.97,0.02,Germany
2013-08-31,41.09,25.85,115.97,0.02,Germany
2013-09-01,36.97,25.95,115.97,0.02,Germany
2013-09-02,32.86,26.05,115.97,0.02,Germany
2013-09-03,49.12,25.85,115.49,0.02,Germany
2013-09-04,53.07,25.92,115.65,0.02,Germany
2013-09-05,46.05,26.15,115.81,0.02,Germany
2013-09-06,39.43,26.27,117.15,0.01,Germany
2013-09-07,41.95,26.41,116.5,0.01,Germany
2013-09-08,44.48,26.56,115.85,0.01,Germany
2013-09-09,47.0,26.7,115.2,0.01,Germany
2013-09-10,47.89,26.65,112.1,0.02,Germany
2013-09-11,48.23,26.88,112.37,0.02,Germany
2013-09-12,50.29,27.0,113.11,0.02,Germany
2013-09-13,48.65,26.75,113.31,0.01,Germany
2013-09-14,46.17,26.67,112.49,0.01,Germany
2013-09-15,43.7,26.58,111.68,0.02,Germany
2013-09-16,41.22,26.5,110.86,0.02,Germany
2013-09-17,36.46,26.85,109.05,0.02,Germany
2013-09-18,46.96,27.1,109.09,0.01,Germany
2013-09-19,47.5,26.7,110.66,0.02,Germany
2013-09-20,50.24,26.85,110.22,0.01,Germany
2013-09-21,46.73,26.72,109.67,0.01,Germany
2013-09-22,43.21,26.58,109.11,0.01,Germany
2013-09-23,39.7,26.45,108.56,0.01,Germany
2013-09-24,51.57,26.15,107.68,0.01,Germany
2013-09-25,54.96,26.25,109.46,0.01,Germany
2013-09-26,54.33,26.5,108.86,0.01,Germany
2013-09-27,52.53,26.4,109.45,0.01,Germany
2013-09-28,47.28,26.29,108.92,0.01,Germany
2013-09-29,42.04,26.19,108.38,0.01,Germany
2013-09-30,36.79,26.08,107.85,0.01,Germany
2013-10-01,48.4,25.75,107.32,0.01,Germany
2013-10-02,37.18,25.75,109.09,0.01,Germany
2013-10-03,28.55,25.55,109.49,0.01,Germany
2013-10-04,38.42,25.85,109.42,0.01,Germany
2013-10-05,43.95,26.04,109.5,0.01,Germany
2013-10-06,49.47,26.24,109.58,0.0,Germany
2013-10-07,55.0,26.43,109.66,0.0,Germany
2013-10-08,52.15,26.2,110.56,0.0,Germany
2013-10-09,52.82,26.7,109.02,0.0,Germany
2013-10-10,53.82,26.4,111.63,0.0,Germany
2013-10-11,40.84,26.3,110.65,0.0,Germany
2013-10-12,41.79,26.45,110.48,0.0,Germany
2013-10-13,42.73,26.6,110.3,0.0,Germany
2013-10-14,43.68,26.75,110.13,0.0,Germany
2013-10-15,49.3,26.25,110.67,0.0,Germany
2013-10-16,50.29,25.85,110.79,0.0,Germany
2013-10-17,31.57,25.8,109.55,0.0,Germany
2013-10-18,37.13,25.7,109.4,0.0,Germany
2013-10-19,39.59,25.77,109.42,0.0,Germany
2013-10-20,42.04,25.85,109.45,0.0,Germany
2013-10-21,44.5,25.92,109.47,0.0,Germany
2013-10-22,37.79,25.6,109.57,0.0,Germany
2013-10-23,32.8,25.83,107.74,0.0,Germany
2013-10-24,40.3,25.3,106.63,0.0,Germany
2013-10-25,39.32,25.5,105.7,0.0,Germany
2013-10-26,32.85,25.38,106.56,0.0,Germany
2013-10-27,26.37,25.27,107.43,0.0,Germany
2013-10-28,19.9,25.15,108.29,0.0,Germany
2013-10-29,30.5,25.3,108.04,0.0,Germany
2013-10-30,38.76,26.1,108.41,0.0,Germany
2013-10-31,36.55,25.0,107.53,0.01,Germany
2013-11-01,32.62,26.18,105.78,0.01,Germany
2013-11-02,31.2,26.07,105.47,0.01,Germany
2013-11-03,29.77,25.96,105.16,0.01,Germany
2013-11-04,28.35,25.85,104.85,0.0,Germany
2013-11-05,35.95,26.48,105.01,0.01,Germany
2013-11-06,32.03,26.0,105.46,0.0,Germany
2013-11-07,35.28,25.7,103.08,0.01,Germany
2013-11-08,46.01,25.9,104.29,0.01,Germany
2013-11-09,44.23,26.1,104.78,0.01,Germany
2013-11-10,42.44,26.3,105.27,0.01,Germany
2013-11-11,40.66,26.5,105.76,0.01,Germany
2013-11-12,47.15,27.08,106.29,0.01,Germany
2013-11-13,47.48,27.2,106.9,0.01,Germany
2013-11-14,48.86,27.27,108.29,0.0,Germany
2013-11-15,47.33,27.25,108.25,0.0,Germany
2013-11-16,46.51,27.48,108.43,0.0,Germany
2013-11-17,45.7,27.72,108.62,0.0,Germany
2013-11-18,44.88,27.95,108.8,0.0,Germany
2013-11-19,52.44,27.5,108.29,0.01,Germany
2013-11-20,49.53,27.7,108.27,0.01,Germany
2013-11-21,53.91,27.85,109.9,0.01,Germany
2013-11-22,48.94,27.85,111.36,0.01,Germany
2013-11-23,47.83,27.86,111.18,0.01,Germany
2013-11-24,46.71,27.87,111.01,0.01,Germany
2013-11-25,45.6,27.88,110.83,0.02,Germany
2013-11-26,54.39,27.85,112.04,0.02,Germany
2013-11-27,44.28,28.2,111.32,0.02,Germany
2013-11-28,39.11,28.4,111.32,0.02,Germany
2013-11-29,37.39,28.2,111.07,0.02,Germany
2013-11-30,44.08,28.32,111.21,0.02,Germany
2013-12-01,50.78,28.43,111.35,0.02,Germany
2013-12-02,57.47,28.55,111.49,0.02,Germany
2013-12-03,55.13,29.15,113.06,0.05,Germany
2013-12-04,47.88,28.55,113.27,0.05,Germany
2013-12-05,34.32,28.5,112.07,0.05,Germany
2013-12-06,30.79,28.4,111.5,0.05,Germany
2013-12-07,33.43,28.15,111.02,0.04,Germany
2013-12-08,36.07,27.9,110.55,0.04,Germany
2013-12-09,38.71,27.65,110.07,0.04,Germany
2013-12-10,62.02,27.7,108.91,0.04,Germany
2013-12-11,62.89,27.55,109.47,0.04,Germany
2013-12-12,61.91,27.38,108.99,0.04,Germany
2013-12-13,62.65,27.15,108.08,0.04,Germany
2013-12-14,53.99,27.28,108.82,0.04,Germany
2013-12-15,45.34,27.42,109.56,0.04,Germany
2013-12-16,36.68,27.55,110.3,0.04,Germany
2013-12-17,53.21,27.75,108.91,0.03,Germany
2013-12-18,46.2,27.3,109.56,0.04,Germany
2013-12-19,34.47,27.78,110.78,0.03,Germany
2013-12-20,37.46,27.45,112.15,0.02,Germany
2013-12-21,33.07,27.42,111.96,0.02,Germany
2013-12-22,28.68,27.38,111.77,0.02,Germany
2013-12-23,24.29,27.35,111.58,0.02,Germany
2013-12-24,-6.28,27.35,111.57,0.01,Germany
2013-12-25,23.7,27.5,111.57,0.01,Germany
2013-12-26,33.7,27.5,111.65,0.01,Germany
2013-12-27,23.09,27.5,112.06,0.02,Germany
2013-12-28,25.48,27.33,111.53,0.02,Germany
2013-12-29,27.88,27.17,111.0,0.02,Germany
2013-12-30,30.27,27.0,110.47,0.02,Germany
2013-12-31,25.98,26.85,109.95,0.02,Germany
2014-01-01,17.38,26.6,109.95,0.02,Germany
2014-01-02,27.93,26.3,107.94,0.03,Germany
2014-01-03,27.71,26.7,106.57,0.03,Germany
2014-01-04,25.86,26.67,106.62,0.03,Germany
2014-01-05,24.02,26.63,106.66,0.03,Germany
2014-01-06,22.17,26.6,106.71,0.02,Germany
2014-01-07,27.52,26.4,107.01,0.02,Germany
2014-01-08,33.49,26.9,107.42,0.01,Germany
2014-01-09,31.13,26.55,107.49,0.01,Germany
2014-01-10,28.31,26.6,106.44,0.01,Germany
2014-01-11,32.85,26.5,106.97,0.01,Germany
2014-01-12,37.4,26.4,107.49,0.01,Germany
2014-01-13,41.94,26.3,108.02,0.01,Germany
2014-01-14,49.35,26.1,107.12,0.01,Germany
2014-01-15,45.69,26.1,108.09,0.01,Germany
2014-01-16,40.75,25.95,107.46,0.02,Germany
2014-01-17,39.58,26.2,108.45,0.02,Germany
2014-01-18,42.56,26.26,108.3,0.02,Germany
2014-01-19,45.54,26.32,108.16,0.01,Germany
2014-01-20,48.52,26.38,108.01,0.01,Germany
2014-01-21,49.51,26.35,109.17,0.01,Germany
2014-01-22,52.68,26.45,109.69,0.01,Germany
2014-01-23,48.01,26.45,109.69,0.01,Germany
2014-01-24,50.21,26.63,109.14,0.03,Germany
2014-01-25,46.45,26.45,109.0,0.03,Germany
2014-01-26,42.7,26.28,108.86,0.03,Germany
2014-01-27,38.94,26.1,108.72,0.03,Germany
2014-01-28,43.2,25.98,109.1,0.03,Germany
2014-01-29,39.66,25.9,108.83,0.02,Germany
2014-01-30,43.75,25.3,109.36,0.03,Germany
2014-01-31,45.85,25.0,108.16,0.03,Germany
2014-02-01,46.16,24.73,107.62,0.04,Germany
2014-02-02,46.46,24.47,107.09,0.04,Germany
2014-02-03,46.77,24.2,106.55,0.04,Germany
2014-02-04,43.85,24.33,107.04,0.04,Germany
2014-02-05,35.98,24.35,106.81,0.03,Germany
2014-02-06,35.88,24.55,108.15,0.03,Germany
2014-02-07,28.85,24.68,110.12,0.03,Germany
2014-02-08,32.81,24.69,110.14,0.02,Germany
2014-02-09,36.77,24.69,110.16,0.02,Germany
2014-02-10,40.73,24.7,110.18,0.02,Germany
2014-02-11,38.5,24.55,109.21,0.02,Germany
2014-02-12,34.32,24.8,108.62,0.02,Germany
2014-02-13,32.95,24.1,108.98,0.01,Germany
2014-02-14,34.5,24.17,108.63,0.01,Germany
2014-02-15,35.95,24.08,108.63,0.01,Germany
2014-02-16,37.41,23.99,108.63,0.01,Germany
2014-02-17,38.86,23.9,108.63,0.01,Germany
2014-02-18,40.75,23.5,110.14,0.01,Germany
2014-02-19,43.94,23.65,110.37,0.01,Germany
2014-02-20,34.93,23.4,109.42,0.01,Germany
2014-02-21,34.56,23.1,109.03,0.01,Germany
2014-02-22,33.22,23.07,109.27,0.01,Germany
2014-02-23,31.88,23.03,109.52,0.01,Germany
2014-02-24,30.54,23.0,109.76,0.01,Germany
2014-02-25,34.56,22.8,109.19,0.01,Germany
2014-02-26,41.34,22.95,109.39,0.01,Germany
2014-02-27,41.72,23.3,108.54,0.01,Germany
2014-02-28,41.35,22.95,108.98,0.01,Germany
2014-03-01,40.23,23.45,109.74,0.02,Germany
2014-03-02,39.12,23.95,110.5,0.03,Germany
2014-03-03,38.0,24.45,111.26,0.04,Germany
2014-03-04,46.83,23.55,109.17,0.03,Germany
2014-03-05,42.69,23.6,108.15,0.02,Germany
2014-03-06,39.92,23.95,107.99,0.03,Germany
2014-03-07,33.43,23.2,109.14,0.03,Germany
2014-03-08,28.39,23.23,108.85,0.02,Germany
2014-03-09,23.36,23.27,108.56,0.02,Germany
2014-03-10,18.32,23.3,108.27,0.02,Germany
2014-03-11,33.25,23.23,108.35,0.02,Germany
2014-03-12,35.85,23.0,107.88,0.01,Germany
2014-03-13,38.5,23.15,107.48,0.02,Germany
2014-03-14,34.95,23.3,108.08,0.01,Germany
2014-03-15,32.21,23.12,107.72,0.01,Germany
2014-03-16,29.46,22.93,107.35,0.01,Germany
2014-03-17,26.72,22.75,106.99,0.01,Germany
2014-03-18,32.41,22.65,106.79,0.01,Germany
2014-03-19,25.01,22.8,105.95,0.01,Germany
2014-03-20,26.41,22.13,105.73,0.01,Germany
2014-03-21,27.66,22.0,107.2,0.01,Germany
2014-03-22,30.89,22.2,107.0,0.01,Germany
2014-03-23,34.11,22.4,106.79,0.01,Germany
2014-03-24,37.34,22.6,106.59,0.01,Germany
2014-03-25,38.59,22.35,107.01,0.01,Germany
2014-03-26,35.85,21.9,105.9,0.0,Germany
2014-03-27,33.16,22.0,106.58,0.0,Germany
2014-03-28,35.42,21.1,106.64,0.0,Germany
2014-03-29,35.8,21.1,106.41,0.0,Germany
2014-03-30,36.18,21.1,106.18,0.0,Germany
2014-03-31,36.56,21.1,105.95,0.0,Germany
2014-04-01,40.0,19.95,105.7,0.0,Germany
2014-04-02,38.65,20.0,103.37,0.0,Germany
2014-04-03,35.01,19.5,104.88,0.0,Germany
2014-04-04,32.94,19.8,106.41,0.0,Germany
2014-04-05,34.36,20.11,105.9,0.0,Germany
2014-04-06,35.77,20.42,105.4,0.0,Germany
2014-04-07,37.19,20.73,104.89,0.0,Germany
2014-04-08,27.36,21.1,105.83,0.01,Germany
2014-04-09,28.38,21.05,107.39,0.01,Germany
2014-04-10,40.15,21.4,107.1,0.01,Germany
2014-04-11,40.02,21.4,107.34,0.01,Germany
2014-04-12,34.65,21.5,107.45,0.01,Germany
2014-04-13,29.27,21.6,107.57,0.01,Germany
2014-04-14,23.9,21.7,107.68,0.01,Germany
2014-04-15,28.25,21.5,109.1,0.01,Germany
2014-04-16,34.97,21.4,109.71,0.01,Germany
2014-04-17,33.18,20.6,109.79,0.01,Germany
2014-04-18,28.51,20.65,109.79,0.01,Germany
2014-04-19,26.23,20.65,109.76,0.0,Germany
2014-04-20,23.96,20.65,109.72,0.0,Germany
2014-04-21,21.68,20.65,109.69,0.0,Germany
2014-04-22,36.69,20.25,108.54,0.0,Germany
2014-04-23,36.87,19.58,108.48,0.0,Germany
2014-04-24,37.01,19.5,109.79,0.0,Germany
2014-04-25,33.0,19.95,109.53,0.0,Germany
2014-04-26,35.67,19.95,109.39,0.0,Germany
2014-04-27,38.35,19.95,109.26,0.0,Germany
2014-04-28,41.02,19.95,109.12,0.0,Germany
2014-04-29,40.19,19.7,109.89,0.0,Germany
2014-04-30,36.15,18.95,108.63,0.0,Germany
2014-05-01,22.88,18.45,108.63,0.0,Germany
2014-05-02,29.26,20.0,109.48,0.0,Germany
2014-05-03,31.57,19.88,109.48,0.0,Germany
2014-05-04,33.89,19.77,109.48,0.0,Germany
2014-05-05,36.2,19.65,109.48,0.0,Germany
2014-05-06,32.35,18.78,108.3,0.0,Germany
2014-05-07,34.34,18.7,108.17,0.0,Germany
2014-05-08,31.34,19.5,108.19,0.0,Germany
2014-05-09,28.48,19.2,108.26,0.0,Germany
2014-05-10,28.64,19.25,108.3,0.0,Germany
2014-05-11,28.81,19.3,108.33,0.0,Germany
2014-05-12,28.97,19.35,108.37,0.0,Germany
2014-05-13,39.89,19.73,108.78,0.0,Germany
2014-05-14,32.37,19.35,109.87,0.0,Germany
2014-05-15,37.68,19.05,109.74,0.01,Germany
2014-05-16,32.36,19.1,110.9,0.01,Germany
2014-05-17,35.0,18.93,110.88,0.01,Germany
2014-05-18,37.64,18.77,110.86,0.01,Germany
2014-05-19,40.28,18.6,110.84,0.01,Germany
2014-05-20,40.2,19.3,110.35,0.01,Germany
2014-05-21,38.56,19.4,111.32,0.01,Germany
2014-05-22,33.45,19.3,110.89,0.01,Germany
2014-05-23,39.85,18.9,110.19,0.0,Germany
2014-05-24,38.63,18.92,110.13,0.0,Germany
2014-05-25,37.42,18.93,110.07,0.0,Germany
2014-05-26,36.2,18.95,110.01,0.0,Germany
2014-05-27,37.45,19.05,109.81,0.0,Germany
2014-05-28,36.96,18.33,109.09,0.0,Germany
2014-05-29,29.1,18.5,109.98,0.0,Germany
2014-05-30,36.59,18.75,109.21,0.0,Germany
2014-05-31,36.59,18.56,109.25,0.0,Germany
2014-06-01,36.59,18.36,109.3,0.0,Germany
2014-06-02,36.59,18.17,109.34,0.0,Germany
2014-06-03,42.5,18.35,108.87,0.0,Germany
2014-06-04,38.8,17.4,109.07,0.0,Germany
2014-06-05,32.3,16.78,108.43,0.0,Germany
2014-06-06,31.19,16.3,109.21,0.01,Germany
2014-06-07,29.45,16.2,109.66,0.01,Germany
2014-06-08,27.72,16.1,110.1,0.01,Germany
2014-06-09,25.98,16.0,110.55,0.01,Germany
2014-06-10,33.42,17.3,109.18,0.01,Germany
2014-06-11,39.05,17.5,109.83,0.01,Germany
2014-06-12,37.88,16.8,112.18,0.01,Germany
2014-06-13,30.66,18.0,113.15,0.0,Germany
2014-06-14,31.24,18.03,113.24,0.0,Germany
2014-06-15,31.81,18.07,113.33,0.0,Germany
2014-06-16,32.39,18.1,113.42,0.0,Germany
2014-06-17,38.72,17.95,114.02,0.0,Germany
2014-06-18,34.96,17.9,114.25,0.0,Germany
2014-06-19,25.56,17.6,115.19,0.0,Germany
2014-06-20,28.89,17.45,114.55,0.0,Germany
2014-06-21,30.77,17.34,114.24,0.0,Germany
2014-06-22,32.65,17.24,113.93,0.0,Germany
2014-06-23,34.53,17.13,113.62,0.0,Germany
2014-06-24,39.68,17.85,113.74,0.0,Germany
2014-06-25,37.89,17.55,112.84,0.01,Germany
2014-06-26,39.73,17.35,112.61,0.01,Germany
2014-06-27,37.15,17.4,112.62,0.0,Germany
2014-06-28,36.34,17.05,112.09,0.01,Germany
2014-06-29,35.52,16.7,111.56,0.01,Germany
2014-06-30,34.71,16.35,111.03,0.01,Germany
2014-07-01,34.3,16.85,110.84,0.01,Germany
2014-07-02,34.75,16.5,110.18,0.01,Germany
2014-07-03,33.16,15.6,108.98,0.01,Germany
2014-07-04,31.9,16.3,108.98,0.01,Germany
2014-07-05,32.51,15.8,108.89,0.01,Germany
2014-07-06,33.13,15.3,108.79,0.01,Germany
2014-07-07,33.74,14.8,108.7,0.01,Germany
2014-07-08,34.02,15.9,107.65,0.01,Germany
2014-07-09,32.18,15.65,106.84,0.01,Germany
2014-07-10,31.61,15.2,106.2,0.01,Germany
2014-07-11,31.46,15.2,105.77,0.01,Germany
2014-07-12,31.62,15.63,105.42,0.01,Germany
2014-07-13,31.78,16.07,105.08,0.01,Germany
2014-07-14,31.94,16.5,104.73,0.01,Germany
2014-07-15,33.35,16.2,104.73,0.01,Germany
2014-07-16,35.59,16.45,105.41,0.01,Germany
2014-07-17,36.27,16.9,106.04,0.01,Germany
2014-07-18,35.94,16.48,106.03,0.01,Germany
2014-07-19,35.26,16.49,105.92,0.01,Germany
2014-07-20,34.59,16.49,105.82,0.01,Germany
2014-07-21,33.91,16.5,105.71,0.01,Germany
2014-07-22,33.72,16.5,106.48,0.01,Germany
2014-07-23,32.35,16.7,106.85,0.01,Germany
2014-07-24,34.28,16.85,105.78,0.01,Germany
2014-07-25,34.35,17.95,106.89,0.01,Germany
2014-07-26,34.9,18.07,106.83,0.01,Germany
2014-07-27,35.45,18.18,106.76,0.01,Germany
2014-07-28,36.0,18.3,106.7,0.01,Germany
2014-07-29,34.42,17.9,106.98,0.01,Germany
2014-07-30,32.73,17.3,106.47,0.01,Germany
2014-07-31,32.16,17.1,104.94,0.01,Germany
2014-08-01,32.59,16.2,103.45,0.01,Germany
2014-08-02,32.84,16.27,103.51,0.01,Germany
2014-08-03,33.1,16.33,103.57,0.01,Germany
2014-08-04,33.35,16.4,103.63,0.01,Germany
2014-08-05,33.59,16.6,102.82,0.01,Germany
2014-08-06,31.0,16.3,104.17,0.01,Germany
2014-08-07,32.25,16.35,104.02,0.02,Germany
2014-08-08,31.85,16.9,103.36,0.02,Germany
2014-08-09,29.03,16.68,103.4,0.02,Germany
2014-08-10,26.21,16.45,103.43,0.02,Germany
2014-08-11,23.39,16.23,103.47,0.02,Germany
2014-08-12,30.95,16.3,101.68,0.02,Germany
2014-08-13,35.61,17.3,102.27,0.02,Germany
2014-08-14,30.31,17.5,101.15,0.01,Germany
2014-08-15,29.52,18.85,101.13,0.02,Germany
2014-08-16,26.87,18.57,100.54,0.02,Germany
2014-08-17,24.23,18.28,99.96,0.02,Germany
2014-08-18,21.58,18.0,99.37,0.02,Germany
2014-08-19,29.98,17.9,99.74,0.01,Germany
2014-08-20,31.03,17.65,99.92,0.01,Germany
2014-08-21,33.2,17.38,100.28,0.01,Germany
2014-08-22,31.74,18.25,100.09,0.01,Germany
2014-08-23,33.15,18.15,100.22,0.01,Germany
2014-08-24,34.57,18.05,100.36,0.01,Germany
2014-08-25,35.98,17.95,100.49,0.01,Germany
2014-08-26,40.27,18.55,100.5,0.01,Germany
2014-08-27,37.51,17.85,100.4,0.01,Germany
2014-08-28,35.99,19.08,100.71,0.01,Germany
2014-08-29,34.95,19.9,101.12,0.01,Germany
2014-08-30,34.5,20.21,101.12,0.01,Germany
2014-08-31,34.06,20.52,101.12,0.01,Germany
2014-09-01,33.61,20.83,101.12,0.01,Germany
2014-09-02,34.97,20.13,100.21,0.02,Germany
2014-09-03,31.46,20.5,100.88,0.02,Germany
2014-09-04,31.1,20.65,101.21,0.02,Germany
2014-09-05,35.42,20.4,99.51,0.02,Germany
2014-09-06,35.64,20.28,99.52,0.02,Germany
2014-09-07,35.86,20.17,99.52,0.02,Germany
2014-09-08,36.08,20.05,99.53,0.02,Germany
2014-09-09,38.31,19.4,98.08,0.02,Germany
2014-09-10,37.61,19.85,96.26,0.01,Germany
2014-09-11,38.51,19.4,96.42,0.01,Germany
2014-09-12,37.47,19.1,96.31,0.01,Germany
2014-09-13,37.31,19.72,96.35,0.01,Germany
2014-09-14,37.16,20.33,96.39,0.01,Germany
2014-09-15,37.0,20.95,96.43,0.01,Germany
2014-09-16,38.02,21.38,97.39,0.01,Germany
2014-09-17,33.61,20.4,97.7,0.01,Germany
2014-09-18,36.34,21.35,96.82,0.01,Germany
2014-09-19,41.15,21.0,96.75,0.02,Germany
2014-09-20,37.13,21.3,96.29,0.02,Germany
2014-09-21,33.11,21.6,95.83,0.02,Germany
2014-09-22,29.09,21.9,95.37,0.02,Germany
2014-09-23,39.88,21.5,94.87,0.02,Germany
2014-09-24,37.35,21.95,94.53,0.02,Germany
2014-09-25,36.39,22.03,95.2,0.02,Germany
2014-09-26,34.58,21.3,95.08,0.03,Germany
2014-09-27,36.63,21.43,95.29,0.03,Germany
2014-09-28,38.69,21.57,95.49,0.02,Germany
2014-09-29,40.74,21.7,95.7,0.02,Germany
2014-09-30,45.22,20.7,94.67,0.02,Germany
2014-10-01,48.19,21.5,94.57,0.03,Germany
2014-10-02,46.43,21.2,91.29,0.03,Germany
2014-10-03,31.8,20.28,90.8,0.03,Germany
2014-10-04,32.81,20.6,90.75,0.03,Germany
2014-10-05,33.81,20.93,90.7,0.03,Germany
2014-10-06,34.82,21.25,90.65,0.03,Germany
2014-10-07,29.8,20.6,90.9,0.03,Germany
2014-10-08,35.79,20.68,90.25,0.03,Germany
2014-10-09,32.6,21.25,90.47,0.03,Germany
2014-10-10,39.44,20.98,88.66,0.03,Germany
2014-10-11,38.81,21.04,88.38,0.03,Germany
2014-10-12,38.18,21.09,88.1,0.03,Germany
2014-10-13,37.55,21.15,87.82,0.03,Germany
2014-10-14,41.69,20.8,86.36,0.03,Germany
2014-10-15,42.72,20.78,84.02,0.07,Germany
2014-10-16,41.9,21.4,84.02,0.09,Germany
2014-10-17,40.3,20.8,85.27,0.09,Germany
2014-10-18,36.45,20.77,84.99,0.09,Germany
2014-10-19,32.61,20.73,84.7,0.09,Germany
2014-10-20,28.76,20.7,84.42,0.09,Germany
2014-10-21,32.13,21.45,85.17,0.08,Germany
2014-10-22,26.23,22.25,86.38,0.07,Germany
2014-10-23,40.92,22.05,85.94,0.05,Germany
2014-10-24,36.34,21.95,86.0,0.05,Germany
2014-10-25,35.26,21.88,85.88,0.04,Germany
2014-10-26,34.18,21.82,85.76,0.04,Germany
2014-10-27,33.1,21.75,85.64,0.04,Germany
2014-10-28,36.07,22.45,85.57,0.03,Germany
2014-10-29,43.3,22.2,86.91,0.03,Germany
2014-10-30,47.03,21.1,85.5,0.03,Germany
2014-10-31,37.17,20.6,84.17,0.02,Germany
2014-11-01,33.02,21.15,84.41,0.02,Germany
2014-11-02,28.87,21.7,84.66,0.02,Germany
2014-11-03,24.72,22.25,84.9,0.02,Germany
2014-11-04,32.65,22.25,82.12,0.02,Germany
2014-11-05,45.23,21.7,82.88,0.01,Germany
2014-11-06,49.15,21.8,82.08,0.01,Germany
2014-11-07,35.34,22.65,83.2,0.01,Germany
2014-11-08,37.15,22.63,83.1,0.01,Germany
2014-11-09,38.97,22.62,83.0,0.01,Germany
2014-11-10,40.78,22.6,82.9,0.01,Germany
2014-11-11,36.31,22.83,80.94,0.01,Germany
2014-11-12,40.38,22.43,80.42,0.01,Germany
2014-11-13,43.21,22.2,77.74,0.01,Germany
2014-11-14,36.57,22.25,77.51,0.01,Germany
2014-11-15,38.91,22.45,77.29,0.01,Germany
2014-11-16,41.25,22.65,77.08,0.01,Germany
2014-11-17,43.59,22.85,76.86,0.01,Germany
2014-11-18,46.09,22.8,77.23,0.01,Germany
2014-11-19,47.58,23.0,77.21,0.0,Germany
2014-11-20,46.6,23.4,77.61,0.0,Germany
2014-11-21,44.81,23.3,79.2,0.01,Germany
2014-11-22,43.22,23.53,79.34,0.01,Germany
2014-11-23,41.62,23.77,79.48,0.01,Germany
2014-11-24,40.03,24.0,79.62,0.01,Germany
2014-11-25,47.9,24.9,77.62,0.01,Germany
2014-11-26,43.51,24.6,77.39,0.0,Germany
2014-11-27,42.7,23.7,77.39,0.0,Germany
2014-11-28,31.33,24.05,71.89,0.0,Germany
2014-11-29,34.0,24.05,71.55,0.01,Germany
2014-11-30,36.66,24.05,71.21,0.01,Germany
2014-12-01,39.33,24.05,70.87,0.01,Germany
2014-12-02,51.49,23.8,71.13,0.01,Germany
2014-12-03,54.69,23.7,70.13,0.01,Germany
2014-12-04,55.48,23.42,68.48,0.01,Germany
2014-12-05,53.82,23.43,68.0,0.01,Germany
2014-12-06,49.75,23.22,67.21,0.01,Germany
2014-12-07,45.67,23.01,66.43,0.01,Germany
2014-12-08,41.6,22.8,65.64,0.01,Germany
2014-12-09,49.53,23.2,66.11,0.01,Germany
2014-12-10,33.01,22.9,63.32,0.01,Germany
2014-12-11,29.77,22.6,63.65,0.01,Germany
2014-12-12,29.91,22.73,61.67,0.02,Germany
2014-12-13,33.14,22.6,61.48,0.02,Germany
2014-12-14,36.36,22.46,61.28,0.02,Germany
2014-12-15,39.59,22.33,61.09,0.02,Germany
2014-12-16,45.75,22.48,60.26,0.02,Germany
2014-12-17,38.89,22.2,59.84,0.02,Germany
2014-12-18,29.59,22.3,58.81,0.02,Germany
2014-12-19,23.1,22.3,58.87,0.03,Germany
2014-12-20,17.96,22.04,58.68,0.02,Germany
2014-12-21,12.82,21.79,58.5,0.02,Germany
2014-12-22,7.68,21.53,58.31,0.02,Germany
2014-12-23,16.3,21.58,59.07,0.02,Germany
2014-12-24,9.38,22.2,58.67,0.02,Germany
2014-12-25,12.35,22.2,58.67,0.01,Germany
2014-12-26,33.2,22.7,58.72,0.01,Germany
2014-12-27,35.15,22.43,58.43,0.01,Germany
2014-12-28,37.1,22.17,58.15,0.01,Germany
2014-12-29,39.05,21.9,57.86,0.01,Germany
2014-12-30,37.78,21.23,55.6,0.01,Germany
2014-12-31,32.29,20.4,55.27,0.01,Germany
2015-01-01,16.31,20.7,55.27,0.01,Germany
2015-01-02,4.45,20.3,55.38,0.01,Germany
2015-01-03,14.92,20.13,53.95,0.01,Germany
2015-01-04,25.39,19.97,52.51,0.01,Germany
2015-01-05,35.86,19.8,51.08,0.01,Germany
2015-01-06,33.88,19.2,50.12,0.03,Germany
2015-01-07,38.72,19.15,49.06,0.03,Germany
2015-01-08,28.48,19.4,49.43,0.03,Germany
2015-01-09,24.25,19.15,47.64,0.03,Germany
2015-01-10,23.69,19.33,47.39,0.03,Germany
2015-01-11,23.12,19.52,47.15,0.03,Germany
2015-01-12,22.56,19.7,46.9,0.03,Germany
2015-01-13,24.81,20.15,45.13,0.02,Germany
2015-01-14,27.21,20.1,45.82,0.02,Germany
2015-01-15,25.37,19.9,47.66,0.03,Germany
2015-01-16,33.08,19.8,47.38,0.04,Germany
2015-01-17,36.25,19.55,47.38,0.04,Germany
2015-01-18,39.41,19.3,47.38,0.04,Germany
2015-01-19,42.58,19.05,47.38,0.04,Germany
2015-01-20,47.04,19.13,46.49,0.04,Germany
2015-01-21,44.99,19.3,46.5,0.04,Germany
2015-01-22,43.82,19.4,46.09,0.08,Germany
2015-01-23,42.37,19.5,46.69,0.11,Germany
2015-01-24,40.75,19.5,46.48,0.11,Germany
2015-01-25,39.12,19.5,46.28,0.12,Germany
2015-01-26,37.5,19.5,46.07,0.12,Germany
2015-01-27,32.94,20.08,46.55,0.12,Germany
2015-01-28,28.18,20.45,47.07,0.12,Germany
2015-01-29,26.24,20.7,46.61,0.12,Germany
2015-01-30,38.24,20.15,47.52,0.11,Germany
2015-01-31,39.62,20.53,48.93,0.11,Germany
2015-02-01,41.0,20.9,50.33,0.11,Germany
2015-02-02,42.38,21.28,51.74,0.11,Germany
2015-02-03,45.53,21.15,54.41,0.13,Germany
2015-02-04,48.28,21.0,55.07,0.13,Germany
2015-02-05,44.04,21.65,55.98,0.12,Germany
2015-02-06,39.3,21.1,55.88,0.11,Germany
2015-02-07,35.39,21.35,56.25,0.11,Germany
2015-02-08,31.47,21.6,56.63,0.1,Germany
2015-02-09,27.56,21.85,57.0,0.1,Germany
2015-02-10,44.18,22.5,55.79,0.1,Germany
2015-02-11,48.32,23.5,53.48,0.09,Germany
2015-02-12,48.38,24.5,56.23,0.09,Germany
2015-02-13,38.7,23.85,60.33,0.09,Germany
2015-02-14,37.64,23.63,60.74,0.08,Germany
2015-02-15,36.59,23.42,61.16,0.08,Germany
2015-02-16,35.53,23.2,61.57,0.07,Germany
2015-02-17,42.94,22.85,60.78,0.08,Germany
2015-02-18,43.2,22.85,60.72,0.08,Germany
2015-02-19,38.14,22.08,58.78,0.07,Germany
2015-02-20,30.78,22.3,60.99,0.06,Germany
2015-02-21,31.08,22.18,60.59,0.06,Germany
2015-02-22,31.38,22.07,60.18,0.06,Germany
2015-02-23,31.68,21.95,59.78,0.06,Germany
2015-02-24,34.64,22.73,60.33,0.05,Germany
2015-02-25,44.28,23.13,59.77,0.03,Germany
2015-02-26,37.3,23.95,61.39,0.05,Germany
2015-02-27,38.86,23.9,61.89,0.04,Germany
2015-02-28,34.82,23.61,61.51,0.04,Germany
2015-03-01,30.78,23.31,61.13,0.04,Germany
2015-03-02,26.74,23.02,60.75,0.03,Germany
2015-03-03,27.21,22.05,61.18,0.02,Germany
2015-03-04,26.14,22.45,59.18,0.03,Germany
2015-03-05,36.37,21.92,60.33,0.03,Germany
2015-03-06,39.94,22.45,59.15,0.03,Germany
2015-03-07,39.6,22.27,58.99,0.03,Germany
2015-03-08,39.27,22.08,58.83,0.03,Germany
2015-03-09,38.93,21.9,58.67,0.03,Germany
2015-03-10,37.9,22.08,55.95,0.06,Germany
2015-03-11,34.85,22.23,56.46,0.11,Germany
2015-03-12,39.46,22.2,56.66,0.13,Germany
2015-03-13,36.67,21.5,54.8,0.15,Germany
2015-03-14,34.73,21.45,53.87,0.15,Germany
2015-03-15,32.78,21.4,52.93,0.15,Germany
2015-03-16,30.84,21.35,52.0,0.15,Germany
2015-03-17,31.93,21.3,52.17,0.15,Germany
2015-03-18,36.44,21.5,52.59,0.17,Germany
2015-03-19,37.23,21.0,52.96,0.17,Germany
2015-03-20,35.3,21.0,53.88,0.19,Germany
2015-03-21,37.27,21.1,53.86,0.19,Germany
2015-03-22,39.23,21.2,53.84,0.19,Germany
2015-03-23,41.2,21.3,53.82,0.19,Germany
2015-03-24,48.28,21.7,53.61,0.2,Germany
2015-03-25,39.54,21.35,54.18,0.18,Germany
2015-03-26,40.73,22.2,57.02,0.18,Germany
2015-03-27,33.69,21.95,56.44,0.17,Germany
2015-03-28,27.81,21.97,55.62,0.17,Germany
2015-03-29,21.93,21.98,54.81,0.17,Germany
2015-03-30,16.05,22.0,53.99,0.17,Germany
2015-03-31,17.85,22.4,53.69,0.17,Germany
2015-04-01,19.1,23.2,55.73,0.16,Germany
2015-04-02,32.25,22.9,55.73,0.17,Germany
2015-04-03,23.71,22.45,55.73,0.15,Germany
2015-04-04,24.42,22.58,55.73,0.14,Germany
2015-04-05,25.13,22.72,55.73,0.13,Germany
2015-04-06,25.84,22.85,55.73,0.12,Germany
2015-04-07,36.37,22.7,57.55,0.13,Germany
2015-04-08,41.98,22.17,56.42,0.11,Germany
2015-04-09,42.37,22.35,56.04,0.12,Germany
2015-04-10,35.53,23.1,56.82,0.11,Germany
2015-04-11,30.74,22.85,56.93,0.11,Germany
2015-04-12,25.96,22.6,57.03,0.11,Germany
2015-04-13,21.17,22.35,57.14,0.11,Germany
2015-04-14,32.57,22.1,57.69,0.09,Germany
2015-04-15,26.96,22.25,59.32,0.07,Germany
2015-04-16,34.29,22.17,60.13,0.06,Germany
2015-04-17,37.29,21.43,61.31,0.07,Germany
2015-04-18,35.76,21.55,61.27,0.07,Germany
2015-04-19,34.22,21.68,61.24,0.07,Germany
2015-04-20,32.69,21.8,61.2,0.07,Germany
2015-04-21,30.41,21.75,60.12,0.07,Germany
2015-04-22,35.7,21.45,60.12,0.06,Germany
2015-04-23,34.71,21.6,62.66,0.07,Germany
2015-04-24,33.41,21.75,62.96,0.07,Germany
2015-04-25,33.95,21.73,62.93,0.07,Germany
2015-04-26,34.5,21.72,62.89,0.07,Germany
2015-04-27,35.04,21.7,62.86,0.07,Germany
2015-04-28,37.13,21.6,62.61,0.07,Germany
2015-04-29,32.37,21.3,63.97,0.08,Germany
2015-04-30,34.98,20.75,63.9,0.1,Germany
2015-05-01,23.21,20.1,64.13,0.11,Germany
2015-05-02,25.76,20.33,64.29,0.12,Germany
2015-05-03,28.3,20.57,64.46,0.12,Germany
2015-05-04,30.85,20.8,64.62,0.12,Germany
2015-05-05,26.77,20.2,65.44,0.12,Germany
2015-05-06,26.0,20.25,66.22,0.14,Germany
2015-05-07,27.87,20.2,64.93,0.13,Germany
2015-05-08,29.88,20.33,63.82,0.14,Germany
2015-05-09,29.67,20.59,63.49,0.14,Germany
2015-05-10,29.45,20.84,63.15,0.14,Germany
2015-05-11,29.24,21.1,62.82,0.14,Germany
2015-05-12,29.36,20.9,65.09,0.13,Germany
2015-05-13,26.4,20.7,66.33,0.13,Germany
2015-05-14,20.21,20.73,65.58,0.12,Germany
2015-05-15,30.58,20.4,64.69,0.12,Germany
2015-05-16,30.41,20.5,64.84,0.12,Germany
2015-05-17,30.25,20.6,65.0,0.11,Germany
2015-05-18,30.08,20.7,65.15,0.11,Germany
2015-05-19,28.75,20.55,63.48,0.13,Germany
2015-05-20,34.77,20.53,63.52,0.12,Germany
2015-05-21,33.99,20.53,64.7,0.11,Germany
2015-05-22,31.19,20.45,64.7,0.11,Germany
2015-05-23,28.63,20.48,64.7,0.1,Germany
2015-05-24,26.08,20.52,64.7,0.1,Germany
2015-05-25,23.52,20.55,64.7,0.1,Germany
2015-05-26,33.2,20.55,61.65,0.1,Germany
2015-05-27,31.96,20.7,61.35,0.1,Germany
2015-05-28,30.49,20.65,60.12,0.09,Germany
2015-05-29,31.12,20.6,63.16,0.09,Germany
2015-05-30,31.23,20.58,63.06,0.09,Germany
2015-05-31,31.33,20.55,62.97,0.09,Germany
2015-06-01,31.44,20.53,62.87,0.09,Germany
2015-06-02,22.03,20.35,63.14,0.11,Germany
2015-06-03,27.75,20.28,62.78,0.12,Germany
2015-06-04,28.93,20.25,60.34,0.12,Germany
2015-06-05,29.61,20.3,60.36,0.13,Germany
2015-06-06,29.95,20.47,60.68,0.13,Germany
2015-06-07,30.3,20.63,61.01,0.14,Germany
2015-06-08,30.64,20.8,61.33,0.14,Germany
2015-06-09,33.78,20.65,63.23,0.14,Germany
2015-06-10,32.43,20.68,64.68,0.15,Germany
2015-06-11,35.76,20.25,63.76,0.15,Germany
2015-06-12,35.2,20.23,63.19,0.15,Germany
2015-06-13,34.1,20.25,62.46,0.15,Germany
2015-06-14,33.0,20.28,61.72,0.16,Germany
2015-06-15,31.9,20.3,60.99,0.16,Germany
2015-06-16,37.47,20.55,60.75,0.16,Germany
2015-06-17,31.36,20.33,60.75,0.16,Germany
2015-06-18,32.58,20.4,61.37,0.16,Germany
2015-06-19,32.4,20.63,59.41,0.15,Germany
2015-06-20,32.68,20.69,59.79,0.15,Germany
2015-06-21,32.97,20.74,60.16,0.15,Germany
2015-06-22,33.25,20.8,60.54,0.16,Germany
2015-06-23,31.87,21.0,61.67,0.17,Germany
2015-06-24,30.59,20.9,61.63,0.16,Germany
2015-06-25,36.47,20.58,60.24,0.15,Germany
2015-06-26,36.27,20.48,60.14,0.15,Germany
2015-06-27,36.22,20.45,59.77,0.16,Germany
2015-06-28,36.17,20.41,59.4,0.16,Germany
2015-06-29,36.12,20.38,59.03,0.17,Germany
2015-06-30,35.55,20.78,60.31,0.19,Germany
2015-07-01,33.58,20.7,61.65,0.2,Germany
2015-07-02,33.9,21.03,61.73,0.2,Germany
2015-07-03,44.76,20.9,59.06,0.2,Germany
2015-07-04,42.19,20.93,58.44,0.2,Germany
2015-07-05,39.62,20.97,57.81,0.21,Germany
2015-07-06,37.05,21.0,57.19,0.21,Germany
2015-07-07,49.02,20.85,54.72,0.23,Germany
2015-07-08,29.57,20.55,55.7,0.23,Germany
2015-07-09,28.7,21.0,57.83,0.23,Germany
2015-07-10,32.14,20.83,57.72,0.23,Germany
2015-07-11,35.09,20.9,57.69,0.24,Germany
2015-07-12,38.03,20.98,57.66,0.25,Germany
2015-07-13,40.98,21.05,57.63,0.26,Germany
2015-07-14,41.61,21.1,57.2,0.26,Germany
2015-07-15,47.73,21.4,57.34,0.26,Germany
2015-07-16,45.59,21.05,57.31,0.26,Germany
2015-07-17,38.05,21.05,56.38,0.25,Germany
2015-07-18,39.29,21.07,56.39,0.24,Germany
2015-07-19,40.53,21.08,56.41,0.24,Germany
2015-07-20,41.77,21.1,56.42,0.23,Germany
2015-07-21,45.6,21.0,55.94,0.23,Germany
2015-07-22,46.7,20.83,56.36,0.21,Germany
2015-07-23,47.18,20.5,55.76,0.2,Germany
2015-07-24,45.5,20.45,54.29,0.18,Germany
2015-07-25,40.7,20.48,54.22,0.19,Germany
2015-07-26,35.91,20.52,54.14,0.19,Germany
2015-07-27,31.11,20.55,54.07,0.2,Germany
2015-07-28,24.56,20.77,54.3,0.19,Germany
2015-07-29,27.4,20.73,54.73,0.19,Germany
2015-07-30,24.5,20.9,54.29,0.18,Germany
2015-07-31,30.52,20.4,53.29,0.16,Germany
2015-08-01,29.99,20.43,52.02,0.16,Germany
2015-08-02,29.46,20.45,50.76,0.15,Germany
2015-08-03,28.93,20.48,49.49,0.15,Germany
2015-08-04,33.2,19.95,49.08,0.14,Germany
2015-08-05,34.81,20.28,49.04,0.14,Germany
2015-08-06,34.45,20.45,47.8,0.13,Germany
2015-08-07,34.22,19.95,47.54,0.12,Germany
2015-08-08,34.25,19.97,47.79,0.12,Germany
2015-08-09,34.28,20.0,48.05,0.12,Germany
2015-08-10,34.31,20.02,48.3,0.11,Germany
2015-08-11,38.79,19.95,47.33,0.11,Germany
2015-08-12,37.59,19.55,48.29,0.13,Germany
2015-08-13,34.21,19.65,48.01,0.13,Germany
2015-08-14,30.47,19.65,47.79,0.13,Germany
2015-08-15,30.47,19.6,47.78,0.13,Germany
2015-08-16,30.47,19.55,47.78,0.13,Germany
2015-08-17,30.47,19.5,47.77,0.13,Germany
2015-08-18,37.58,19.6,47.0,0.13,Germany
2015-08-19,39.46,19.2,45.75,0.13,Germany
2015-08-20,37.35,19.15,45.63,0.16,Germany
2015-08-21,31.92,19.08,43.84,0.2,Germany
2015-08-22,31.58,18.93,43.09,0.21,Germany
2015-08-23,31.25,18.78,42.34,0.23,Germany
2015-08-24,30.91,18.63,41.59,0.24,Germany
2015-08-25,26.0,18.88,41.86,0.26,Germany
2015-08-26,29.31,18.9,41.76,0.29,Germany
2015-08-27,30.89,19.25,44.46,0.28,Germany
2015-08-28,41.0,19.48,47.97,0.29,Germany
2015-08-29,39.17,19.49,47.97,0.29,Germany
2015-08-30,37.33,19.49,47.97,0.29,Germany
2015-08-31,35.5,19.5,47.97,0.29,Germany
2015-09-01,39.14,19.8,48.8,0.3,Germany
2015-09-02,37.62,19.85,47.67,0.31,Germany
2015-09-03,40.76,20.1,50.41,0.3,Germany
2015-09-04,33.02,19.35,48.59,0.31,Germany
2015-09-05,32.85,19.33,47.87,0.31,Germany
2015-09-06,32.69,19.3,47.14,0.31,Germany
2015-09-07,32.52,19.28,46.42,0.31,Germany
2015-09-08,35.47,19.38,48.88,0.3,Germany
2015-09-09,34.53,19.4,48.04,0.29,Germany
2015-09-10,33.75,19.25,47.77,0.29,Germany
2015-09-11,33.47,19.4,46.87,0.29,Germany
2015-09-12,33.62,19.3,46.54,0.29,Germany
2015-09-13,33.76,19.2,46.2,0.28,Germany
2015-09-14,33.91,19.1,45.87,0.28,Germany
2015-09-15,28.25,19.0,45.91,0.28,Germany
2015-09-16,33.93,19.25,49.35,0.27,Germany
2015-09-17,27.7,19.1,48.27,0.26,Germany
2015-09-18,36.47,18.98,47.28,0.32,Germany
2015-09-19,36.55,18.99,47.4,0.32,Germany
2015-09-20,36.64,18.99,47.52,0.33,Germany
2015-09-21,36.72,19.0,47.64,0.33,Germany
2015-09-22,33.44,19.08,46.69,0.37,Germany
2015-09-23,43.25,19.2,48.0,0.38,Germany
2015-09-24,32.02,18.6,47.06,0.38,Germany
2015-09-25,35.38,18.75,47.28,0.37,Germany
2015-09-26,35.08,18.7,46.87,0.37,Germany
2015-09-27,34.77,18.65,46.45,0.37,Germany
2015-09-28,34.47,18.6,46.04,0.37,Germany
2015-09-29,34.37,18.65,47.58,0.35,Germany
2015-09-30,37.02,18.4,47.29,0.34,Germany
2015-10-01,39.02,18.0,47.48,0.31,Germany
2015-10-02,37.98,17.7,46.55,0.3,Germany
2015-10-03,38.42,17.72,47.52,0.29,Germany
2015-10-04,38.86,17.73,48.48,0.28,Germany
2015-10-05,39.3,17.75,49.45,0.28,Germany
2015-10-06,37.23,18.15,51.34,0.27,Germany
2015-10-07,40.48,18.42,51.66,0.27,Germany
2015-10-08,47.14,18.67,52.13,0.25,Germany
2015-10-09,44.34,18.75,52.08,0.24,Germany
2015-10-10,41.17,18.73,51.7,0.24,Germany
2015-10-11,38.01,18.7,51.33,0.24,Germany
2015-10-12,34.84,18.68,50.95,0.23,Germany
2015-10-13,42.15,18.4,48.94,0.23,Germany
2015-10-14,44.7,18.25,48.25,0.24,Germany
2015-10-15,39.85,18.5,47.87,0.22,Germany
2015-10-16,47.34,18.33,48.96,0.21,Germany
2015-10-17,48.47,18.47,48.48,0.21,Germany
2015-10-18,49.59,18.61,47.99,0.2,Germany
2015-10-19,50.72,18.75,47.51,0.2,Germany
2015-10-20,48.4,18.35,46.93,0.2,Germany
2015-10-21,41.7,18.25,46.72,0.2,Germany
2015-10-22,37.21,18.3,46.59,0.22,Germany
2015-10-23,37.78,18.25,46.3,0.22,Germany
2015-10-24,38.36,18.13,46.39,0.22,Germany
2015-10-25,38.94,18.02,46.48,0.22,Germany
2015-10-26,39.52,17.9,46.57,0.22,Germany
2015-10-27,40.37,17.98,45.54,0.22,Germany
2015-10-28,42.2,18.0,47.6,0.23,Germany
2015-10-29,49.64,18.15,48.04,0.23,Germany
2015-10-30,43.2,17.83,48.0,0.22,Germany
2015-10-31,42.12,17.79,47.97,0.22,Germany
2015-11-01,41.04,17.74,47.94,0.22,Germany
2015-11-02,39.96,17.7,47.91,0.21,Germany
2015-11-03,41.65,17.5,48.0,0.2,Germany
2015-11-04,42.31,17.4,46.96,0.19,Germany
2015-11-05,43.97,17.08,47.19,0.18,Germany
2015-11-06,36.67,17.2,46.09,0.19,Germany
2015-11-07,34.01,16.96,45.85,0.19,Germany
2015-11-08,31.34,16.72,45.62,0.2,Germany
2015-11-09,28.68,16.48,45.38,0.2,Germany
2015-11-10,28.84,16.63,46.44,0.19,Germany
2015-11-11,35.08,16.35,44.98,0.18,Germany
2015-11-12,36.45,16.2,44.98,0.2,Germany
2015-11-13,32.09,15.98,41.98,0.2,Germany
2015-11-14,31.56,16.25,41.41,0.21,Germany
2015-11-15,31.04,16.53,40.85,0.21,Germany
2015-11-16,30.51,16.8,40.28,0.21,Germany
2015-11-17,31.72,17.05,41.28,0.21,Germany
2015-11-18,20.44,17.3,41.45,0.2,Germany
2015-11-19,24.85,17.3,42.22,0.19,Germany
2015-11-20,38.17,17.5,42.49,0.18,Germany
2015-11-21,41.92,17.53,42.89,0.17,Germany
2015-11-22,45.68,17.57,43.3,0.17,Germany
2015-11-23,49.43,17.6,43.7,0.17,Germany
2015-11-24,35.21,17.7,44.38,0.17,Germany
2015-11-25,41.73,17.88,43.56,0.16,Germany
2015-11-26,51.27,17.7,43.55,0.14,Germany
2015-11-27,36.77,17.7,43.07,0.12,Germany
2015-11-28,32.94,17.87,43.29,0.12,Germany
2015-11-29,29.11,18.03,43.51,0.11,Germany
2015-11-30,25.28,18.2,43.73,0.11,Germany
2015-12-01,35.67,17.95,42.97,0.09,Germany
2015-12-02,36.4,17.85,41.92,0.08,Germany
2015-12-03,42.53,17.15,42.0,0.18,Germany
2015-12-04,30.73,17.15,41.44,0.21,Germany
2015-12-05,34.02,17.03,40.86,0.21,Germany
2015-12-06,37.32,16.9,40.27,0.22,Germany
2015-12-07,40.61,16.78,39.69,0.23,Germany
2015-12-08,34.73,16.75,39.44,0.26,Germany
2015-12-09,34.95,16.65,39.04,0.27,Germany
2015-12-10,29.46,16.5,38.65,0.28,Germany
2015-12-11,26.4,16.23,36.99,0.3,Germany
2015-12-12,31.58,16.18,36.83,0.3,Germany
2015-12-13,36.76,16.13,36.67,0.3,Germany
2015-12-14,41.94,16.08,36.51,0.3,Germany
2015-12-15,42.61,15.95,37.66,0.3,Germany
2015-12-16,36.97,15.25,36.96,0.29,Germany
2015-12-17,32.47,15.5,36.29,0.28,Germany
2015-12-18,32.64,14.9,36.76,0.28,Germany
2015-12-19,30.09,14.72,36.29,0.28,Germany
2015-12-20,27.53,14.53,35.81,0.28,Germany
2015-12-21,24.98,14.35,35.34,0.28,Germany
2015-12-22,16.98,13.85,35.26,0.28,Germany
2015-12-23,16.98,13.93,35.79,0.27,Germany
2015-12-24,17.27,14.2,37.22,0.26,Germany
2015-12-25,13.3,14.2,37.22,0.25,Germany
2015-12-26,19.14,14.27,37.17,0.25,Germany
2015-12-27,24.97,14.35,37.13,0.24,Germany
2015-12-28,30.81,14.42,37.08,0.24,Germany
2015-12-29,30.96,15.4,36.85,0.23,Germany
2015-12-30,26.86,14.3,35.65,0.22,Germany
2015-12-31,21.92,14.4,36.61,0.2,Germany
2016-01-01,24.95,14.62,36.61,0.18,Germany
2016-01-02,25.79,14.64,36.5,0.18,Germany
2016-01-03,26.63,14.66,36.39,0.19,Germany
2016-01-04,27.47,14.68,36.28,0.2,Germany
2016-01-05,33.39,14.7,35.56,0.18,Germany
2016-01-06,33.61,15.18,33.89,0.18,Germany
2016-01-07,33.4,15.38,33.57,0.21,Germany
2016-01-08,26.97,14.57,31.67,0.23,Germany
2016-01-09,29.19,14.54,31.16,0.24,Germany
2016-01-10,31.4,14.51,30.65,0.24,Germany
2016-01-11,33.62,14.48,30.14,0.24,Germany
2016-01-12,29.45,14.05,29.14,0.24,Germany
2016-01-13,29.16,14.25,28.58,0.23,Germany
2016-01-14,33.59,13.82,28.84,0.23,Germany
2016-01-15,35.4,13.43,28.8,0.26,Germany
2016-01-16,36.56,13.5,28.32,0.26,Germany
2016-01-17,37.71,13.56,27.84,0.26,Germany
2016-01-18,38.87,13.63,27.36,0.26,Germany
2016-01-19,48.2,13.7,27.36,0.25,Germany
2016-01-20,48.73,13.05,26.01,0.27,Germany
2016-01-21,52.18,12.98,27.59,0.27,Germany
2016-01-22,33.29,13.5,30.46,0.26,Germany
2016-01-23,31.64,13.26,30.25,0.26,Germany
2016-01-24,29.99,13.01,30.03,0.26,Germany
2016-01-25,28.34,12.77,29.82,0.26,Germany
2016-01-26,25.51,13.05,30.94,0.26,Germany
2016-01-27,19.2,13.4,31.83,0.25,Germany
2016-01-28,25.8,13.75,33.01,0.26,Germany
2016-01-29,22.65,13.0,33.14,0.24,Germany
2016-01-30,22.18,12.94,32.91,0.24,Germany
2016-01-31,21.72,12.88,32.68,0.24,Germany
2016-02-01,21.25,12.82,32.45,0.23,Germany
2016-02-02,16.57,13.05,30.98,0.24,Germany
2016-02-03,22.87,13.15,32.38,0.25,Germany
2016-02-04,26.36,12.45,32.76,0.26,Germany
2016-02-05,27.86,12.7,32.35,0.27,Germany
2016-02-06,23.12,12.55,32.11,0.29,Germany
2016-02-07,18.38,12.4,31.88,0.3,Germany
2016-02-08,13.64,12.25,31.64,0.32,Germany
2016-02-09,16.15,12.18,30.15,0.33,Germany
2016-02-10,24.33,12.18,29.64,0.3,Germany
2016-02-11,25.72,12.0,28.82,0.34,Germany
2016-02-12,28.59,12.15,31.8,0.35,Germany
2016-02-13,27.24,12.27,31.8,0.36,Germany
2016-02-14,25.88,12.38,31.8,0.36,Germany
2016-02-15,24.53,12.5,31.8,0.36,Germany
2016-02-16,32.37,12.58,31.09,0.35,Germany
2016-02-17,26.09,12.32,33.21,0.33,Germany
2016-02-18,27.86,12.35,33.2,0.32,Germany
2016-02-19,27.36,12.23,31.66,0.31,Germany
2016-02-20,24.64,12.37,32.3,0.31,Germany
2016-02-21,21.91,12.51,32.95,0.31,Germany
2016-02-22,19.19,12.65,33.59,0.32,Germany
2016-02-23,24.52,12.7,31.9,0.31,Germany
2016-02-24,23.95,12.48,31.5,0.31,Germany
2016-02-25,27.88,12.27,32.83,0.29,Germany
2016-02-26,27.83,12.25,35.76,0.28,Germany
2016-02-27,26.54,12.42,35.81,0.28,Germany
2016-02-28,25.24,12.58,35.87,0.29,Germany
2016-02-29,23.95,12.75,35.92,0.29,Germany
2016-03-01,25.0,12.55,35.73,0.3,Germany
2016-03-02,24.05,12.6,36.38,0.32,Germany
2016-03-03,28.19,12.5,35.75,0.31,Germany
2016-03-04,24.88,12.28,37.61,0.3,Germany
2016-03-05,26.39,12.35,38.08,0.3,Germany
2016-03-06,27.91,12.41,38.55,0.3,Germany
2016-03-07,29.42,12.48,39.02,0.3,Germany
2016-03-08,28.36,12.35,39.16,0.29,Germany
2016-03-09,25.75,12.3,40.26,0.29,Germany
2016-03-10,26.16,12.13,38.63,0.3,Germany
2016-03-11,27.92,12.4,39.41,0.32,Germany
2016-03-12,27.76,12.38,38.96,0.32,Germany
2016-03-13,27.61,12.35,38.51,0.32,Germany
2016-03-14,27.45,12.33,38.06,0.31,Germany
2016-03-15,27.15,12.25,37.49,0.31,Germany
2016-03-16,25.41,12.4,38.38,0.31,Germany
2016-03-17,27.63,12.38,39.29,0.32,Germany
2016-03-18,25.24,12.28,39.26,0.31,Germany
2016-03-19,26.3,12.19,39.48,0.3,Germany
2016-03-20,27.36,12.09,39.69,0.3,Germany
2016-03-21,28.42,12.0,39.91,0.29,Germany
2016-03-22,26.44,12.15,40.54,0.28,Germany
2016-03-23,26.44,12.05,38.84,0.26,Germany
2016-03-24,27.78,11.95,38.33,0.25,Germany
2016-03-25,25.45,12.13,38.33,0.23,Germany
2016-03-26,17.47,12.16,38.33,0.22,Germany
2016-03-27,9.5,12.19,38.33,0.22,Germany
2016-03-28,1.52,12.22,38.33,0.21,Germany
2016-03-29,22.07,11.93,36.75,0.2,Germany
2016-03-30,27.19,12.1,36.75,0.2,Germany
2016-03-31,27.94,12.4,36.75,0.2,Germany
2016-04-01,27.6,11.53,36.42,0.2,Germany
2016-04-02,27.45,11.49,36.3,0.19,Germany
2016-04-03,27.29,11.44,36.17,0.19,Germany
2016-04-04,27.14,11.4,36.05,0.19,Germany
2016-04-05,26.87,11.35,35.88,0.19,Germany
2016-04-06,22.62,11.32,37.77,0.19,Germany
2016-04-07,22.82,11.43,37.15,0.19,Germany
2016-04-08,28.35,11.2,40.71,0.2,Germany
2016-04-09,26.76,11.12,41.0,0.2,Germany
2016-04-10,25.18,11.03,41.29,0.2,Germany
2016-04-11,23.59,10.95,41.58,0.2,Germany
2016-04-12,28.36,11.5,43.02,0.18,Germany
2016-04-13,28.36,11.35,42.81,0.19,Germany
2016-04-14,26.74,11.28,43.02,0.18,Germany
2016-04-15,26.74,11.27,41.32,0.17,Germany
2016-04-16,25.8,11.27,41.43,0.17,Germany
2016-04-17,24.87,11.27,41.53,0.17,Germany
2016-04-18,23.93,11.27,41.64,0.16,Germany
2016-04-19,20.54,11.27,43.02,0.16,Germany
2016-04-20,23.91,11.95,43.09,0.16,Germany
2016-04-21,26.59,11.95,43.48,0.15,Germany
2016-04-22,25.75,13.28,43.97,0.16,Germany
2016-04-23,26.0,13.27,43.64,0.16,Germany
2016-04-24,26.24,13.26,43.3,0.17,Germany
2016-04-25,26.49,13.25,42.97,0.17,Germany
2016-04-26,26.99,13.6,43.94,0.17,Germany
2016-04-27,26.09,14.45,44.17,0.17,Germany
2016-04-28,29.9,13.08,45.6,0.18,Germany
2016-04-29,25.65,12.9,45.64,0.22,Germany
2016-04-30,26.38,12.82,45.7,0.21,Germany
2016-05-01,27.1,12.73,45.76,0.21,Germany
2016-05-02,27.83,12.65,45.82,0.21,Germany
2016-05-03,28.27,12.18,43.09,0.25,Germany
2016-05-04,27.36,12.3,43.08,0.26,Germany
2016-05-05,19.45,12.6,44.39,0.26,Germany
2016-05-06,22.54,12.75,44.6,0.25,Germany
2016-05-07,22.21,12.82,43.88,0.25,Germany
2016-05-08,21.89,12.88,43.15,0.25,Germany
2016-05-09,21.56,12.95,42.43,0.24,Germany
2016-05-10,27.03,12.82,44.01,0.24,Germany
2016-05-11,25.07,13.0,46.08,0.23,Germany
2016-05-12,25.3,12.73,46.43,0.21,Germany
2016-05-13,27.36,12.9,47.05,0.2,Germany
2016-05-14,25.17,12.97,47.53,0.19,Germany
2016-05-15,22.98,13.03,48.01,0.18,Germany
2016-05-16,20.79,13.1,48.49,0.18,Germany
2016-05-17,30.3,13.07,48.71,0.16,Germany
2016-05-18,30.63,13.15,48.93,0.16,Germany
2016-05-19,33.36,12.9,47.01,0.15,Germany
2016-05-20,27.66,12.85,48.54,0.14,Germany
2016-05-21,28.18,12.84,48.28,0.14,Germany
2016-05-22,28.71,12.84,48.03,0.14,Germany
2016-05-23,29.23,12.83,47.77,0.14,Germany
2016-05-24,29.41,13.02,48.42,0.16,Germany
2016-05-25,30.52,13.18,48.87,0.17,Germany
2016-05-26,27.55,13.6,49.52,0.17,Germany
2016-05-27,28.67,14.1,49.09,0.16,Germany
2016-05-28,28.67,14.08,49.09,0.16,Germany
2016-05-29,28.67,14.06,49.09,0.16,Germany
2016-05-30,28.67,14.04,49.09,0.16,Germany
2016-05-31,28.67,14.18,49.26,0.16,Germany
2016-06-01,30.47,14.35,48.81,0.16,Germany
2016-06-02,28.78,14.68,49.05,0.16,Germany
2016-06-03,29.08,14.28,48.5,0.14,Germany
2016-06-04,29.56,14.39,48.65,0.14,Germany
2016-06-05,30.04,14.49,48.79,0.15,Germany
2016-06-06,30.52,14.6,48.94,0.15,Germany
2016-06-07,29.12,14.93,49.76,0.15,Germany
2016-06-08,29.08,14.53,50.73,0.15,Germany
2016-06-09,30.68,14.32,50.59,0.15,Germany
2016-06-10,26.19,13.85,49.7,0.19,Germany
2016-06-11,27.23,13.83,49.59,0.2,Germany
2016-06-12,28.26,13.8,49.47,0.2,Germany
2016-06-13,29.3,13.78,49.36,0.21,Germany
2016-06-14,30.14,14.13,47.88,0.23,Germany
2016-06-15,30.58,14.1,47.47,0.23,Germany
2016-06-16,30.58,14.27,45.66,0.25,Germany
2016-06-17,28.04,14.35,46.57,0.25,Germany
2016-06-18,27.68,14.57,47.27,0.25,Germany
2016-06-19,27.32,14.78,47.98,0.26,Germany
2016-06-20,26.96,15.0,48.68,0.26,Germany
2016-06-21,33.09,14.82,48.18,0.27,Germany
2016-06-22,32.45,15.05,48.43,0.26,Germany
2016-06-23,29.41,15.15,48.63,0.28,Germany
2016-06-24,30.58,14.45,46.69,0.36,Germany
2016-06-25,29.64,14.32,46.15,0.38,Germany
2016-06-26,28.71,14.18,45.61,0.4,Germany
2016-06-27,27.77,14.05,45.07,0.42,Germany
2016-06-28,33.08,14.13,46.29,0.45,Germany
2016-06-29,27.33,14.33,48.4,0.46,Germany
2016-06-30,29.63,14.0,48.05,0.47,Germany
2016-07-01,27.11,14.35,47.65,0.46,Germany
2016-07-02,28.35,14.37,47.77,0.46,Germany
2016-07-03,29.59,14.38,47.9,0.46,Germany
2016-07-04,30.83,14.4,48.02,0.46,Germany
2016-07-05,26.98,14.15,45.64,0.47,Germany
2016-07-06,16.21,14.07,45.7,0.46,Germany
2016-07-07,29.58,14.3,45.93,0.45,Germany
2016-07-08,28.66,14.0,44.53,0.43,Germany
2016-07-09,27.52,13.96,44.37,0.42,Germany
2016-07-10,26.37,13.92,44.2,0.42,Germany
2016-07-11,25.23,13.88,44.04,0.41,Germany
2016-07-12,29.87,14.3,46.72,0.41,Germany
2016-07-13,32.58,14.2,44.67,0.4,Germany
2016-07-14,25.2,14.25,46.01,0.38,Germany
2016-07-15,26.0,14.2,46.25,0.38,Germany
2016-07-16,27.28,14.18,45.95,0.37,Germany
2016-07-17,28.55,14.17,45.65,0.37,Germany
2016-07-18,29.83,14.15,45.35,0.37,Germany
2016-07-19,32.43,14.25,45.7,0.36,Germany
2016-07-20,29.44,14.52,45.82,0.35,Germany
2016-07-21,32.78,14.8,44.99,0.33,Germany
2016-07-22,31.74,14.55,44.24,0.32,Germany
2016-07-23,32.23,14.58,44.08,0.32,Germany
2016-07-24,32.73,14.6,43.92,0.31,Germany
2016-07-25,33.22,14.63,43.76,0.31,Germany
2016-07-26,32.94,14.5,43.56,0.29,Germany
2016-07-27,33.52,14.23,42.78,0.3,Germany
2016-07-28,31.62,13.8,41.87,0.29,Germany
2016-07-29,30.06,13.55,40.76,0.28,Germany
2016-07-30,29.95,13.58,40.56,0.27,Germany
2016-07-31,29.84,13.62,40.37,0.27,Germany
2016-08-01,29.73,13.65,40.17,0.26,Germany
2016-08-02,32.55,13.5,40.0,0.29,Germany
2016-08-03,29.27,13.15,40.45,0.27,Germany
2016-08-04,27.89,13.35,41.33,0.29,Germany
2016-08-05,31.55,12.45,42.47,0.29,Germany
2016-08-06,28.12,12.47,42.73,0.29,Germany
2016-08-07,24.7,12.5,42.98,0.29,Germany
2016-08-08,21.27,12.52,43.24,0.28,Germany
2016-08-09,28.77,12.65,43.37,0.28,Germany
2016-08-10,28.77,12.68,42.19,0.27,Germany
2016-08-11,28.84,12.0,44.23,0.25,Germany
2016-08-12,28.02,11.7,45.12,0.24,Germany
2016-08-13,28.01,11.52,45.85,0.23,Germany
2016-08-14,27.99,11.33,46.58,0.23,Germany
2016-08-15,27.98,11.15,47.31,0.23,Germany
2016-08-16,29.66,11.5,48.27,0.21,Germany
2016-08-17,29.78,11.6,48.58,0.2,Germany
2016-08-18,30.59,11.43,49.46,0.19,Germany
2016-08-19,30.73,10.58,49.39,0.19,Germany
2016-08-20,29.93,10.74,48.96,0.19,Germany
2016-08-21,29.14,10.89,48.53,0.19,Germany
2016-08-22,28.34,11.05,48.1,0.19,Germany
2016-08-23,31.38,11.35,48.7,0.19,Germany
2016-08-24,29.77,11.05,47.56,0.18,Germany
2016-08-25,28.8,11.1,49.25,0.17,Germany
2016-08-26,29.44,11.5,49.66,0.16,Germany
2016-08-27,29.28,11.68,49.66,0.16,Germany
2016-08-28,29.11,11.87,49.66,0.15,Germany
2016-08-29,28.95,12.05,49.66,0.15,Germany
2016-08-30,32.11,11.8,47.94,0.15,Germany
2016-08-31,30.67,11.75,47.94,0.15,Germany
2016-09-01,31.26,11.88,45.05,0.15,Germany
2016-09-02,30.55,12.25,45.96,0.13,Germany
2016-09-03,32.63,12.2,46.21,0.13,Germany
2016-09-04,34.7,12.15,46.47,0.13,Germany
2016-09-05,36.78,12.1,46.72,0.12,Germany
2016-09-06,33.09,11.9,46.21,0.12,Germany
2016-09-07,30.77,11.2,47.0,0.12,Germany
2016-09-08,30.97,11.18,49.23,0.12,Germany
2016-09-09,32.32,11.15,48.37,0.11,Germany
2016-09-10,32.59,11.0,48.19,0.11,Germany
2016-09-11,32.86,10.85,48.0,0.11,Germany
2016-09-12,33.13,10.7,47.82,0.12,Germany
2016-09-13,31.93,11.05,46.48,0.14,Germany
2016-09-14,29.09,10.93,45.65,0.14,Germany
2016-09-15,27.97,11.55,45.83,0.13,Germany
2016-09-16,32.45,11.88,45.26,0.14,Germany
2016-09-17,33.23,12.39,45.52,0.14,Germany
2016-09-18,34.01,12.89,45.78,0.14,Germany
2016-09-19,34.79,13.4,46.04,0.14,Germany
2016-09-20,34.53,12.43,45.24,0.14,Germany
2016-09-21,35.02,13.1,45.99,0.13,Germany
2016-09-22,32.59,13.18,47.21,0.16,Germany
2016-09-23,31.1,13.5,46.71,0.18,Germany
2016-09-24,32.9,13.48,46.68,0.18,Germany
2016-09-25,34.69,13.47,46.64,0.19,Germany
2016-09-26,36.49,13.45,46.61,0.2,Germany
2016-09-27,34.9,12.85,44.95,0.21,Germany
2016-09-28,24.59,13.5,45.49,0.2,Germany
2016-09-29,22.44,13.55,48.43,0.2,Germany
2016-09-30,33.72,13.48,48.24,0.19,Germany
2016-10-01,32.67,13.15,48.36,0.19,Germany
2016-10-02,31.63,12.83,48.49,0.19,Germany
2016-10-03,30.58,12.5,48.61,0.19,Germany
2016-10-04,30.33,13.82,48.81,0.17,Germany
2016-10-05,29.68,15.1,49.57,0.18,Germany
2016-10-06,31.19,15.38,50.14,0.17,Germany
2016-10-07,38.39,15.45,50.49,0.17,Germany
2016-10-08,42.32,15.48,50.84,0.17,Germany
2016-10-09,46.26,15.52,51.19,0.17,Germany
2016-10-10,50.19,15.55,51.54,0.17,Germany
2016-10-11,38.31,15.55,50.48,0.16,Germany
2016-10-12,36.87,15.35,49.53,0.15,Germany
2016-10-13,34.07,15.65,49.29,0.15,Germany
2016-10-14,29.7,15.5,48.87,0.16,Germany
2016-10-15,33.78,15.67,49.02,0.16,Germany
2016-10-16,37.86,15.83,49.16,0.16,Germany
2016-10-17,41.94,16.0,49.31,0.16,Germany
2016-10-18,40.03,16.75,49.81,0.18,Germany
2016-10-19,40.41,16.95,51.85,0.17,Germany
2016-10-20,40.51,17.05,50.42,0.17,Germany
2016-10-21,39.58,17.0,50.28,0.15,Germany
2016-10-22,40.36,17.12,50.12,0.15,Germany
2016-10-23,41.14,17.23,49.96,0.15,Germany
2016-10-24,41.92,17.35,49.8,0.15,Germany
2016-10-25,52.86,17.7,49.08,0.14,Germany
2016-10-26,45.17,17.27,48.98,0.14,Germany
2016-10-27,39.6,17.35,49.13,0.14,Germany
2016-10-28,35.96,16.9,47.78,0.14,Germany
2016-10-29,38.33,17.2,47.25,0.14,Germany
2016-10-30,40.69,17.5,46.73,0.14,Germany
2016-10-31,43.06,17.8,46.2,0.15,Germany
2016-11-01,34.75,16.58,45.77,0.14,Germany
2016-11-02,33.03,18.2,44.26,0.15,Germany
2016-11-03,45.6,18.8,43.84,0.17,Germany
2016-11-04,40.35,18.25,43.06,0.17,Germany
2016-11-05,39.57,18.13,42.98,0.17,Germany
2016-11-06,38.79,18.0,42.91,0.16,Germany
2016-11-07,38.01,17.88,42.83,0.16,Germany
2016-11-08,54.25,17.85,43.47,0.16,Germany
2016-11-09,48.3,18.02,43.88,0.16,Germany
2016-11-10,51.78,18.1,43.67,0.17,Germany
2016-11-11,47.66,18.18,41.61,0.17,Germany
2016-11-12,45.06,17.99,41.68,0.17,Germany
2016-11-13,42.46,17.79,41.76,0.17,Germany
2016-11-14,39.86,17.6,41.83,0.16,Germany
2016-11-15,40.14,17.92,44.15,0.17,Germany
2016-11-16,43.03,17.45,45.07,0.17,Germany
2016-11-17,33.96,17.78,44.57,0.17,Germany
2016-11-18,24.17,17.98,44.41,0.17,Germany
2016-11-19,27.39,17.75,44.93,0.17,Germany
2016-11-20,30.61,17.53,45.44,0.16,Germany
2016-11-21,33.83,17.3,45.96,0.16,Germany
2016-11-22,38.34,17.65,46.1,0.17,Germany
2016-11-23,45.39,17.73,46.54,0.17,Germany
2016-11-24,39.73,17.88,47.54,0.16,Germany
2016-11-25,42.73,17.78,46.32,0.16,Germany
2016-11-26,42.08,17.99,46.43,0.16,Germany
2016-11-27,41.43,18.19,46.53,0.16,Germany
2016-11-28,40.78,18.4,46.64,0.16,Germany
2016-11-29,42.81,18.4,44.68,0.16,Germany
2016-11-30,36.01,18.2,47.95,0.15,Germany
2016-12-01,27.63,18.08,52.28,0.15,Germany
2016-12-02,38.61,17.6,52.35,0.17,Germany
2016-12-03,42.02,17.37,52.67,0.17,Germany
2016-12-04,45.44,17.15,52.98,0.17,Germany
2016-12-05,48.85,16.92,53.3,0.16,Germany
2016-12-06,58.33,16.48,52.31,0.17,Germany
2016-12-07,37.93,16.43,51.9,0.17,Germany
2016-12-08,30.42,16.6,51.6,0.17,Germany
2016-12-09,35.85,16.6,52.19,0.19,Germany
2016-12-10,39.72,16.8,52.79,0.19,Germany
2016-12-11,43.58,17.0,53.39,0.19,Germany
2016-12-12,47.45,17.2,53.99,0.19,Germany
2016-12-13,49.2,17.3,53.28,0.19,Germany
2016-12-14,60.06,17.0,53.15,0.2,Germany
2016-12-15,49.85,17.0,51.72,0.2,Germany
2016-12-16,53.06,17.5,54.15,0.2,Germany
2016-12-17,54.51,17.6,53.94,0.2,Germany
2016-12-18,55.96,17.7,53.74,0.2,Germany
2016-12-19,57.41,17.8,53.53,0.2,Germany
2016-12-20,48.83,17.73,54.56,0.2,Germany
2016-12-21,40.05,17.95,53.01,0.19,Germany
2016-12-22,45.23,18.13,54.04,0.18,Germany
2016-12-23,38.17,18.4,53.93,0.17,Germany
2016-12-24,21.36,18.4,53.93,0.17,Germany
2016-12-25,4.56,18.4,53.93,0.16,Germany
2016-12-26,-12.25,18.4,53.93,0.16,Germany
2016-12-27,4.48,18.6,53.93,0.14,Germany
2016-12-28,41.3,18.78,54.95,0.13,Germany
2016-12-29,46.44,18.92,54.97,0.12,Germany
2016-12-30,41.99,19.75,54.96,0.12,Germany
2016-12-31,43.41,19.63,54.96,0.11,Germany
2017-01-01,44.83,19.52,54.96,0.11,Germany
2017-01-02,46.25,19.4,54.96,0.1,Germany
2017-01-03,38.63,18.5,55.05,0.11,Germany
2017-01-04,27.05,19.38,54.57,0.1,Germany
2017-01-05,49.96,18.77,54.99,0.1,Germany
2017-01-06,49.55,18.65,55.9,0.1,Germany
2017-01-07,51.67,18.83,55.4,0.1,Germany
2017-01-08,53.8,19.02,54.89,0.1,Germany
2017-01-09,55.92,19.2,54.39,0.1,Germany
2017-01-10,54.61,20.1,53.2,0.1,Germany
2017-01-11,35.92,20.6,53.61,0.1,Germany
2017-01-12,34.18,20.8,54.51,0.1,Germany
2017-01-13,39.8,20.17,54.37,0.09,Germany
2017-01-14,53.29,19.81,54.35,0.09,Germany
2017-01-15,66.79,19.44,54.32,0.09,Germany
2017-01-16,80.28,19.08,54.3,0.09,Germany
2017-01-17,85.37,20.05,54.68,0.1,Germany
2017-01-18,69.74,20.05,53.77,0.1,Germany
2017-01-19,66.86,20.67,53.18,0.1,Germany
2017-01-20,62.88,20.75,55.04,0.1,Germany
2017-01-21,67.13,21.23,54.96,0.1,Germany
2017-01-22,71.39,21.72,54.88,0.1,Germany
2017-01-23,75.64,22.2,54.8,0.11,Germany
2017-01-24,86.01,21.83,54.7,0.1,Germany
2017-01-25,86.01,20.65,54.34,0.1,Germany
2017-01-26,48.97,20.25,55.89,0.1,Germany
2017-01-27,43.79,19.7,54.8,0.1,Germany
2017-01-28,46.5,20.03,54.79,0.1,Germany
2017-01-29,49.21,20.37,54.78,0.1,Germany
2017-01-30,51.92,20.7,54.77,0.1,Germany
2017-01-31,69.18,21.2,55.25,0.11,Germany
2017-02-01,51.3,22.27,55.79,0.11,Germany
2017-02-02,44.88,22.0,55.94,0.12,Germany
2017-02-03,48.15,23.0,55.92,0.12,Germany
2017-02-04,52.7,23.0,55.62,0.12,Germany
2017-02-05,57.24,23.0,55.32,0.13,Germany
2017-02-06,61.79,23.0,55.02,0.13,Germany
2017-02-07,53.42,21.88,53.79,0.13,Germany
2017-02-08,59.66,20.55,54.42,0.14,Germany
2017-02-09,57.92,20.6,53.98,0.13,Germany
2017-02-10,44.86,20.1,55.2,0.12,Germany
2017-02-11,44.02,19.76,54.85,0.12,Germany
2017-02-12,43.17,19.42,54.5,0.11,Germany
2017-02-13,42.33,19.08,54.15,0.11,Germany
2017-02-14,42.98,18.6,54.96,0.1,Germany
2017-02-15,47.32,18.8,54.57,0.1,Germany
2017-02-16,40.63,18.9,54.16,0.09,Germany
2017-02-17,43.02,18.23,54.48,0.09,Germany
2017-02-18,39.08,18.2,54.74,0.09,Germany
2017-02-19,35.14,18.18,54.99,0.09,Germany
2017-02-20,31.2,18.15,55.25,0.09,Germany
2017-02-21,32.68,17.77,56.34,0.08,Germany
2017-02-22,24.14,17.8,54.9,0.08,Germany
2017-02-23,25.6,18.45,55.82,0.08,Germany
2017-02-24,28.75,17.55,54.69,0.08,Germany
2017-02-25,28.82,17.44,54.68,0.08,Germany
2017-02-26,28.88,17.34,54.66,0.08,Germany
2017-02-27,28.95,17.23,54.65,0.08,Germany
2017-02-28,29.68,17.1,53.36,0.08,Germany
2017-03-01,35.63,17.15,55.72,0.08,Germany
2017-03-02,27.35,17.02,54.16,0.08,Germany
2017-03-03,38.27,16.7,54.12,0.08,Germany
2017-03-04,38.46,16.74,54.32,0.08,Germany
2017-03-05,38.65,16.79,54.53,0.08,Germany
2017-03-06,38.84,16.83,54.73,0.08,Germany
2017-03-07,44.51,16.4,54.61,0.09,Germany
2017-03-08,36.41,16.45,53.3,0.09,Germany
2017-03-09,38.22,16.05,50.65,0.08,Germany
2017-03-10,33.56,16.0,50.63,0.09,Germany
2017-03-11,34.48,15.94,50.45,0.09,Germany
2017-03-12,35.39,15.89,50.28,0.09,Germany
2017-03-13,36.31,15.83,50.1,0.09,Germany
2017-03-14,34.56,15.95,49.6,0.09,Germany
2017-03-15,33.67,15.77,50.63,0.08,Germany
2017-03-16,34.42,15.73,50.56,0.09,Germany
2017-03-17,28.49,15.7,50.58,0.08,Germany
2017-03-18,28.68,15.6,50.61,0.08,Germany
2017-03-19,28.87,15.5,50.64,0.08,Germany
2017-03-20,29.06,15.4,50.67,0.08,Germany
2017-03-21,30.47,15.52,50.14,0.07,Germany
2017-03-22,35.5,15.45,49.56,0.07,Germany
2017-03-23,34.17,15.2,50.17,0.06,Germany
2017-03-24,34.29,14.9,49.97,0.06,Germany
2017-03-25,34.51,14.84,50.02,0.06,Germany
2017-03-26,34.74,14.79,50.07,0.06,Germany
2017-03-27,34.96,14.73,50.12,0.05,Germany
2017-03-28,34.48,14.6,50.72,0.05,Germany
2017-03-29,31.22,15.0,51.36,0.05,Germany
2017-03-30,33.62,15.68,52.25,0.05,Germany
2017-03-31,31.64,15.32,52.2,0.05,Germany
2017-04-01,33.66,15.58,52.15,0.05,Germany
2017-04-02,35.69,15.84,52.09,0.06,Germany
2017-04-03,37.71,16.1,52.04,0.06,Germany
2017-04-04,38.65,16.05,53.08,0.07,Germany
2017-04-05,32.69,16.3,53.41,0.07,Germany
2017-04-06,29.99,15.98,53.62,0.07,Germany
2017-04-07,33.83,15.6,54.24,0.07,Germany
2017-04-08,31.68,15.6,54.42,0.07,Germany
2017-04-09,29.52,15.6,54.61,0.07,Germany
2017-04-10,27.37,15.6,54.79,0.06,Germany
2017-04-11,33.51,15.65,54.73,0.05,Germany
2017-04-12,27.68,15.73,54.75,0.06,Germany
2017-04-13,29.27,15.7,55.05,0.05,Germany
2017-04-14,30.29,15.7,55.05,0.05,Germany
2017-04-15,28.63,15.79,54.96,0.05,Germany
2017-04-16,26.96,15.88,54.88,0.05,Germany
2017-04-17,25.3,15.97,54.79,0.05,Germany
2017-04-18,34.3,16.4,52.6,0.05,Germany
2017-04-19,37.03,16.25,52.43,0.04,Germany
2017-04-20,37.18,16.1,50.66,0.04,Germany
2017-04-21,27.69,16.58,49.93,0.05,Germany
2017-04-22,28.83,16.48,49.77,0.04,Germany
2017-04-23,29.97,16.37,49.61,0.04,Germany
2017-04-24,31.11,16.27,49.45,0.04,Germany
2017-04-25,36.2,16.08,49.37,0.06,Germany
2017-04-26,39.91,16.4,49.99,0.07,Germany
2017-04-27,36.79,16.15,49.46,0.08,Germany
2017-04-28,36.87,16.55,49.46,0.09,Germany
2017-04-29,16.49,16.61,49.78,0.08,Germany
2017-04-30,-3.89,16.66,50.09,0.08,Germany
2017-05-01,-24.27,16.72,50.41,0.08,Germany
2017-05-02,28.87,16.7,49.31,0.08,Germany
2017-05-03,34.49,16.6,48.82,0.07,Germany
2017-05-04,32.78,16.1,47.53,0.08,Germany
2017-05-05,38.05,16.0,47.45,0.07,Germany
2017-05-06,36.54,15.94,47.17,0.07,Germany
2017-05-07,35.02,15.88,46.89,0.07,Germany
2017-05-08,33.51,15.82,46.61,0.06,Germany
2017-05-09,39.76,15.85,47.06,0.06,Germany
2017-05-10,38.83,15.95,48.09,0.05,Germany
2017-05-11,33.93,15.3,49.18,0.04,Germany
2017-05-12,35.62,15.58,49.08,0.04,Germany
2017-05-13,35.89,15.55,49.82,0.04,Germany
2017-05-14,36.16,15.51,50.55,0.04,Germany
2017-05-15,36.43,15.48,51.29,0.04,Germany
2017-05-16,34.23,15.57,51.21,0.03,Germany
2017-05-17,32.52,15.5,51.76,0.04,Germany
2017-05-18,32.74,15.6,51.71,0.04,Germany
2017-05-19,34.47,15.3,52.78,0.04,Germany
2017-05-20,35.0,15.28,52.97,0.04,Germany
2017-05-21,35.52,15.27,53.16,0.04,Germany
2017-05-22,36.05,15.25,53.35,0.04,Germany
2017-05-23,33.47,15.55,53.19,0.03,Germany
2017-05-24,32.22,15.2,53.29,0.02,Germany
2017-05-25,27.9,15.0,52.25,0.02,Germany
2017-05-26,32.52,15.1,50.84,0.02,Germany
2017-05-27,33.98,15.18,51.31,0.02,Germany
2017-05-28,35.45,15.26,51.78,0.02,Germany
2017-05-29,36.91,15.34,52.25,0.02,Germany
2017-05-30,36.84,15.58,50.65,0.01,Germany
2017-05-31,32.96,15.3,49.4,0.01,Germany
2017-06-01,36.26,15.07,50.41,0.01,Germany
2017-06-02,36.45,14.65,48.46,0.01,Germany
2017-06-03,33.62,14.78,48.39,0.01,Germany
2017-06-04,30.79,14.92,48.32,0.01,Germany
2017-06-05,27.96,15.05,48.25,0.01,Germany
2017-06-06,21.53,14.85,48.11,0.0,Germany
2017-06-07,13.31,14.98,47.08,0.01,Germany
2017-06-08,28.79,15.08,46.3,0.0,Germany
2017-06-09,33.38,15.07,46.64,0.01,Germany
2017-06-10,30.48,15.09,46.82,0.01,Germany
2017-06-11,27.59,15.11,47.0,0.01,Germany
2017-06-12,24.69,15.13,47.18,0.01,Germany
2017-06-13,32.75,15.18,46.95,0.01,Germany
2017-06-14,37.42,15.1,45.47,0.01,Germany
2017-06-15,32.19,14.7,45.61,0.01,Germany
2017-06-16,20.2,15.18,45.7,0.01,Germany
2017-06-17,26.16,15.25,45.78,0.01,Germany
2017-06-18,32.12,15.31,45.85,0.01,Germany
2017-06-19,38.08,15.38,45.93,0.01,Germany
2017-06-20,35.56,15.38,43.98,0.01,Germany
2017-06-21,39.53,15.38,44.62,0.01,Germany
2017-06-22,35.57,15.23,44.46,0.01,Germany
2017-06-23,29.95,15.07,44.14,0.01,Germany
2017-06-24,30.98,15.18,44.12,0.01,Germany
2017-06-25,32.0,15.29,44.11,0.01,Germany
2017-06-26,33.03,15.4,44.09,0.01,Germany
2017-06-27,38.85,15.32,46.17,0.01,Germany
2017-06-28,35.28,15.43,46.45,0.01,Germany
2017-06-29,38.08,14.98,47.02,0.02,Germany
2017-06-30,31.99,15.35,47.08,0.02,Germany
2017-07-01,32.13,15.5,47.76,0.02,Germany
2017-07-02,32.28,15.65,48.45,0.02,Germany
2017-07-03,32.42,15.8,49.13,0.02,Germany
2017-07-04,34.89,15.35,49.15,0.01,Germany
2017-07-05,38.84,15.35,47.58,0.01,Germany
2017-07-06,39.36,15.13,48.53,0.01,Germany
2017-07-07,37.32,15.02,46.47,0.01,Germany
2017-07-08,38.23,15.02,46.5,0.01,Germany
2017-07-09,39.14,15.03,46.54,0.01,Germany
2017-07-10,40.05,15.03,46.57,0.01,Germany
2017-07-11,36.58,14.7,46.68,0.01,Germany
2017-07-12,34.64,14.75,46.73,0.01,Germany
2017-07-13,33.87,15.05,47.65,0.01,Germany
2017-07-14,36.81,15.0,47.89,0.01,Germany
2017-07-15,37.02,14.97,47.81,0.01,Germany
2017-07-16,37.24,14.93,47.74,0.01,Germany
2017-07-17,37.45,14.9,47.66,0.01,Germany
2017-07-18,37.66,14.98,47.92,0.01,Germany
2017-07-19,35.91,15.03,48.34,0.01,Germany
2017-07-20,37.23,15.3,48.54,0.01,Germany
2017-07-21,35.93,15.07,47.47,0.01,Germany
2017-07-22,37.07,15.03,47.58,0.01,Germany
2017-07-23,38.2,14.99,47.7,0.01,Germany
2017-07-24,39.34,14.95,47.81,0.01,Germany
2017-07-25,34.14,15.1,49.19,0.01,Germany
2017-07-26,32.8,15.4,50.08,0.01,Germany
2017-07-27,33.74,15.05,50.67,0.01,Germany
2017-07-28,31.36,15.0,52.0,0.01,Germany
2017-07-29,31.64,15.02,52.0,0.01,Germany
2017-07-30,31.93,15.03,51.99,0.0,Germany
2017-07-31,32.21,15.05,51.99,0.0,Germany
2017-08-01,34.74,14.75,50.77,0.01,Germany
2017-08-02,33.05,14.93,52.09,0.0,Germany
2017-08-03,28.07,15.13,52.88,0.01,Germany
2017-08-04,24.56,15.18,52.48,0.0,Germany
2017-08-05,27.46,15.3,52.13,0.0,Germany
2017-08-06,30.36,15.43,51.77,0.0,Germany
2017-08-07,33.26,15.55,51.42,0.0,Germany
2017-08-08,31.29,15.48,52.18,0.01,Germany
2017-08-09,30.27,15.88,52.16,0.01,Germany
2017-08-10,35.51,16.15,52.59,0.01,Germany
2017-08-11,37.73,16.2,51.47,0.01,Germany
2017-08-12,36.18,16.08,51.41,0.01,Germany
2017-08-13,34.63,15.95,51.35,0.01,Germany
2017-08-14,33.08,15.83,51.29,0.01,Germany
2017-08-15,26.63,15.8,49.9,0.01,Germany
2017-08-16,35.89,16.2,50.39,0.01,Germany
2017-08-17,33.48,16.1,50.37,0.01,Germany
2017-08-18,33.68,16.4,50.96,0.01,Germany
2017-08-19,32.22,16.37,51.29,0.01,Germany
2017-08-20,30.76,16.33,51.61,0.01,Germany
2017-08-21,29.3,16.3,51.94,0.01,Germany
2017-08-22,37.22,16.25,52.29,0.01,Germany
2017-08-23,36.57,16.58,52.31,0.0,Germany
2017-08-24,35.65,16.3,51.73,0.0,Germany
2017-08-25,37.85,16.45,51.87,0.0,Germany
2017-08-26,38.12,16.56,51.87,0.0,Germany
2017-08-27,38.39,16.66,51.87,0.0,Germany
2017-08-28,38.66,16.77,51.87,0.0,Germany
2017-08-29,37.62,16.45,51.64,0.0,Germany
2017-08-30,36.19,16.83,51.91,0.0,Germany
2017-08-31,38.8,16.33,52.69,0.0,Germany
2017-09-01,38.8,16.48,53.15,0.0,Germany
2017-09-02,38.05,16.49,52.97,0.0,Germany
2017-09-03,37.3,16.51,52.78,0.0,Germany
2017-09-04,36.55,16.52,52.6,0.0,Germany
2017-09-05,37.66,16.95,53.63,0.0,Germany
2017-09-06,31.87,17.0,54.48,0.0,Germany
2017-09-07,33.4,16.7,54.16,0.0,Germany
2017-09-08,27.24,17.05,54.55,0.0,Germany
2017-09-09,25.32,17.11,54.43,0.0,Germany
2017-09-10,23.39,17.17,54.32,0.0,Germany
2017-09-11,21.47,17.23,54.2,0.0,Germany
2017-09-12,29.43,17.25,55.06,0.01,Germany
2017-09-13,13.61,17.68,55.52,0.01,Germany
2017-09-14,22.69,17.98,56.76,0.01,Germany
2017-09-15,35.03,17.8,56.18,0.01,Germany
2017-09-16,37.38,17.87,55.95,0.01,Germany
2017-09-17,39.72,17.93,55.73,0.01,Germany
2017-09-18,42.07,18.0,55.5,0.01,Germany
2017-09-19,41.33,17.58,56.58,0.01,Germany
2017-09-20,39.15,17.5,57.2,0.01,Germany
2017-09-21,39.26,17.23,57.73,0.01,Germany
2017-09-22,40.07,17.23,58.16,0.01,Germany
2017-09-23,40.83,17.45,58.58,0.01,Germany
2017-09-24,41.6,17.66,59.0,0.01,Germany
2017-09-25,42.36,17.88,59.42,0.0,Germany
2017-09-26,40.44,17.7,59.77,0.01,Germany
2017-09-27,40.88,17.5,58.74,0.0,Germany
2017-09-28,40.3,17.7,58.8,0.01,Germany
2017-09-29,39.72,16.4,57.02,0.01,Germany
2017-09-30,32.58,16.44,56.57,0.01,Germany
2017-10-01,25.45,16.49,56.12,0.01,Germany
2017-10-02,18.31,16.53,55.67,0.01,Germany
2017-10-03,24.48,17.4,56.12,0.01,Germany
2017-10-04,28.61,17.48,56.0,0.01,Germany
2017-10-05,18.03,17.9,57.09,0.01,Germany
2017-10-06,27.25,17.73,55.5,0.01,Germany
2017-10-07,32.3,17.79,55.43,0.01,Germany
2017-10-08,37.34,17.84,55.36,0.01,Germany
2017-10-09,42.39,17.9,55.29,0.01,Germany
2017-10-10,37.32,17.63,56.62,0.01,Germany
2017-10-11,34.26,17.2,56.13,0.01,Germany
2017-10-12,25.38,16.98,56.13,0.01,Germany
2017-10-13,39.55,16.55,56.86,0.01,Germany
2017-10-14,39.22,16.42,57.07,0.01,Germany
2017-10-15,38.88,16.28,57.28,0.01,Germany
2017-10-16,38.55,16.15,57.49,0.01,Germany
2017-10-17,37.54,16.85,57.63,0.01,Germany
2017-10-18,52.55,16.83,58.05,0.0,Germany
2017-10-19,46.35,16.45,57.82,0.0,Germany
2017-10-20,37.76,16.35,57.89,0.0,Germany
2017-10-21,38.98,16.53,57.82,0.0,Germany
2017-10-22,40.2,16.7,57.76,0.0,Germany
2017-10-23,41.42,16.88,57.69,0.0,Germany
2017-10-24,38.13,16.58,57.84,0.0,Germany
2017-10-25,33.77,16.98,58.45,0.0,Germany
2017-10-26,40.43,17.05,58.75,0.01,Germany
2017-10-27,30.45,17.08,60.15,0.01,Germany
2017-10-28,30.95,17.35,60.32,0.01,Germany
2017-10-29,31.44,17.61,60.48,0.01,Germany
2017-10-30,31.94,17.88,60.65,0.01,Germany
2017-10-31,36.96,17.9,61.35,0.01,Germany
2017-11-01,30.9,18.38,60.98,0.01,Germany
2017-11-02,34.07,18.1,60.79,0.01,Germany
2017-11-03,50.44,18.3,61.42,0.01,Germany
2017-11-04,50.63,18.51,62.37,0.01,Germany
2017-11-05,50.83,18.72,63.32,0.01,Germany
2017-11-06,51.02,18.93,64.27,0.01,Germany
2017-11-07,52.54,19.25,64.36,0.01,Germany
2017-11-08,67.25,19.3,63.96,0.01,Germany
2017-11-09,51.53,19.33,64.49,0.0,Germany
2017-11-10,31.52,19.85,64.35,0.0,Germany
2017-11-11,31.52,19.89,63.88,0.0,Germany
2017-11-12,31.52,19.94,63.41,0.0,Germany
2017-11-13,31.52,19.98,62.94,0.0,Germany
2017-11-14,31.52,19.33,60.91,0.0,Germany
2017-11-15,31.52,19.02,61.25,0.0,Germany
2017-11-16,31.52,19.17,61.18,0.0,Germany
2017-11-17,42.89,19.05,61.34,0.0,Germany
2017-11-18,41.42,19.21,61.34,0.0,Germany
2017-11-19,39.95,19.36,61.34,0.0,Germany
2017-11-20,38.48,19.52,61.34,0.0,Germany
2017-11-21,31.72,19.65,62.28,0.0,Germany
2017-11-22,31.72,19.6,62.92,0.0,Germany
2017-11-23,42.73,20.25,63.27,0.0,Germany
2017-11-24,40.03,20.5,63.58,0.0,Germany
2017-11-25,36.42,20.63,63.47,0.0,Germany
2017-11-26,32.82,20.77,63.36,0.0,Germany
2017-11-27,29.21,20.9,63.25,0.0,Germany
2017-11-28,37.42,20.65,63.56,0.0,Germany
2017-11-29,71.5,20.8,63.74,0.0,Germany
2017-11-30,67.57,20.7,63.53,0.0,Germany
2017-12-01,61.03,20.85,64.57,0.0,Germany
2017-12-02,52.31,21.08,64.2,0.0,Germany
2017-12-03,43.6,21.32,63.82,0.0,Germany
2017-12-04,34.88,21.55,63.45,0.01,Germany
2017-12-05,35.91,21.4,63.45,0.0,Germany
2017-12-06,31.25,21.15,62.25,0.0,Germany
2017-12-07,34.14,21.4,62.37,0.0,Germany
2017-12-08,30.66,21.0,63.86,0.0,Germany
2017-12-09,34.33,21.26,64.45,0.0,Germany
2017-12-10,38.0,21.51,65.03,0.0,Germany
2017-12-11,41.67,21.77,65.62,0.0,Germany
2017-12-12,34.35,22.17,64.96,0.0,Germany
2017-12-13,26.88,21.5,63.66,0.0,Germany
2017-12-14,31.01,21.6,63.72,0.0,Germany
2017-12-15,46.26,21.53,63.81,0.0,Germany
2017-12-16,49.31,21.42,64.02,0.0,Germany
2017-12-17,52.37,21.31,64.24,0.0,Germany
2017-12-18,55.42,21.2,64.45,0.0,Germany
2017-12-19,60.67,20.17,63.69,0.0,Germany
2017-12-20,61.83,20.38,64.43,0.0,Germany
2017-12-21,43.04,20.2,64.64,0.0,Germany
2017-12-22,39.49,20.0,64.61,0.0,Germany
2017-12-23,28.59,19.97,64.61,0.0,Germany
2017-12-24,17.7,19.93,64.61,0.0,Germany
2017-12-25,6.8,19.9,64.61,0.0,Germany
2017-12-26,-4.59,19.85,64.61,0.0,Germany
2017-12-27,35.17,19.95,66.03,0.0,Germany
2017-12-28,32.49,19.78,66.8,0.0,Germany
2017-12-29,20.87,19.35,66.73,0.0,Germany
2017-12-30,5.48,19.42,66.73,0.0,Germany
2017-12-31,-9.91,19.48,66.73,0.0,Germany
2018-01-01,-25.3,19.55,66.73,0.0,Germany
2018-01-02,33.44,19.15,66.65,0.0,Germany
2018-01-03,8.97,19.05,67.85,0.0,Germany
2018-01-04,29.86,19.1,68.73,0.0,Germany
2018-01-05,31.51,18.77,68.01,0.0,Germany
2018-01-06,31.17,18.83,68.17,0.0,Germany
2018-01-07,30.84,18.89,68.32,0.0,Germany
2018-01-08,30.5,18.95,68.48,0.0,Germany
2018-01-09,30.26,19.42,69.08,0.0,Germany
2018-01-10,41.33,19.43,69.79,0.0,Germany
2018-01-11,47.73,19.27,70.36,0.01,Germany
2018-01-12,41.88,19.6,69.64,0.01,Germany
2018-01-13,36.78,19.4,69.86,0.01,Germany
2018-01-14,31.67,19.2,70.09,0.01,Germany
2018-01-15,26.57,19.0,70.31,0.01,Germany
2018-01-16,27.22,18.8,69.4,0.0,Germany
2018-01-17,29.04,18.42,69.19,0.0,Germany
2018-01-18,30.32,18.73,69.48,0.0,Germany
2018-01-19,40.48,18.3,68.56,0.0,Germany
2018-01-20,39.62,18.37,68.81,0.0,Germany
2018-01-21,38.76,18.43,69.07,0.0,Germany
2018-01-22,37.9,18.5,69.32,0.0,Germany
2018-01-23,37.28,18.0,69.81,0.0,Germany
2018-01-24,23.88,17.85,69.91,0.0,Germany
2018-01-25,32.97,17.83,71.08,0.0,Germany
2018-01-26,45.15,17.4,70.08,0.0,Germany
2018-01-27,35.6,17.42,69.52,0.0,Germany
2018-01-28,26.04,17.43,68.97,0.0,Germany
2018-01-29,16.49,17.45,68.41,0.0,Germany
2018-01-30,35.81,17.4,67.78,0.0,Germany
2018-01-31,29.22,17.83,67.78,0.0,Germany
2018-02-01,33.98,18.1,68.6,0.0,Germany
2018-02-02,40.48,18.27,67.45,0.01,Germany
2018-02-03,42.02,18.1,67.53,0.01,Germany
2018-02-04,43.57,17.92,67.61,0.02,Germany
2018-02-05,45.11,17.75,67.69,0.02,Germany
2018-02-06,47.12,17.98,66.75,0.03,Germany
2018-02-07,47.23,18.35,65.74,0.04,Germany
2018-02-08,49.86,17.98,64.26,0.05,Germany
2018-02-09,40.8,17.95,63.04,0.05,Germany
2018-02-10,38.14,17.98,62.76,0.05,Germany
2018-02-11,35.48,18.02,62.48,0.05,Germany
2018-02-12,32.82,18.05,62.2,0.05,Germany
2018-02-13,39.6,18.43,61.94,0.04,Germany
2018-02-14,39.86,18.23,62.29,0.03,Germany
2018-02-15,34.16,17.98,62.86,0.03,Germany
2018-02-16,40.39,18.23,64.3,0.03,Germany
2018-02-17,43.69,18.69,64.52,0.03,Germany
2018-02-18,47.0,19.14,64.73,0.03,Germany
2018-02-19,50.3,19.6,64.95,0.03,Germany
2018-02-20,49.05,21.13,64.68,0.02,Germany
2018-02-21,46.75,22.05,64.81,0.02,Germany
2018-02-22,47.42,22.0,66.12,0.02,Germany
2018-02-23,44.27,26.6,67.04,0.02,Germany
2018-02-24,45.08,26.2,67.35,0.02,Germany
2018-02-25,45.89,25.8,67.65,0.01,Germany
2018-02-26,46.7,25.4,67.96,0.01,Germany
2018-02-27,48.61,34.4,67.59,0.01,Germany
2018-02-28,37.7,45.1,66.08,0.01,Germany
2018-03-01,30.02,76.0,64.23,0.01,Germany
2018-03-02,40.42,28.5,64.26,0.02,Germany
2018-03-03,43.3,25.77,64.77,0.02,Germany
2018-03-04,46.18,23.03,65.27,0.02,Germany
2018-03-05,49.06,20.3,65.78,0.02,Germany
2018-03-06,49.92,19.6,65.67,0.01,Germany
2018-03-07,48.38,18.8,65.09,0.01,Germany
2018-03-08,37.53,19.4,63.87,0.01,Germany
2018-03-09,37.08,19.95,65.19,0.01,Germany
2018-03-10,38.46,22.08,64.97,0.01,Germany
2018-03-11,39.84,24.22,64.75,0.01,Germany
2018-03-12,41.22,26.35,64.53,0.01,Germany
2018-03-13,39.86,25.0,64.2,0.01,Germany
2018-03-14,46.78,22.65,63.61,0.01,Germany
2018-03-15,24.63,24.3,63.67,0.01,Germany
2018-03-16,29.32,20.2,64.68,0.0,Germany
2018-03-17,35.92,20.35,64.73,0.01,Germany
2018-03-18,42.52,20.5,64.77,0.01,Germany
2018-03-19,49.12,20.65,64.82,0.01,Germany
2018-03-20,42.94,21.42,66.0,0.01,Germany
2018-03-21,51.83,21.8,68.15,0.0,Germany
2018-03-22,43.59,20.65,68.98,0.02,Germany
2018-03-23,52.89,19.6,69.03,0.02,Germany
2018-03-24,52.87,19.2,68.96,0.03,Germany
2018-03-25,52.84,18.8,68.88,0.03,Germany
2018-03-26,52.82,18.4,68.81,0.03,Germany
2018-03-27,45.07,18.63,68.63,0.04,Germany
2018-03-28,40.53,18.5,68.13,0.04,Germany
2018-03-29,38.09,19.5,69.02,0.04,Germany
2018-03-30,29.39,19.5,69.02,0.03,Germany
2018-03-31,28.8,19.59,69.02,0.03,Germany
2018-04-01,28.2,19.68,69.02,0.03,Germany
2018-04-02,27.61,19.77,69.02,0.03,Germany
2018-04-03,34.42,18.65,69.02,0.02,Germany
2018-04-04,36.53,19.1,66.04,0.02,Germany
2018-04-05,32.56,19.08,66.54,0.02,Germany
2018-04-06,35.2,18.83,66.51,0.02,Germany
2018-04-07,37.67,18.89,67.07,0.02,Germany
2018-04-08,40.14,18.94,67.63,0.02,Germany
2018-04-09,42.61,19.0,68.19,0.02,Germany
2018-04-10,36.03,20.2,70.67,0.02,Germany
2018-04-11,31.52,19.53,72.74,0.02,Germany
2018-04-12,29.84,20.77,71.44,0.01,Germany
2018-04-13,38.53,20.2,73.18,0.01,Germany
2018-04-14,41.23,19.9,72.8,0.01,Germany
2018-04-15,43.93,19.6,72.43,0.01,Germany
2018-04-16,46.63,19.3,72.05,0.01,Germany
2018-04-17,43.8,19.0,71.71,0.01,Germany
2018-04-18,41.06,19.15,73.73,0.01,Germany
2018-04-19,39.84,19.92,74.85,0.01,Germany
2018-04-20,38.63,19.63,74.62,0.0,Germany
2018-04-21,36.61,19.69,74.59,0.0,Germany
2018-04-22,34.58,19.74,74.57,0.0,Germany
2018-04-23,32.56,19.8,74.54,0.0,Germany
2018-04-24,34.32,19.68,75.86,0.0,Germany
2018-04-25,27.29,19.88,73.79,0.0,Germany
2018-04-26,30.45,20.13,75.39,0.0,Germany
2018-04-27,39.64,20.15,75.33,0.0,Germany
2018-04-28,30.74,20.36,75.53,0.0,Germany
2018-04-29,21.85,20.57,75.72,0.0,Germany
2018-04-30,12.95,20.78,75.92,0.0,Germany
2018-05-01,-5.7,20.15,74.85,0.0,Germany
2018-05-02,39.95,20.38,73.14,0.0,Germany
2018-05-03,39.99,19.98,73.45,0.0,Germany
2018-05-04,40.51,20.42,74.75,0.0,Germany
2018-05-05,38.47,20.5,74.75,0.0,Germany
2018-05-06,36.44,20.59,74.75,0.0,Germany
2018-05-07,34.4,20.67,74.75,0.0,Germany
2018-05-08,27.47,20.7,74.16,0.0,Germany
2018-05-09,36.62,20.6,77.6,0.0,Germany
2018-05-10,25.23,20.9,77.59,0.0,Germany
2018-05-11,42.2,21.25,77.37,0.0,Germany
2018-05-12,39.7,21.34,77.64,0.0,Germany
2018-05-13,37.2,21.44,77.9,0.0,Germany
2018-05-14,34.7,21.53,78.17,0.0,Germany
2018-05-15,42.43,21.38,78.94,0.0,Germany
2018-05-16,41.6,21.75,78.19,0.0,Germany
2018-05-17,35.39,22.3,80.09,0.0,Germany
2018-05-18,39.11,22.08,78.38,0.0,Germany
2018-05-19,27.96,22.13,78.37,0.01,Germany
2018-05-20,16.81,22.18,78.35,0.01,Germany
2018-05-21,5.66,22.23,78.34,0.01,Germany
2018-05-22,42.76,22.8,80.42,0.01,Germany
2018-05-23,42.33,22.8,78.69,0.01,Germany
2018-05-24,38.95,22.7,78.9,0.02,Germany
2018-05-25,40.36,21.8,76.6,0.02,Germany
2018-05-26,41.51,21.8,76.6,0.02,Germany
2018-05-27,42.65,21.8,76.6,0.02,Germany
2018-05-28,43.8,21.8,76.6,0.02,Germany
2018-05-29,42.91,22.6,74.51,0.06,Germany
2018-05-30,46.68,22.75,75.89,0.07,Germany
2018-05-31,42.25,22.45,76.45,0.08,Germany
2018-06-01,51.3,21.85,74.54,0.08,Germany
2018-06-02,49.81,21.95,74.16,0.08,Germany
2018-06-03,48.33,22.05,73.79,0.08,Germany
2018-06-04,46.84,22.15,73.41,0.07,Germany
2018-06-05,51.01,21.85,72.91,0.08,Germany
2018-06-06,49.69,21.6,73.23,0.08,Germany
2018-06-07,49.61,21.75,75.23,0.08,Germany
2018-06-08,49.4,21.7,75.11,0.08,Germany
2018-06-09,49.11,21.67,74.93,0.08,Germany
2018-06-10,48.82,21.63,74.76,0.08,Germany
2018-06-11,48.53,21.6,74.58,0.08,Germany
2018-06-12,49.73,21.93,74.86,0.07,Germany
2018-06-13,48.15,22.48,75.07,0.07,Germany
2018-06-14,43.65,22.77,74.77,0.08,Germany
2018-06-15,49.45,21.88,72.02,0.08,Germany
2018-06-16,47.76,22.1,72.97,0.07,Germany
2018-06-17,46.06,22.33,73.92,0.07,Germany
2018-06-18,44.37,22.55,74.87,0.07,Germany
2018-06-19,46.52,22.13,74.92,0.07,Germany
2018-06-20,46.8,21.88,74.25,0.06,Germany
2018-06-21,30.24,21.7,72.87,0.06,Germany
2018-06-22,20.73,21.8,73.67,0.05,Germany
2018-06-23,28.89,21.73,73.39,0.05,Germany
2018-06-24,37.04,21.67,73.1,0.05,Germany
2018-06-25,45.2,21.6,72.82,0.05,Germany
2018-06-26,49.27,21.63,73.58,0.05,Germany
2018-06-27,47.49,22.15,76.09,0.05,Germany
2018-06-28,44.89,21.9,76.26,0.05,Germany
2018-06-29,44.32,21.58,77.44,0.05,Germany
2018-06-30,45.57,21.76,77.2,0.05,Germany
2018-07-01,46.82,21.95,76.95,0.06,Germany
2018-07-02,48.07,22.13,76.71,0.06,Germany
2018-07-03,49.76,22.25,75.87,0.06,Germany
2018-07-04,53.21,22.35,76.99,0.05,Germany
2018-07-05,51.81,22.35,77.09,0.04,Germany
2018-07-06,47.81,22.23,74.98,0.04,Germany
2018-07-07,47.41,22.36,75.68,0.04,Germany
2018-07-08,47.0,22.5,76.38,0.04,Germany
2018-07-09,46.6,22.63,77.08,0.04,Germany
2018-07-10,52.95,22.78,77.8,0.04,Germany
2018-07-11,52.5,22.52,75.35,0.04,Germany
2018-07-12,53.31,22.1,72.11,0.04,Germany
2018-07-13,50.83,22.48,74.11,0.04,Germany
2018-07-14,51.82,22.34,73.08,0.04,Germany
2018-07-15,52.81,22.19,72.06,0.04,Germany
2018-07-16,53.8,22.05,71.03,0.03,Germany
2018-07-17,52.14,21.95,70.87,0.03,Germany
2018-07-18,49.75,22.2,70.52,0.03,Germany
2018-07-19,51.65,22.23,71.94,0.03,Germany
2018-07-20,53.54,21.95,71.99,0.03,Germany
2018-07-21,54.03,22.04,72.48,0.02,Germany
2018-07-22,54.53,22.14,72.96,0.02,Germany
2018-07-23,55.02,22.23,73.45,0.02,Germany
2018-07-24,56.64,22.15,73.53,0.02,Germany
2018-07-25,58.41,22.23,73.67,0.02,Germany
2018-07-26,55.07,22.27,74.51,0.02,Germany
2018-07-27,53.63,22.15,74.84,0.02,Germany
2018-07-28,54.15,22.2,74.89,0.02,Germany
2018-07-29,54.67,22.25,74.94,0.02,Germany
2018-07-30,55.19,22.3,74.99,0.01,Germany
2018-07-31,56.33,22.05,74.16,0.01,Germany
2018-08-01,56.32,22.13,72.28,0.01,Germany
2018-08-02,59.48,22.15,72.95,0.01,Germany
2018-08-03,62.72,22.18,72.48,0.01,Germany
2018-08-04,62.71,22.28,72.49,0.01,Germany
2018-08-05,62.7,22.38,72.5,0.01,Germany
2018-08-06,62.69,22.48,72.51,0.01,Germany
2018-08-07,64.68,22.73,72.31,0.01,Germany
2018-08-08,56.11,22.63,70.71,0.01,Germany
2018-08-09,55.06,22.67,70.55,0.01,Germany
2018-08-10,44.94,23.1,71.0,0.01,Germany
2018-08-11,48.62,23.27,70.87,0.02,Germany
2018-08-12,52.31,23.43,70.75,0.02,Germany
2018-08-13,55.99,23.6,70.62,0.02,Germany
2018-08-14,55.06,23.55,70.77,0.02,Germany
2018-08-15,53.45,23.4,68.38,0.02,Germany
2018-08-16,56.04,23.63,69.21,0.02,Germany
2018-08-17,57.95,24.1,70.14,0.02,Germany
2018-08-18,57.71,24.12,70.46,0.02,Germany
2018-08-19,57.46,24.15,70.79,0.02,Germany
2018-08-20,57.22,24.17,71.11,0.02,Germany
2018-08-21,66.45,24.2,71.65,0.02,Germany
2018-08-22,65.4,24.63,72.96,0.02,Germany
2018-08-23,63.87,24.85,73.73,0.01,Germany
2018-08-24,57.6,25.15,74.41,0.01,Germany
2018-08-25,53.59,25.15,74.41,0.01,Germany
2018-08-26,49.58,25.15,74.41,0.01,Germany
2018-08-27,45.57,25.15,74.41,0.01,Germany
2018-08-28,66.07,25.75,75.91,0.01,Germany
2018-08-29,62.87,26.3,76.07,0.01,Germany
2018-08-30,57.4,26.25,77.05,0.01,Germany
2018-08-31,64.48,25.9,76.94,0.01,Germany
2018-09-01,64.17,26.05,77.23,0.01,Germany
2018-09-02,63.86,26.2,77.52,0.01,Germany
2018-09-03,63.55,26.35,77.81,0.01,Germany
2018-09-04,66.58,26.95,77.51,0.01,Germany
2018-09-05,66.64,27.2,76.68,0.02,Germany
2018-09-06,65.33,27.45,75.67,0.02,Germany
2018-09-07,62.43,28.2,75.55,0.02,Germany
2018-09-08,63.06,28.53,75.96,0.02,Germany
2018-09-09,63.68,28.85,76.36,0.02,Germany
2018-09-10,64.31,29.18,76.77,0.02,Germany
2018-09-11,57.8,28.7,78.22,0.02,Germany
2018-09-12,63.78,27.6,80.02,0.02,Germany
2018-09-13,71.52,26.55,77.66,0.01,Germany
2018-09-14,64.84,27.25,77.87,0.01,Germany
2018-09-15,64.03,27.35,77.99,0.01,Germany
2018-09-16,63.22,27.45,78.1,0.01,Germany
2018-09-17,62.41,27.55,78.22,0.01,Germany
2018-09-18,57.96,27.4,79.25,0.01,Germany
2018-09-19,57.6,28.25,79.43,0.01,Germany
2018-09-20,58.06,28.23,79.03,0.0,Germany
2018-09-21,40.8,28.52,78.9,0.01,Germany
2018-09-22,40.16,28.84,79.56,0.01,Germany
2018-09-23,39.52,29.16,80.23,0.01,Germany
2018-09-24,38.88,29.48,80.89,0.01,Germany
2018-09-25,62.34,29.33,82.21,0.0,Germany
2018-09-26,45.38,28.05,81.87,0.0,Germany
2018-09-27,53.89,27.5,81.54,0.0,Germany
2018-09-28,51.97,27.0,82.72,0.01,Germany
2018-09-29,55.06,27.07,83.46,0.01,Germany
2018-09-30,58.15,27.13,84.2,0.01,Germany
2018-10-01,61.24,27.2,84.94,0.01,Germany
2018-10-02,42.34,26.9,85.63,0.01,Germany
2018-10-03,18.29,27.0,85.45,0.01,Germany
2018-10-04,65.15,27.0,86.07,0.01,Germany
2018-10-05,60.3,27.35,85.12,0.02,Germany
2018-10-06,61.49,27.2,84.82,0.02,Germany
2018-10-07,62.69,27.05,84.52,0.03,Germany
2018-10-08,63.88,26.9,84.22,0.03,Germany
2018-10-09,71.57,26.42,85.16,0.04,Germany
2018-10-10,62.17,25.63,83.82,0.05,Germany
2018-10-11,54.35,24.78,81.35,0.08,Germany
2018-10-12,56.77,25.35,80.71,0.09,Germany
2018-10-13,57.66,25.54,80.78,0.1,Germany
2018-10-14,58.56,25.73,80.84,0.1,Germany
2018-10-15,59.45,25.92,80.91,0.1,Germany
2018-10-16,72.0,25.53,80.53,0.1,Germany
2018-10-17,70.91,25.35,79.91,0.1,Germany
2018-10-18,63.16,25.17,80.3,0.11,Germany
2018-10-19,67.61,26.3,80.38,0.1,Germany
2018-10-20,63.78,25.85,80.4,0.1,Germany
2018-10-21,59.96,25.4,80.43,0.1,Germany
2018-10-22,56.13,24.95,80.45,0.1,Germany
2018-10-23,34.62,24.63,78.67,0.13,Germany
2018-10-24,44.57,25.05,77.34,0.12,Germany
2018-10-25,48.74,24.45,77.3,0.13,Germany
2018-10-26,58.53,23.88,77.4,0.14,Germany
2018-10-27,53.68,24.09,77.45,0.14,Germany
2018-10-28,48.82,24.31,77.51,0.14,Germany
2018-10-29,43.97,24.52,77.56,0.14,Germany
2018-10-30,33.67,23.73,75.68,0.14,Germany
2018-10-31,45.14,23.4,74.84,0.13,Germany
2018-11-01,47.91,23.3,71.25,0.11,Germany
2018-11-02,54.77,23.6,71.11,0.11,Germany
2018-11-03,55.58,23.49,71.63,0.11,Germany
2018-11-04,56.38,23.39,72.16,0.11,Germany
2018-11-05,57.19,23.28,72.68,0.12,Germany
2018-11-06,58.55,23.2,70.64,0.11,Germany
2018-11-07,56.01,24.3,70.1,0.12,Germany
2018-11-08,62.87,24.05,69.29,0.12,Germany
2018-11-09,59.51,23.83,69.01,0.1,Germany
2018-11-10,57.97,24.39,69.28,0.1,Germany
2018-11-11,56.44,24.94,69.54,0.09,Germany
2018-11-12,54.9,25.5,69.81,0.08,Germany
2018-11-13,53.11,26.3,65.45,0.08,Germany
2018-11-14,61.87,26.45,64.88,0.09,Germany
2018-11-15,63.48,26.5,65.61,0.09,Germany
2018-11-16,57.77,25.7,65.29,0.09,Germany
2018-11-17,54.59,25.23,64.91,0.1,Germany
2018-11-18,51.4,24.77,64.52,0.1,Germany
2018-11-19,48.22,24.3,64.14,0.1,Germany
2018-11-20,46.65,24.63,61.5,0.13,Germany
2018-11-21,55.36,24.67,61.65,0.14,Germany
2018-11-22,77.8,24.8,61.11,0.16,Germany
2018-11-23,80.33,24.85,57.69,0.15,Germany
2018-11-24,78.11,24.75,58.36,0.15,Germany
2018-11-25,75.89,24.65,59.03,0.16,Germany
2018-11-26,73.67,24.55,59.7,0.16,Germany
2018-11-27,75.51,25.1,59.58,0.16,Germany
2018-11-28,52.99,24.33,57.97,0.15,Germany
2018-11-29,50.4,24.55,58.29,0.15,Germany
2018-11-30,57.5,24.15,57.71,0.13,Germany
2018-12-01,53.21,24.3,58.53,0.13,Germany
2018-12-02,48.91,24.45,59.35,0.14,Germany
2018-12-03,44.62,24.6,60.17,0.14,Germany
2018-12-04,50.65,23.88,61.22,0.14,Germany
2018-12-05,59.21,23.3,61.4,0.14,Germany
2018-12-06,54.75,22.6,57.83,0.16,Germany
2018-12-07,42.58,22.6,61.71,0.16,Germany
2018-12-08,40.44,22.77,61.24,0.17,Germany
2018-12-09,38.3,22.93,60.76,0.18,Germany
2018-12-10,36.16,23.1,60.29,0.19,Germany
2018-12-11,55.37,23.5,59.73,0.19,Germany
2018-12-12,69.91,24.0,59.94,0.2,Germany
2018-12-13,66.24,24.13,59.03,0.2,Germany
2018-12-14,71.16,24.55,58.56,0.19,Germany
2018-12-15,70.57,24.55,58.24,0.19,Germany
2018-12-16,69.98,24.55,57.91,0.19,Germany
2018-12-17,69.39,24.55,57.59,0.2,Germany
2018-12-18,59.45,23.88,55.26,0.2,Germany
2018-12-19,56.44,24.4,55.6,0.19,Germany
2018-12-20,56.69,24.77,52.84,0.2,Germany
2018-12-21,49.62,24.48,51.93,0.17,Germany
2018-12-22,48.69,24.34,51.93,0.17,Germany
2018-12-23,47.76,24.19,51.93,0.18,Germany
2018-12-24,46.83,24.05,51.93,0.18,Germany
2018-12-25,19.01,24.1,51.93,0.17,Germany
2018-12-26,47.4,24.1,51.93,0.16,Germany
2018-12-27,60.02,23.33,51.49,0.16,Germany
2018-12-28,59.8,22.02,50.57,0.17,Germany
2018-12-29,58.1,21.7,50.57,0.17,Germany
2018-12-30,56.39,21.37,50.57,0.17,Germany
2018-12-31,54.69,21.05,50.57,0.17,Germany
2019-01-01,-4.3,21.05,50.57,0.17,Germany
2019-01-02,25.92,22.3,54.06,0.12,Germany
2019-01-03,57.72,21.8,53.23,0.14,Germany
2019-01-04,49.91,22.05,55.64,0.16,Germany
2019-01-05,50.54,21.58,56.13,0.16,Germany
2019-01-06,51.18,21.12,56.61,0.16,Germany
2019-01-07,51.81,20.65,57.1,0.16,Germany
2019-01-08,34.5,21.78,56.91,0.16,Germany
2019-01-09,40.0,21.13,59.46,0.16,Germany
2019-01-10,67.67,21.93,60.47,0.15,Germany
2019-01-11,49.92,21.38,59.24,0.14,Germany
2019-01-12,44.15,21.38,59.09,0.14,Germany
2019-01-13,38.38,21.38,58.95,0.14,Germany
2019-01-14,32.61,21.38,58.8,0.14,Germany
2019-01-15,45.45,21.2,58.65,0.13,Germany
2019-01-16,45.2,21.7,59.81,0.13,Germany
2019-01-17,42.84,22.68,59.85,0.13,Germany
2019-01-18,61.73,22.25,62.04,0.15,Germany
2019-01-19,64.45,22.1,62.09,0.15,Germany
2019-01-20,67.18,21.95,62.13,0.15,Germany
2019-01-21,69.9,21.8,62.18,0.15,Germany
2019-01-22,63.0,21.67,60.9,0.14,Germany
2019-01-23,75.08,21.95,61.05,0.14,Germany
2019-01-24,85.8,21.2,61.09,0.12,Germany
2019-01-25,66.5,20.8,61.49,0.11,Germany
2019-01-26,61.13,20.72,60.9,0.11,Germany
2019-01-27,55.77,20.63,60.3,0.11,Germany
2019-01-28,50.4,20.55,59.71,0.11,Germany
2019-01-29,60.19,20.8,60.98,0.12,Germany
2019-01-30,53.07,20.15,61.89,0.11,Germany
2019-01-31,59.84,19.95,62.46,0.1,Germany
2019-02-01,55.48,19.23,61.86,0.1,Germany
2019-02-02,51.67,19.27,61.99,0.1,Germany
2019-02-03,47.86,19.31,62.13,0.09,Germany
2019-02-04,44.05,19.35,62.26,0.09,Germany
2019-02-05,53.79,18.65,61.67,0.1,Germany
2019-02-06,51.32,19.0,62.22,0.09,Germany
2019-02-07,44.55,18.58,61.01,0.1,Germany
2019-02-08,41.62,18.27,61.37,0.1,Germany
2019-02-09,38.4,18.27,61.35,0.1,Germany
2019-02-10,35.19,18.27,61.32,0.1,Germany
2019-02-11,31.97,18.27,61.3,0.09,Germany
2019-02-12,46.74,17.45,62.58,0.09,Germany
2019-02-13,45.38,18.1,63.27,0.09,Germany
2019-02-14,49.09,17.75,64.0,0.08,Germany
2019-02-15,47.62,17.95,65.65,0.09,Germany
2019-02-16,47.21,17.75,65.9,0.09,Germany
2019-02-17,46.81,17.55,66.16,0.09,Germany
2019-02-18,46.4,17.35,66.41,0.09,Germany
2019-02-19,41.31,17.88,65.86,0.09,Germany
2019-02-20,45.6,18.1,66.82,0.09,Germany
2019-02-21,43.23,17.5,66.91,0.08,Germany
2019-02-22,47.2,16.93,66.91,0.07,Germany
2019-02-23,46.27,16.9,65.95,0.07,Germany
2019-02-24,45.34,16.88,64.98,0.07,Germany
2019-02-25,44.41,16.85,64.02,0.07,Germany
2019-02-26,44.6,17.33,64.51,0.06,Germany
2019-02-27,44.21,17.78,65.55,0.06,Germany
2019-02-28,40.26,17.75,65.03,0.06,Germany
2019-03-01,45.85,17.42,63.71,0.05,Germany
2019-03-02,35.0,17.46,63.95,0.05,Germany
2019-03-03,24.16,17.49,64.2,0.05,Germany
2019-03-04,13.31,17.53,64.44,0.05,Germany
2019-03-05,31.34,17.08,64.24,0.05,Germany
2019-03-06,34.77,16.93,64.51,0.04,Germany
2019-03-07,29.02,16.92,64.82,0.03,Germany
2019-03-08,26.39,16.78,65.66,0.04,Germany
2019-03-09,30.48,16.81,65.46,0.04,Germany
2019-03-10,34.58,16.85,65.26,0.05,Germany
2019-03-11,38.67,16.88,65.06,0.05,Germany
2019-03-12,36.59,16.5,65.33,0.06,Germany
2019-03-13,18.05,15.9,65.89,0.06,Germany
2019-03-14,32.54,15.52,66.18,0.06,Germany
2019-03-15,25.21,14.85,66.11,0.06,Germany
2019-03-16,27.45,15.03,66.29,0.06,Germany
2019-03-17,29.68,15.22,66.47,0.06,Germany
2019-03-18,31.92,15.4,66.65,0.06,Germany
2019-03-19,45.34,15.23,67.13,0.05,Germany
2019-03-20,41.5,15.08,68.35,0.06,Germany
2019-03-21,39.79,14.55,68.3,0.06,Germany
2019-03-22,40.57,14.2,66.29,0.06,Germany
2019-03-23,37.81,14.25,66.65,0.06,Germany
2019-03-24,35.05,14.3,67.01,0.07,Germany
2019-03-25,32.29,14.35,67.37,0.07,Germany
2019-03-26,36.5,14.7,67.51,0.07,Germany
2019-03-27,40.19,14.95,67.35,0.08,Germany
2019-03-28,42.32,14.2,66.08,0.09,Germany
2019-03-29,39.85,14.68,67.93,0.09,Germany
2019-03-30,39.24,14.49,68.31,0.09,Germany
2019-03-31,38.62,14.29,68.7,0.09,Germany
2019-04-01,38.01,14.1,69.08,0.09,Germany
2019-04-02,33.85,13.75,69.68,0.09,Germany
2019-04-03,42.24,14.45,69.21,0.08,Germany
2019-04-04,42.02,15.08,69.8,0.08,Germany
2019-04-05,42.28,15.82,69.93,0.07,Germany
2019-04-06,42.99,15.84,70.33,0.07,Germany
2019-04-07,43.69,15.86,70.72,0.07,Germany
2019-04-08,44.4,15.88,71.12,0.06,Germany
2019-04-09,41.99,16.85,71.02,0.05,Germany
2019-04-10,42.82,16.2,71.63,0.05,Germany
2019-04-11,44.74,16.08,71.3,0.04,Germany
2019-04-12,44.9,15.94,71.57,0.04,Germany
2019-04-13,43.88,15.63,71.35,0.04,Germany
2019-04-14,42.85,15.31,71.12,0.04,Germany
2019-04-15,41.83,15.0,70.9,0.04,Germany
2019-04-16,41.62,15.35,70.74,0.04,Germany
2019-04-17,40.81,15.05,71.14,0.03,Germany
2019-04-18,40.84,14.93,70.71,0.03,Germany
2019-04-19,33.84,14.93,70.71,0.03,Germany
2019-04-20,17.89,14.93,70.71,0.03,Germany
2019-04-21,1.94,14.93,70.71,0.03,Germany
2019-04-22,-14.01,14.93,70.71,0.03,Germany
2019-04-23,14.75,14.43,74.39,0.02,Germany
2019-04-24,34.7,14.18,73.59,0.02,Germany
2019-04-25,39.31,14.75,74.94,0.02,Germany
2019-04-26,43.54,14.3,71.03,0.02,Germany
2019-04-27,43.41,14.39,71.09,0.02,Germany
2019-04-28,43.28,14.48,71.16,0.02,Germany
2019-04-29,43.15,14.57,71.22,0.02,Germany
2019-04-30,42.87,14.35,72.19,0.01,Germany
2019-05-01,25.47,14.4,72.01,0.01,Germany
2019-05-02,37.94,14.65,70.56,0.01,Germany
2019-05-03,40.7,14.75,71.95,0.01,Germany
2019-05-04,41.9,14.79,71.95,0.01,Germany
2019-05-05,43.09,14.84,71.95,0.01,Germany
2019-05-06,44.29,14.88,71.95,0.01,Germany
2019-05-07,50.47,14.48,70.98,0.01,Germany
2019-05-08,39.47,14.48,71.09,0.01,Germany
2019-05-09,45.25,14.55,70.61,0.02,Germany
2019-05-10,44.79,14.06,71.63,0.03,Germany
2019-05-11,42.94,13.97,71.87,0.03,Germany
2019-05-12,41.08,13.89,72.11,0.04,Germany
2019-05-13,39.23,13.8,72.35,0.04,Germany
2019-05-14,41.01,13.8,72.53,0.05,Germany
2019-05-15,40.85,14.0,73.09,0.05,Germany
2019-05-16,39.73,13.4,74.7,0.06,Germany
2019-05-17,42.95,13.07,73.94,0.06,Germany
2019-05-18,44.06,13.01,73.7,0.06,Germany
2019-05-19,45.18,12.96,73.45,0.06,Germany
2019-05-20,46.29,12.9,73.21,0.06,Germany
2019-05-21,43.29,12.8,72.94,0.06,Germany
2019-05-22,40.09,12.93,71.94,0.06,Germany
2019-05-23,40.67,12.45,68.37,0.07,Germany
2019-05-24,40.46,12.3,67.98,0.07,Germany
2019-05-25,38.76,12.3,67.98,0.07,Germany
2019-05-26,37.05,12.3,67.98,0.07,Germany
2019-05-27,35.35,12.3,67.98,0.07,Germany
2019-05-28,43.33,12.5,70.19,0.07,Germany
2019-05-29,41.76,11.75,70.64,0.08,Germany
2019-05-30,16.09,11.27,69.55,0.08,Germany
2019-05-31,35.81,10.35,66.78,0.08,Germany
2019-06-01,36.17,10.28,65.57,0.08,Germany
2019-06-02,36.54,10.2,64.37,0.08,Germany
2019-06-03,36.9,10.13,63.16,0.08,Germany
2019-06-04,38.99,11.3,63.56,0.09,Germany
2019-06-05,37.93,10.65,62.14,0.08,Germany
2019-06-06,36.48,10.43,62.77,0.08,Germany
2019-06-07,37.61,10.98,64.1,0.08,Germany
2019-06-08,35.53,11.18,64.17,0.08,Germany
2019-06-09,33.45,11.37,64.24,0.07,Germany
2019-06-10,31.37,11.57,64.31,0.07,Germany
2019-06-11,44.67,11.2,63.56,0.06,Germany
2019-06-12,44.0,11.2,61.66,0.06,Germany
2019-06-13,38.51,11.43,63.28,0.06,Germany
2019-06-14,41.62,11.27,63.13,0.05,Germany
2019-06-15,41.63,11.31,62.94,0.05,Germany
2019-06-16,41.65,11.34,62.75,0.05,Germany
2019-06-17,41.66,11.38,62.56,0.04,Germany
2019-06-18,42.28,11.1,63.35,0.03,Germany
2019-06-19,41.2,10.32,62.85,0.02,Germany
2019-06-20,36.39,10.23,65.44,0.03,Germany
2019-06-21,38.69,10.3,65.99,0.03,Germany
2019-06-22,37.28,10.13,65.71,0.02,Germany
2019-06-23,35.88,9.97,65.44,0.02,Germany
2019-06-24,34.47,9.8,65.16,0.02,Germany
2019-06-25,40.52,9.13,66.24,0.02,Germany
2019-06-26,38.56,9.4,66.85,0.02,Germany
2019-06-27,32.21,9.13,66.78,0.02,Germany
2019-06-28,43.45,9.5,67.52,0.02,Germany
2019-06-29,39.95,9.73,66.71,0.02,Germany
2019-06-30,36.46,9.97,65.91,0.02,Germany
2019-07-01,32.96,10.2,65.1,0.02,Germany
2019-07-02,33.35,10.27,62.72,0.02,Germany
2019-07-03,33.35,10.27,63.53,0.01,Germany
2019-07-04,33.98,10.35,63.62,0.01,Germany
2019-07-05,35.26,11.13,64.23,0.01,Germany
2019-07-06,35.4,11.39,64.45,0.01,Germany
2019-07-07,35.55,11.64,64.67,0.01,Germany
2019-07-08,35.69,11.9,64.89,0.01,Germany
2019-07-09,37.39,11.55,64.3,0.01,Germany
2019-07-10,41.47,12.5,66.41,0.01,Germany
2019-07-11,45.91,12.75,67.64,0.01,Germany
2019-07-12,45.24,13.0,66.65,0.01,Germany
2019-07-13,44.01,12.95,66.72,0.01,Germany
2019-07-14,42.79,12.9,66.79,0.02,Germany
2019-07-15,41.56,12.85,66.86,0.02,Germany
2019-07-16,42.89,11.25,65.87,0.01,Germany
2019-07-17,45.88,11.15,63.67,0.01,Germany
2019-07-18,43.93,10.7,60.7,0.01,Germany
2019-07-19,44.81,10.75,61.04,0.01,Germany
2019-07-20,44.08,10.6,61.35,0.01,Germany
2019-07-21,43.35,10.45,61.65,0.01,Germany
2019-07-22,42.62,10.3,61.96,0.01,Germany
2019-07-23,46.6,10.65,62.28,0.01,Germany
2019-07-24,50.64,10.35,63.83,0.01,Germany
2019-07-25,50.23,10.3,63.47,0.01,Germany
2019-07-26,44.5,10.05,62.46,0.01,Germany
2019-07-27,44.83,9.87,62.4,0.01,Germany
2019-07-28,45.17,9.68,62.35,0.01,Germany
2019-07-29,45.5,9.5,62.29,0.01,Germany
2019-07-30,44.53,9.73,62.55,0.01,Germany
2019-07-31,48.47,10.15,64.07,0.01,Germany
2019-08-01,44.66,11.25,62.9,0.02,Germany
2019-08-02,43.7,11.3,61.12,0.03,Germany
2019-08-03,44.56,10.89,60.52,0.04,Germany
2019-08-04,45.42,10.48,59.92,0.05,Germany
2019-08-05,46.28,10.07,59.32,0.06,Germany
2019-08-06,42.06,9.77,58.63,0.07,Germany
2019-08-07,40.87,9.73,55.03,0.08,Germany
2019-08-08,34.72,10.05,56.29,0.08,Germany
2019-08-09,38.69,10.13,57.37,0.1,Germany
2019-08-10,39.54,10.23,57.29,0.11,Germany
2019-08-11,40.39,10.33,57.21,0.11,Germany
2019-08-12,41.24,10.43,57.13,0.11,Germany
2019-08-13,38.04,10.73,59.9,0.1,Germany
2019-08-14,38.77,9.65,57.86,0.12,Germany
2019-08-15,30.5,9.5,57.37,0.13,Germany
2019-08-16,35.69,9.6,59.0,0.15,Germany
2019-08-17,35.27,9.58,59.26,0.15,Germany
2019-08-18,34.85,9.57,59.53,0.15,Germany
2019-08-19,34.43,9.55,59.79,0.15,Germany
2019-08-20,39.8,9.93,59.03,0.16,Germany
2019-08-21,41.68,9.93,60.6,0.16,Germany
2019-08-22,36.31,10.05,59.81,0.17,Germany
2019-08-23,37.32,9.65,58.64,0.18,Germany
2019-08-24,40.1,9.73,58.64,0.18,Germany
2019-08-25,42.88,9.8,58.64,0.17,Germany
2019-08-26,45.66,9.88,58.64,0.17,Germany
2019-08-27,46.42,10.45,58.44,0.17,Germany
2019-08-28,50.83,10.1,60.42,0.17,Germany
2019-08-29,44.49,9.9,60.59,0.16,Germany
2019-08-30,41.34,9.0,61.04,0.14,Germany
2019-08-31,40.62,8.62,60.21,0.13,Germany
2019-09-01,39.9,8.23,59.38,0.13,Germany
2019-09-02,39.18,7.85,58.55,0.13,Germany
2019-09-03,35.4,7.18,57.93,0.12,Germany
2019-09-04,34.01,7.5,60.68,0.11,Germany
2019-09-05,31.72,8.07,62.7,0.13,Germany
2019-09-06,32.45,9.4,61.28,0.13,Germany
2019-09-07,36.8,9.44,62.18,0.13,Germany
2019-09-08,41.16,9.48,63.09,0.13,Germany
2019-09-09,45.51,9.52,63.99,0.12,Germany
2019-09-10,36.82,10.9,64.67,0.12,Germany
2019-09-11,33.93,10.23,63.02,0.12,Germany
2019-09-12,37.78,10.9,60.76,0.11,Germany
2019-09-13,39.02,10.57,61.25,0.13,Germany
2019-09-14,41.73,10.78,63.64,0.13,Germany
2019-09-15,44.44,10.99,66.03,0.12,Germany
2019-09-16,47.15,11.2,68.42,0.11,Germany
2019-09-17,33.87,9.7,65.59,0.1,Germany
2019-09-18,36.48,9.55,64.29,0.1,Germany
2019-09-19,43.78,9.3,64.25,0.11,Germany
2019-09-20,42.7,9.9,65.23,0.1,Germany
2019-09-21,43.18,9.95,65.04,0.1,Germany
2019-09-22,43.65,10.0,64.85,0.1,Germany
2019-09-23,44.13,10.05,64.66,0.11,Germany
2019-09-24,47.45,11.15,64.13,0.1,Germany
2019-09-25,46.74,10.15,62.41,0.09,Germany
2019-09-26,41.57,10.18,62.08,0.08,Germany
2019-09-27,38.44,9.4,62.48,0.08,Germany
2019-09-28,32.99,9.01,61.98,0.08,Germany
2019-09-29,27.55,8.62,61.49,0.07,Germany
2019-09-30,22.1,8.23,60.99,0.07,Germany
2019-10-01,42.55,9.95,60.06,0.06,Germany
2019-10-02,40.86,10.1,57.92,0.06,Germany
2019-10-03,40.07,12.5,58.01,0.07,Germany
2019-10-04,43.68,11.25,59.13,0.08,Germany
2019-10-05,44.0,10.92,59.24,0.08,Germany
2019-10-06,44.31,10.58,59.35,0.08,Germany
2019-10-07,44.63,10.25,59.46,0.08,Germany
2019-10-08,34.86,9.45,58.14,0.07,Germany
2019-10-09,35.2,8.15,59.7,0.07,Germany
2019-10-10,30.46,8.9,59.08,0.07,Germany
2019-10-11,25.97,9.35,60.59,0.09,Germany
2019-10-12,29.17,9.93,60.0,0.09,Germany
2019-10-13,32.36,10.52,59.4,0.1,Germany
2019-10-14,35.56,11.1,58.81,0.1,Germany
2019-10-15,43.63,10.9,59.19,0.11,Germany
2019-10-16,39.46,10.55,59.3,0.11,Germany
2019-10-17,43.77,10.0,59.35,0.1,Germany
2019-10-18,35.35,10.6,59.96,0.1,Germany
2019-10-19,38.14,10.43,59.62,0.1,Germany
2019-10-20,40.93,10.27,59.29,0.1,Germany
2019-10-21,43.72,10.1,58.95,0.1,Germany
2019-10-22,46.83,10.32,60.5,0.09,Germany
2019-10-23,43.52,10.45,60.52,0.08,Germany
2019-10-24,38.61,9.9,61.71,0.07,Germany
2019-10-25,36.11,11.35,62.06,0.07,Germany
2019-10-26,38.22,11.33,61.5,0.07,Germany
2019-10-27,40.33,11.32,60.95,0.06,Germany
2019-10-28,42.44,11.3,60.39,0.06,Germany
2019-10-29,48.11,10.32,61.05,0.06,Germany
2019-10-30,48.02,10.32,60.22,0.05,Germany
2019-10-31,42.63,10.0,59.3,0.05,Germany
2019-11-01,32.27,11.45,60.17,0.05,Germany
2019-11-02,34.41,11.98,60.95,0.05,Germany
2019-11-03,36.56,12.52,61.74,0.04,Germany
2019-11-04,38.7,13.05,62.52,0.04,Germany
2019-11-05,42.7,13.33,62.72,0.04,Germany
2019-11-06,51.79,13.0,62.11,0.04,Germany
2019-11-07,42.72,14.38,62.6,0.04,Germany
2019-11-08,47.12,14.7,62.0,0.04,Germany
2019-11-09,45.12,14.67,62.19,0.04,Germany
2019-11-10,43.11,14.63,62.39,0.04,Germany
2019-11-11,41.11,14.6,62.58,0.04,Germany
2019-11-12,42.2,15.0,62.19,0.04,Germany
2019-11-13,47.08,14.9,62.27,0.04,Germany
2019-11-14,45.32,14.63,62.46,0.04,Germany
2019-11-15,37.9,15.15,63.32,0.04,Germany
2019-11-16,39.05,15.02,63.15,0.04,Germany
2019-11-17,40.21,14.9,62.99,0.04,Germany
2019-11-18,41.36,14.77,62.82,0.04,Germany
2019-11-19,46.49,15.2,62.37,0.04,Germany
2019-11-20,53.25,15.18,63.8,0.03,Germany
2019-11-21,50.09,15.7,64.99,0.03,Germany
2019-11-22,43.58,15.65,64.83,0.03,Germany
2019-11-23,46.09,15.97,64.78,0.03,Germany
2019-11-24,48.61,16.28,64.72,0.03,Germany
2019-11-25,51.12,16.6,64.67,0.02,Germany
2019-11-26,47.36,15.55,64.82,0.02,Germany
2019-11-27,39.5,15.95,65.03,0.02,Germany
2019-11-28,30.49,15.6,64.68,0.02,Germany
2019-11-29,40.08,15.65,64.5,0.02,Germany
2019-11-30,42.11,15.58,64.07,0.01,Germany
2019-12-01,44.15,15.5,63.63,0.01,Germany
2019-12-02,46.18,15.43,63.2,0.01,Germany
2019-12-03,51.36,15.02,62.95,0.01,Germany
2019-12-04,47.94,14.88,65.25,0.02,Germany
2019-12-05,41.82,14.1,65.67,0.02,Germany
2019-12-06,24.91,14.2,66.5,0.03,Germany
2019-12-07,24.4,14.04,66.48,0.03,Germany
2019-12-08,23.88,13.89,66.46,0.03,Germany
2019-12-09,23.37,13.73,66.44,0.03,Germany
2019-12-10,40.17,13.65,66.57,0.02,Germany
2019-12-11,38.12,13.18,65.37,0.02,Germany
2019-12-12,44.62,13.4,66.67,0.02,Germany
2019-12-13,36.53,13.0,67.44,0.03,Germany
2019-12-14,37.97,12.87,67.64,0.03,Germany
2019-12-15,39.4,12.73,67.84,0.03,Germany
2019-12-16,40.84,12.6,68.04,0.03,Germany
2019-12-17,36.72,13.2,68.99,0.03,Germany
2019-12-18,36.72,12.77,69.12,0.03,Germany
2019-12-19,34.65,13.18,69.7,0.03,Germany
2019-12-20,29.41,13.0,68.66,0.03,Germany
2019-12-21,27.77,12.46,68.27,0.03,Germany
2019-12-22,26.14,11.92,67.88,0.03,Germany
2019-12-23,24.5,11.38,67.49,0.03,Germany
2019-12-24,20.52,11.35,69.26,0.03,Germany
2019-12-25,27.25,11.0,69.26,0.03,Germany
2019-12-26,33.63,11.0,69.26,0.03,Germany
2019-12-27,37.82,12.7,68.91,0.03,Germany
2019-12-28,33.74,12.58,68.71,0.03,Germany
2019-12-29,29.65,12.47,68.5,0.03,Germany
2019-12-30,25.57,12.35,68.3,0.03,Germany
2019-12-31,32.74,11.57,67.77,0.04,Germany
2020-01-01,34.96,11.6,67.77,0.04,Germany
2020-01-02,38.87,11.85,67.05,0.03,Germany
2020-01-03,26.11,12.73,69.08,0.02,Germany
2020-01-04,30.12,12.56,69.47,0.02,Germany
2020-01-05,34.12,12.4,69.86,0.02,Germany
2020-01-06,38.13,12.23,70.25,0.02,Germany
2020-01-07,40.52,11.77,68.74,0.02,Germany
2020-01-08,33.58,11.8,67.31,0.02,Germany
2020-01-09,36.25,11.8,66.58,0.02,Germany
2020-01-10,34.8,11.8,66.77,0.02,Germany
2020-01-11,35.76,11.87,65.89,0.02,Germany
2020-01-12,36.72,11.93,65.02,0.02,Germany
2020-01-13,37.68,12.0,64.14,0.02,Germany
2020-01-14,23.36,11.25,64.45,0.02,Germany
2020-01-15,24.96,11.18,63.29,0.01,Germany
2020-01-16,38.17,11.05,64.63,0.01,Germany
2020-01-17,36.9,10.85,64.05,0.01,Germany
2020-01-18,39.44,10.8,64.24,0.01,Germany
2020-01-19,41.99,10.75,64.44,0.01,Germany
2020-01-20,44.53,10.7,64.63,0.01,Germany
2020-01-21,41.6,10.95,63.66,0.01,Germany
2020-01-22,45.9,10.5,62.11,0.01,Germany
2020-01-23,51.54,10.43,61.26,0.01,Germany
2020-01-24,50.24,10.5,59.34,0.01,Germany
2020-01-25,45.99,10.49,59.07,0.01,Germany
2020-01-26,41.74,10.49,58.81,0.02,Germany
2020-01-27,37.49,10.48,58.54,0.02,Germany
2020-01-28,31.61,10.88,59.37,0.02,Germany
2020-01-29,33.22,10.23,59.46,0.02,Germany
2020-01-30,32.82,9.9,57.72,0.03,Germany
2020-01-31,22.48,9.85,57.77,0.03,Germany
2020-02-01,24.21,9.72,56.51,0.03,Germany
2020-02-02,25.93,9.58,55.26,0.03,Germany
2020-02-03,27.66,9.45,54.0,0.03,Germany
2020-02-04,27.88,9.8,53.9,0.03,Germany
2020-02-05,36.2,9.55,55.36,0.03,Germany
2020-02-06,36.92,9.27,55.18,0.03,Germany
2020-02-07,36.69,9.2,54.53,0.02,Germany
2020-02-08,27.09,9.09,54.15,0.02,Germany
2020-02-09,17.48,8.99,53.77,0.02,Germany
2020-02-10,7.88,8.88,53.39,0.02,Germany
2020-02-11,11.62,9.05,54.0,0.02,Germany
2020-02-12,19.46,9.38,55.54,0.02,Germany
2020-02-13,37.59,9.0,56.34,0.02,Germany
2020-02-14,36.03,9.15,57.37,0.02,Germany
2020-02-15,30.1,9.23,57.52,0.02,Germany
2020-02-16,24.18,9.3,57.68,0.02,Germany
2020-02-17,18.25,9.38,57.83,0.02,Germany
2020-02-18,21.87,9.65,57.35,0.01,Germany
2020-02-19,30.91,9.8,59.72,0.01,Germany
2020-02-20,28.68,9.82,59.72,0.01,Germany
2020-02-21,24.33,9.5,58.6,0.01,Germany
2020-02-22,25.72,9.41,57.75,0.02,Germany
2020-02-23,27.1,9.31,56.89,0.03,Germany
2020-02-24,28.49,9.22,56.04,0.03,Germany
2020-02-25,24.1,9.25,56.71,0.05,Germany
2020-02-26,31.67,9.5,54.96,0.06,Germany
2020-02-27,38.44,9.2,52.19,0.11,Germany
2020-02-28,31.04,9.4,51.31,0.17,Germany
2020-02-29,31.75,9.4,51.71,0.18,Germany
2020-03-01,32.47,9.4,52.12,0.2,Germany
2020-03-02,33.18,9.4,52.52,0.21,Germany
2020-03-03,36.25,9.55,52.24,0.25,Germany
2020-03-04,39.61,9.27,51.86,0.26,Germany
2020-03-05,36.07,9.4,51.29,0.28,Germany
2020-03-06,30.48,9.15,45.6,0.32,Germany
2020-03-07,32.69,9.02,42.18,0.34,Germany
2020-03-08,34.9,8.88,38.75,0.37,Germany
2020-03-09,37.11,8.75,35.33,0.4,Germany
2020-03-10,22.69,9.15,35.57,0.45,Germany
2020-03-11,22.69,9.18,34.45,0.47,Germany
2020-03-12,12.24,9.43,31.02,0.51,Germany
2020-03-13,16.54,9.4,32.25,0.56,Germany
2020-03-14,21.42,9.23,30.83,0.57,Germany
2020-03-15,26.31,9.05,29.4,0.58,Germany
2020-03-16,31.19,8.88,27.98,0.59,Germany
2020-03-17,28.18,8.5,27.97,0.62,Germany
2020-03-18,26.42,8.45,22.79,0.64,Germany
2020-03-19,28.69,8.7,23.3,0.64,Germany
2020-03-20,25.14,8.75,25.4,0.68,Germany
2020-03-21,22.42,8.57,25.29,0.67,Germany
2020-03-22,19.7,8.38,25.17,0.67,Germany
2020-03-23,16.98,8.2,25.06,0.67,Germany
2020-03-24,20.45,8.15,23.75,0.66,Germany
2020-03-25,23.06,8.0,25.62,0.67,Germany
2020-03-26,22.23,7.63,23.55,0.66,Germany
2020-03-27,21.55,7.43,22.39,0.67,Germany
2020-03-28,22.14,7.34,21.28,0.68,Germany
2020-03-29,22.73,7.24,20.18,0.68,Germany
2020-03-30,23.32,7.15,19.07,0.69,Germany
2020-03-31,25.17,7.18,14.85,0.67,Germany
2020-04-01,23.36,6.97,14.97,0.69,Germany
2020-04-02,19.95,7.03,20.24,0.67,Germany
2020-04-03,22.53,7.05,24.33,0.67,Germany
2020-04-04,20.8,7.08,23.75,0.66,Germany
2020-04-05,19.07,7.1,23.16,0.65,Germany
2020-04-06,17.34,7.13,22.58,0.64,Germany
2020-04-07,23.54,7.32,22.1,0.63,Germany
2020-04-08,26.51,7.1,25.22,0.61,Germany
2020-04-09,23.51,7.05,20.23,0.59,Germany
2020-04-10,23.14,7.05,20.23,0.56,Germany
2020-04-11,22.06,7.05,20.23,0.55,Germany
2020-04-12,20.98,7.05,20.23,0.55,Germany
2020-04-13,19.9,7.05,20.23,0.55,Germany
2020-04-14,19.9,7.05,21.74,0.52,Germany
2020-04-15,20.17,6.85,19.8,0.53,Germany
2020-04-16,25.32,7.07,18.69,0.51,Germany
2020-04-17,27.77,6.35,19.75,0.49,Germany
2020-04-18,19.33,6.32,18.95,0.48,Germany
2020-04-19,10.88,6.28,18.16,0.48,Germany
2020-04-20,2.44,6.25,17.36,0.47,Germany
2020-04-21,-16.15,5.95,9.12,0.48,Germany
2020-04-22,7.88,6.05,13.77,0.48,Germany
2020-04-23,27.76,5.65,15.06,0.46,Germany
2020-04-24,20.65,5.6,15.87,0.45,Germany
2020-04-25,22.27,5.78,15.64,0.44,Germany
2020-04-26,23.88,5.95,15.4,0.44,Germany
2020-04-27,25.5,6.13,15.17,0.43,Germany
2020-04-28,25.06,5.98,15.6,0.41,Germany
2020-04-29,23.05,5.65,17.86,0.39,Germany
2020-04-30,20.0,5.55,18.11,0.38,Germany
2020-05-01,6.53,5.55,18.49,0.39,Germany
2020-05-02,13.15,5.53,19.13,0.38,Germany
2020-05-03,19.76,5.52,19.76,0.38,Germany
2020-05-04,26.38,5.5,20.4,0.37,Germany
2020-05-05,21.72,5.3,25.46,0.36,Germany
2020-05-06,21.49,5.53,24.2,0.37,Germany
2020-05-07,23.83,5.25,24.23,0.37,Germany
2020-05-08,23.78,5.25,24.23,0.36,Germany
2020-05-09,20.54,5.46,24.66,0.36,Germany
2020-05-10,17.31,5.67,25.1,0.35,Germany
2020-05-11,14.07,5.88,25.53,0.35,Germany
2020-05-12,22.27,5.13,26.67,0.35,Germany
2020-05-13,29.76,5.07,27.89,0.34,Germany
2020-05-14,22.79,4.85,29.87,0.33,Germany
2020-05-15,21.08,4.78,30.95,0.34,Germany
2020-05-16,20.63,4.69,31.73,0.34,Germany
2020-05-17,20.19,4.59,32.52,0.33,Germany
2020-05-18,19.74,4.5,33.3,0.32,Germany
2020-05-19,23.69,4.22,33.06,0.32,Germany
2020-05-20,32.05,3.95,34.76,0.31,Germany
2020-05-21,19.58,3.1,34.78,0.3,Germany
2020-05-22,18.83,4.03,33.8,0.29,Germany
2020-05-23,18.76,4.03,33.8,0.28,Germany
2020-05-24,18.7,4.03,33.8,0.27,Germany
2020-05-25,18.63,4.03,33.8,0.27,Germany
2020-05-26,27.43,4.0,33.95,0.26,Germany
2020-05-27,22.9,3.55,32.73,0.27,Germany
2020-05-28,20.41,3.2,33.98,0.25,Germany
2020-05-29,22.69,3.42,34.15,0.25,Germany
2020-05-30,17.15,3.48,35.01,0.25,Germany
2020-05-31,11.61,3.54,35.88,0.26,Germany
2020-06-01,6.07,3.6,36.74,0.26,Germany
2020-06-02,28.34,4.3,37.72,0.24,Germany
2020-06-03,28.84,4.9,37.98,0.24,Germany
2020-06-04,26.55,4.47,38.41,0.24,Germany
2020-06-05,24.3,4.88,41.0,0.24,Germany
2020-06-06,26.66,4.87,40.55,0.24,Germany
2020-06-07,29.01,4.86,40.11,0.24,Germany
2020-06-08,31.37,4.85,39.66,0.25,Germany
2020-06-09,36.68,4.65,40.45,0.25,Germany
2020-06-10,31.36,4.57,41.18,0.25,Germany
2020-06-11,24.06,4.72,37.76,0.28,Germany
2020-06-12,20.72,4.95,38.54,0.27,Germany
2020-06-13,24.16,5.09,38.84,0.27,Germany
2020-06-14,27.61,5.24,39.14,0.27,Germany
2020-06-15,31.05,5.38,39.44,0.26,Germany
2020-06-16,34.12,5.1,40.75,0.25,Germany
2020-06-17,37.24,5.1,40.47,0.25,Germany
2020-06-18,31.8,5.2,41.75,0.25,Germany
2020-06-19,29.85,5.45,42.33,0.24,Germany
2020-06-20,29.76,5.37,42.62,0.24,Germany
2020-06-21,29.67,5.3,42.91,0.23,Germany
2020-06-22,29.58,5.22,43.2,0.22,Germany
2020-06-23,32.74,5.72,42.72,0.21,Germany
2020-06-24,35.57,5.61,40.4,0.21,Germany
2020-06-25,34.45,5.03,41.18,0.21,Germany
2020-06-26,34.8,4.97,40.97,0.21,Germany
2020-06-27,32.36,5.2,41.17,0.2,Germany
2020-06-28,29.92,5.42,41.38,0.2,Germany
2020-06-29,27.48,5.65,41.58,0.2,Germany
2020-06-30,18.35,5.5,41.64,0.2,Germany
2020-07-01,32.39,5.57,42.18,0.21,Germany
2020-07-02,38.91,5.18,43.19,0.23,Germany
2020-07-03,34.93,5.0,42.92,0.23,Germany
2020-07-04,28.05,5.14,42.86,0.22,Germany
2020-07-05,21.16,5.29,42.79,0.22,Germany
2020-07-06,14.28,5.43,42.73,0.22,Germany
2020-07-07,31.9,5.65,43.28,0.21,Germany
2020-07-08,41.21,5.5,43.67,0.2,Germany
2020-07-09,42.42,4.75,42.35,0.19,Germany
2020-07-10,36.62,4.75,43.27,0.18,Germany
2020-07-11,35.81,4.62,43.13,0.18,Germany
2020-07-12,34.99,4.48,42.99,0.18,Germany
2020-07-13,34.18,4.35,42.85,0.18,Germany
2020-07-14,36.76,4.22,42.97,0.19,Germany
2020-07-15,41.71,4.72,43.96,0.19,Germany
2020-07-16,44.45,4.45,43.71,0.2,Germany
2020-07-17,37.58,5.15,43.53,0.18,Germany
2020-07-18,36.04,4.91,43.45,0.18,Germany
2020-07-19,34.5,4.67,43.38,0.18,Germany
2020-07-20,32.96,4.43,43.3,0.18,Germany
2020-07-21,31.71,4.63,44.31,0.16,Germany
2020-07-22,34.35,4.7,43.98,0.15,Germany
2020-07-23,35.69,4.85,42.96,0.14,Germany
2020-07-24,31.16,4.78,43.29,0.14,Germany
2020-07-25,31.62,4.65,43.32,0.13,Germany
2020-07-26,32.07,4.51,43.36,0.13,Germany
2020-07-27,32.53,4.38,43.39,0.13,Germany
2020-07-28,22.97,4.68,43.11,0.12,Germany
2020-07-29,20.75,4.93,43.51,0.11,Germany
2020-07-30,35.62,4.93,42.98,0.14,Germany
2020-07-31,38.51,5.2,43.13,0.13,Germany
2020-08-01,37.91,5.2,43.34,0.14,Germany
2020-08-02,37.32,5.2,43.55,0.14,Germany
2020-08-03,36.72,5.2,43.76,0.14,Germany
2020-08-04,36.39,7.1,43.99,0.14,Germany
2020-08-05,29.61,6.68,44.92,0.13,Germany
2020-08-06,33.28,7.05,45.04,0.14,Germany
2020-08-07,35.98,7.0,44.07,0.13,Germany
2020-08-08,36.31,6.97,44.11,0.13,Germany
2020-08-09,36.65,6.93,44.15,0.12,Germany
2020-08-10,36.98,6.9,44.19,0.12,Germany
2020-08-11,36.3,6.9,43.68,0.13,Germany
2020-08-12,35.86,6.35,45.09,0.12,Germany
2020-08-13,38.59,6.47,44.87,0.13,Germany
2020-08-14,40.83,7.0,44.86,0.13,Germany
2020-08-15,40.67,7.15,44.88,0.13,Germany
2020-08-16,40.52,7.3,44.89,0.13,Germany
2020-08-17,40.36,7.45,44.91,0.13,Germany
2020-08-18,42.39,8.1,45.34,0.12,Germany
2020-08-19,38.23,8.05,45.21,0.11,Germany
2020-08-20,38.11,7.25,44.56,0.11,Germany
2020-08-21,31.81,6.8,43.94,0.09,Germany
2020-08-22,36.11,7.21,44.1,0.1,Germany
2020-08-23,40.42,7.61,44.27,0.1,Germany
2020-08-24,44.72,8.02,44.43,0.1,Germany
2020-08-25,38.46,8.25,46.01,0.09,Germany
2020-08-26,17.89,8.95,45.79,0.09,Germany
2020-08-27,46.31,8.82,44.84,0.09,Germany
2020-08-28,40.7,9.73,45.22,0.08,Germany
2020-08-29,45.15,9.86,45.22,0.08,Germany
2020-08-30,49.59,10.0,45.22,0.08,Germany
2020-08-31,54.04,10.13,45.22,0.08,Germany
2020-09-01,49.81,10.7,45.72,0.07,Germany
2020-09-02,49.82,10.48,42.7,0.07,Germany
2020-09-03,40.54,11.13,42.72,0.07,Germany
2020-09-04,38.32,11.68,41.1,0.08,Germany
2020-09-05,40.06,11.57,40.96,0.07,Germany
2020-09-06,41.8,11.46,40.81,0.07,Germany
2020-09-07,43.54,11.35,40.67,0.07,Germany
2020-09-08,37.6,10.88,38.53,0.07,Germany
2020-09-09,36.63,10.65,39.98,0.08,Germany
2020-09-10,47.34,10.3,39.27,0.09,Germany
2020-09-11,47.81,10.43,38.8,0.1,Germany
2020-09-12,49.58,10.45,38.72,0.1,Germany
2020-09-13,51.34,10.48,38.65,0.11,Germany
2020-09-14,53.11,10.5,38.57,0.11,Germany
2020-09-15,70.2,10.7,39.54,0.1,Germany
2020-09-16,53.41,11.15,41.23,0.09,Germany
2020-09-17,46.4,11.0,42.35,0.09,Germany
2020-09-18,42.13,10.93,42.16,0.1,Germany
2020-09-19,48.45,11.08,41.56,0.11,Germany
2020-09-20,54.78,11.23,40.97,0.12,Germany
2020-09-21,61.1,11.38,40.37,0.13,Germany
2020-09-22,53.31,11.23,40.84,0.13,Germany
2020-09-23,46.43,11.6,41.09,0.13,Germany
2020-09-24,38.18,11.73,41.24,0.13,Germany
2020-09-25,41.37,11.38,40.91,0.13,Germany
2020-09-26,43.33,11.66,41.14,0.13,Germany
2020-09-27,45.3,11.95,41.36,0.13,Germany
2020-09-28,47.26,12.23,41.59,0.13,Germany
2020-09-29,58.62,12.63,40.33,0.12,Germany
2020-09-30,50.25,11.5,40.3,0.12,Germany
2020-10-01,41.02,12.15,39.75,0.13,Germany
2020-10-02,35.68,11.8,38.0,0.13,Germany
2020-10-03,34.48,12.22,38.59,0.12,Germany
2020-10-04,33.29,12.65,39.19,0.12,Germany
2020-10-05,32.09,13.07,39.78,0.11,Germany
2020-10-06,34.45,12.85,41.27,0.11,Germany
2020-10-07,36.62,13.55,40.62,0.1,Germany
2020-10-08,29.83,13.7,42.0,0.1,Germany
2020-10-09,39.97,13.9,41.63,0.09,Germany
2020-10-10,42.28,13.83,41.25,0.09,Germany
2020-10-11,44.59,13.75,40.88,0.09,Germany
2020-10-12,46.9,13.68,40.5,0.09,Germany
2020-10-13,45.23,13.25,41.34,0.08,Germany
2020-10-14,35.67,13.75,41.81,0.08,Germany
2020-10-15,40.94,14.4,41.61,0.09,Germany
2020-10-16,46.94,14.77,41.34,0.1,Germany
2020-10-17,46.17,14.83,41.32,0.09,Germany
2020-10-18,45.41,14.89,41.31,0.09,Germany
2020-10-19,44.64,14.95,41.29,0.09,Germany
2020-10-20,35.22,14.8,41.62,0.08,Germany
2020-10-21,32.61,14.93,40.09,0.09,Germany
2020-10-22,32.39,15.23,41.28,0.09,Germany
2020-10-23,44.78,15.18,40.71,0.1,Germany
2020-10-24,42.61,15.06,40.16,0.1,Germany
2020-10-25,40.44,14.94,39.61,0.11,Germany
2020-10-26,38.27,14.82,39.06,0.11,Germany
2020-10-27,34.61,14.77,39.72,0.11,Germany
2020-10-28,29.94,14.15,37.86,0.13,Germany
2020-10-29,32.65,13.82,36.56,0.12,Germany
2020-10-30,30.19,13.5,36.33,0.12,Germany
2020-10-31,27.93,13.4,36.81,0.12,Germany
2020-11-01,25.66,13.3,37.3,0.12,Germany
2020-11-02,23.4,13.2,37.78,0.12,Germany
2020-11-03,35.74,13.7,38.17,0.12,Germany
2020-11-04,40.01,13.9,39.68,0.12,Germany
2020-11-05,38.66,14.4,39.47,0.11,Germany
2020-11-06,40.54,13.38,38.08,0.11,Germany
2020-11-07,41.99,13.54,39.03,0.09,Germany
2020-11-08,43.43,13.69,39.98,0.07,Germany
2020-11-09,44.88,13.85,40.93,0.06,Germany
2020-11-10,48.15,14.07,42.25,0.07,Germany
2020-11-11,45.06,13.98,42.5,0.07,Germany
2020-11-12,40.96,14.0,42.16,0.09,Germany
2020-11-13,40.73,13.9,41.51,0.1,Germany
2020-11-14,36.65,13.99,41.91,0.1,Germany
2020-11-15,32.57,14.09,42.31,0.1,Germany
2020-11-16,28.49,14.18,42.71,0.1,Germany
2020-11-17,38.89,13.45,42.54,0.1,Germany
2020-11-18,36.36,13.0,42.91,0.1,Germany
2020-11-19,26.39,12.95,43.09,0.1,Germany
2020-11-20,43.26,12.6,43.79,0.09,Germany
2020-11-21,43.38,12.91,44.19,0.09,Germany
2020-11-22,43.51,13.21,44.6,0.09,Germany
2020-11-23,43.63,13.52,45.0,0.09,Germany
2020-11-24,42.03,13.9,46.63,0.07,Germany
2020-11-25,46.87,14.02,47.3,0.06,Germany
2020-11-26,56.55,14.05,46.32,0.06,Germany
2020-11-27,64.73,14.5,46.88,0.06,Germany
2020-11-28,60.56,14.71,46.87,0.06,Germany
2020-11-29,56.39,14.92,46.85,0.06,Germany
2020-11-30,52.22,15.13,46.84,0.05,Germany
2020-12-01,53.71,14.82,47.03,0.03,Germany
2020-12-02,73.99,14.8,47.8,0.03,Germany
2020-12-03,48.0,13.9,48.37,0.03,Germany
2020-12-04,41.78,14.65,49.1,0.03,Germany
2020-12-05,42.76,14.48,48.94,0.03,Germany
2020-12-06,43.75,14.32,48.79,0.03,Germany
2020-12-07,44.73,14.15,48.63,0.03,Germany
2020-12-08,61.08,14.45,48.84,0.02,Germany
2020-12-09,75.03,14.73,48.81,0.02,Germany
2020-12-10,69.39,15.58,50.33,0.02,Germany
2020-12-11,45.8,15.93,50.01,0.02,Germany
2020-12-12,44.86,16.18,50.1,0.02,Germany
2020-12-13,43.93,16.43,50.18,0.02,Germany
2020-12-14,42.99,16.68,50.27,0.02,Germany
2020-12-15,50.4,17.28,50.77,0.03,Germany
2020-12-16,50.06,16.15,50.83,0.02,Germany
2020-12-17,44.58,15.88,51.2,0.02,Germany
2020-12-18,42.51,15.68,52.17,0.02,Germany
2020-12-19,41.27,16.09,51.65,0.02,Germany
2020-12-20,40.02,16.49,51.13,0.02,Germany
2020-12-21,38.78,16.9,50.61,0.03,Germany
2020-12-22,27.69,17.45,49.88,0.03,Germany
2020-12-23,43.9,17.1,51.05,0.03,Germany
2020-12-24,24.33,17.63,50.88,0.03,Germany
2020-12-25,34.92,17.63,50.88,0.03,Germany
2020-12-26,36.35,17.63,50.88,0.03,Germany
2020-12-27,37.78,17.63,50.88,0.03,Germany
2020-12-28,39.21,17.63,50.88,0.03,Germany
2020-12-29,46.21,19.05,50.44,0.03,Germany
2020-12-30,47.07,19.0,50.74,0.03,Germany
2020-12-31,46.7,18.88,51.22,0.02,Germany
2021-01-01,48.4,18.8,51.22,0.02,Germany
2021-01-02,48.27,19.14,50.94,0.02,Germany
2021-01-03,48.15,19.49,50.65,0.02,Germany
2021-01-04,48.02,19.83,50.37,0.02,Germany
2021-01-05,55.34,18.05,53.16,0.02,Germany
2021-01-06,52.68,17.73,53.8,0.02,Germany
2021-01-07,70.93,19.52,53.7,0.02,Germany
2021-01-08,78.34,20.45,55.51,0.02,Germany
2021-01-09,68.28,21.07,55.29,0.02,Germany
2021-01-10,58.21,21.68,55.06,0.02,Germany
2021-01-11,48.15,22.3,54.84,0.02,Germany
2021-01-12,46.1,26.9,55.98,0.01,Germany
2021-01-13,42.47,23.13,55.52,0.01,Germany
2021-01-14,70.58,21.1,55.76,0.02,Germany
2021-01-15,72.89,20.35,54.8,0.01,Germany
2021-01-16,67.24,19.92,54.6,0.01,Germany
2021-01-17,61.6,19.48,54.41,0.01,Germany
2021-01-18,55.95,19.05,54.21,0.01,Germany
2021-01-19,44.95,20.25,55.38,0.01,Germany
2021-01-20,36.28,19.83,55.66,0.01,Germany
2021-01-21,30.07,19.75,55.68,0.01,Germany
2021-01-22,42.53,21.55,55.22,0.01,Germany
2021-01-23,48.63,21.18,55.29,0.01,Germany
2021-01-24,54.74,20.82,55.37,0.01,Germany
2021-01-25,60.84,20.45,55.44,0.01,Germany
2021-01-26,61.37,19.85,55.26,0.01,Germany
2021-01-27,57.99,19.78,55.07,0.01,Germany
2021-01-28,55.31,20.85,54.87,0.02,Germany
2021-01-29,49.68,20.48,55.25,0.02,Germany
2021-01-30,52.28,19.49,55.64,0.02,Germany
2021-01-31,54.87,18.49,56.03,0.02,Germany
2021-02-01,57.47,17.5,56.42,0.02,Germany
2021-02-02,54.62,17.98,57.62,0.02,Germany
2021-02-03,44.53,17.85,58.61,0.03,Germany
2021-02-04,52.04,18.02,58.98,0.02,Germany
2021-02-05,51.39,18.45,59.48,0.02,Germany
2021-02-06,48.77,19.23,59.71,0.02,Germany
2021-02-07,46.14,20.02,59.94,0.02,Germany
2021-02-08,43.52,20.8,60.17,0.02,Germany
2021-02-09,64.32,19.8,60.74,0.02,Germany
2021-02-10,72.21,19.0,61.17,0.02,Germany
2021-02-11,79.3,18.1,61.09,0.02,Germany
2021-02-12,62.13,17.75,62.47,0.02,Germany
2021-02-13,58.34,17.28,62.84,0.02,Germany
2021-02-14,54.54,16.8,63.21,0.02,Germany
2021-02-15,50.75,16.33,63.58,0.02,Germany
2021-02-16,52.43,16.58,63.96,0.01,Germany
2021-02-17,49.67,16.4,65.02,0.01,Germany
2021-02-18,45.4,17.2,64.09,0.01,Germany
2021-02-19,47.71,16.58,62.84,0.01,Germany
2021-02-20,48.44,16.37,63.47,0.01,Germany
2021-02-21,49.17,16.16,64.1,0.01,Germany
2021-02-22,49.9,15.95,64.73,0.01,Germany
2021-02-23,45.58,15.9,65.16,0.01,Germany
2021-02-24,38.13,16.25,66.85,0.01,Germany
2021-02-25,46.16,15.93,66.69,0.01,Germany
2021-02-26,47.63,15.8,65.86,0.01,Germany
2021-02-27,48.34,15.98,65.43,0.01,Germany
2021-02-28,49.06,16.17,64.99,0.01,Germany
2021-03-01,49.77,16.35,64.56,0.02,Germany
2021-03-02,53.5,16.13,63.17,0.02,Germany
2021-03-03,51.91,16.05,64.7,0.02,Germany
2021-03-04,54.08,16.4,67.32,0.01,Germany
2021-03-05,53.6,16.6,69.95,0.01,Germany
2021-03-06,56.27,16.68,69.3,0.01,Germany
2021-03-07,58.94,16.77,68.65,0.02,Germany
2021-03-08,61.61,16.85,68.0,0.02,Germany
2021-03-09,60.92,17.38,67.03,0.02,Germany
2021-03-10,50.82,17.67,67.53,0.02,Germany
2021-03-11,27.43,18.2,69.34,0.01,Germany
2021-03-12,22.29,18.55,68.87,0.01,Germany
2021-03-13,31.29,18.5,68.84,0.01,Germany
2021-03-14,40.28,18.45,68.81,0.01,Germany
2021-03-15,49.28,18.4,68.78,0.01,Germany
2021-03-16,56.01,17.93,67.95,0.01,Germany
2021-03-17,57.65,18.7,67.73,0.01,Germany
2021-03-18,64.86,17.6,62.11,0.01,Germany
2021-03-19,51.34,17.75,64.0,0.01,Germany
2021-03-20,54.39,18.02,63.96,0.01,Germany
2021-03-21,57.43,18.28,63.93,0.01,Germany
2021-03-22,60.48,18.55,63.89,0.01,Germany
2021-03-23,62.33,18.5,59.96,0.0,Germany
2021-03-24,55.54,18.7,63.7,0.0,Germany
2021-03-25,58.85,18.4,61.21,0.0,Germany
2021-03-26,51.37,18.48,63.77,0.0,Germany
2021-03-27,47.85,18.46,63.87,0.0,Germany
2021-03-28,44.33,18.44,63.96,0.0,Germany
2021-03-29,40.81,18.42,64.06,0.0,Germany
2021-03-30,55.73,18.75,63.28,0.0,Germany
2021-03-31,58.72,18.93,63.52,0.0,Germany
2021-04-01,52.29,19.2,63.85,0.0,Germany
2021-04-02,39.56,19.2,63.85,0.0,Germany
2021-04-03,20.71,19.2,63.85,0.0,Germany
2021-04-04,1.85,19.2,63.85,0.0,Germany
2021-04-05,-17.0,19.2,63.85,0.0,Germany
2021-04-06,35.38,20.4,61.47,0.01,Germany
2021-04-07,50.32,20.05,61.86,0.01,Germany
2021-04-08,57.58,19.45,62.09,0.01,Germany
2021-04-09,53.92,19.5,61.89,0.01,Germany
2021-04-10,56.85,19.93,62.05,0.01,Germany
2021-04-11,59.79,20.37,62.22,0.01,Germany
2021-04-12,62.72,20.8,62.38,0.01,Germany
2021-04-13,57.52,20.42,62.83,0.01,Germany
2021-04-14,69.49,20.41,66.11,0.0,Germany
2021-04-15,66.98,20.8,66.13,0.01,Germany
2021-04-16,63.04,21.15,65.98,0.01,Germany
2021-04-17,67.25,21.27,66.17,0.01,Germany
2021-04-18,71.46,21.4,66.35,0.01,Germany
2021-04-19,75.67,21.52,66.54,0.01,Germany
2021-04-20,75.77,21.55,65.34,0.02,Germany
2021-04-21,59.88,21.32,64.02,0.02,Germany
2021-04-22,45.9,21.73,65.07,0.01,Germany
2021-04-23,61.73,20.17,65.75,0.01,Germany
2021-04-24,61.79,20.17,65.67,0.01,Germany
2021-04-25,61.86,20.17,65.58,0.01,Germany
2021-04-26,61.92,20.17,65.5,0.01,Germany
2021-04-27,59.51,21.83,66.25,0.01,Germany
2021-04-28,61.72,21.92,67.08,0.01,Germany
2021-04-29,59.44,22.67,68.26,0.01,Germany
2021-04-30,69.15,23.6,67.73,0.01,Germany
2021-05-01,66.91,23.78,67.73,0.01,Germany
2021-05-02,64.67,23.97,67.73,0.01,Germany
2021-05-03,62.43,24.15,67.73,0.01,Germany
2021-05-04,30.26,24.02,68.91,0.01,Germany
2021-05-05,31.81,24.68,69.71,0.01,Germany
2021-05-06,64.97,24.98,68.62,0.01,Germany
2021-05-07,71.3,23.88,68.73,0.01,Germany
2021-05-08,66.69,24.27,68.69,0.01,Germany
2021-05-09,62.07,24.66,68.65,0.01,Germany
2021-05-10,57.46,25.05,68.61,0.01,Germany
2021-05-11,72.17,26.1,68.83,0.01,Germany
2021-05-12,68.75,26.1,69.62,0.01,Germany
2021-05-13,62.74,26.4,67.36,0.01,Germany
2021-05-14,71.8,26.92,69.24,0.01,Germany
2021-05-15,72.43,26.8,69.37,0.01,Germany
2021-05-16,73.07,26.67,69.49,0.01,Germany
2021-05-17,73.7,26.55,69.62,0.01,Germany
2021-05-18,74.18,25.65,69.01,0.0,Germany
2021-05-19,77.71,23.2,66.88,0.0,Germany
2021-05-20,69.99,24.7,65.18,0.0,Germany
2021-05-21,31.34,24.83,66.72,0.0,Germany
2021-05-22,31.44,24.82,67.34,0.0,Germany
2021-05-23,31.55,24.81,67.97,0.0,Germany
2021-05-24,31.65,24.8,68.59,0.0,Germany
2021-05-25,59.78,26.35,68.8,0.0,Germany
2021-05-26,65.61,26.33,68.93,0.01,Germany
2021-05-27,71.77,25.35,69.43,0.01,Germany
2021-05-28,73.6,25.45,69.36,0.01,Germany
2021-05-29,67.9,25.47,69.36,0.01,Germany
2021-05-30,62.19,25.48,69.36,0.01,Germany
2021-05-31,56.49,25.5,69.36,0.01,Germany
2021-06-01,68.25,26.15,70.03,0.01,Germany
2021-06-02,66.69,25.52,70.6,0.01,Germany
2021-06-03,61.96,25.83,70.71,0.01,Germany
2021-06-04,71.8,25.83,71.3,0.01,Germany
2021-06-05,73.65,26.11,71.16,0.01,Germany
2021-06-06,75.49,26.39,71.03,0.01,Germany
2021-06-07,77.34,26.67,70.89,0.01,Germany
2021-06-08,76.92,28.13,71.39,0.01,Germany
2021-06-09,76.74,27.9,71.31,0.01,Germany
2021-06-10,78.83,27.8,71.65,0.01,Germany
2021-06-11,78.1,28.0,72.05,0.01,Germany
2021-06-12,76.81,28.3,72.12,0.01,Germany
2021-06-13,75.51,28.6,72.2,0.01,Germany
2021-06-14,74.22,28.9,72.27,0.01,Germany
2021-06-15,82.61,27.95,73.38,0.01,Germany
2021-06-16,85.0,28.15,73.88,0.01,Germany
2021-06-17,77.51,28.6,72.92,0.02,Germany
2021-06-18,80.12,29.52,73.1,0.03,Germany
2021-06-19,79.29,29.61,73.56,0.03,Germany
2021-06-20,78.46,29.71,74.03,0.03,Germany
2021-06-21,77.63,29.8,74.49,0.03,Germany
2021-06-22,84.59,31.4,74.92,0.02,Germany
2021-06-23,92.84,31.68,75.22,0.02,Germany
2021-06-24,94.83,31.95,75.95,0.02,Germany
2021-06-25,89.73,32.1,76.45,0.02,Germany
2021-06-26,89.4,32.13,75.89,0.02,Germany
2021-06-27,89.06,32.17,75.34,0.02,Germany
2021-06-28,88.73,32.2,74.78,0.02,Germany
2021-06-29,91.65,33.67,75.38,0.01,Germany
2021-06-30,92.38,35.5,76.94,0.02,Germany
2021-07-01,89.39,36.4,76.69,0.01,Germany
2021-07-02,96.58,36.3,77.51,0.01,Germany
2021-07-03,95.67,36.82,77.79,0.01,Germany
2021-07-04,94.76,37.33,78.06,0.01,Germany
2021-07-05,93.85,37.85,78.34,0.01,Germany
2021-07-06,80.68,33.97,75.81,0.02,Germany
2021-07-07,99.11,32.8,74.31,0.02,Germany
2021-07-08,109.04,34.0,75.07,0.03,Germany
2021-07-09,91.42,36.8,77.14,0.03,Germany
2021-07-10,92.1,36.08,77.02,0.02,Germany
2021-07-11,92.77,35.37,76.89,0.02,Germany
2021-07-12,93.45,34.65,76.77,0.02,Germany
2021-07-13,95.02,35.25,77.5,0.02,Germany
2021-07-14,87.39,33.9,75.74,0.01,Germany
2021-07-15,89.74,34.0,74.53,0.01,Germany
2021-07-16,84.96,35.28,74.46,0.01,Germany
2021-07-17,86.38,35.59,72.75,0.01,Germany
2021-07-18,87.79,35.89,71.04,0.01,Germany
2021-07-19,89.21,36.2,69.33,0.02,Germany
2021-07-20,91.69,35.3,70.03,0.02,Germany
2021-07-21,89.99,36.0,72.54,0.01,Germany
2021-07-22,87.56,35.8,74.25,0.01,Germany
2021-07-23,88.8,35.65,74.86,0.01,Germany
2021-07-24,88.7,36.09,74.84,0.01,Germany
2021-07-25,88.6,36.53,74.81,0.01,Germany
2021-07-26,88.5,36.97,74.79,0.01,Germany
2021-07-27,87.22,37.98,74.87,0.01,Germany
2021-07-28,79.42,39.75,75.09,0.01,Germany
2021-07-29,46.1,39.75,76.3,0.01,Germany
2021-07-30,64.81,40.47,77.72,0.0,Germany
2021-07-31,69.91,41.01,76.45,0.0,Germany
2021-08-01,75.0,41.56,75.18,0.0,Germany
2021-08-02,80.1,42.1,73.91,0.0,Germany
2021-08-03,96.51,41.15,73.24,0.0,Germany
2021-08-04,98.17,41.8,70.99,0.0,Germany
2021-08-05,94.51,42.58,72.14,0.0,Germany
2021-08-06,71.6,42.8,71.02,0.0,Germany
2021-08-07,91.14,42.78,70.56,0.0,Germany
2021-08-08,110.69,42.77,70.11,0.0,Germany
2021-08-09,130.23,42.75,69.65,0.0,Germany
2021-08-10,90.77,44.44,71.14,0.0,Germany
2021-08-11,100.76,46.2,71.99,0.0,Germany
2021-08-12,106.54,45.6,71.79,0.0,Germany
2021-08-13,94.9,44.25,70.9,0.0,Germany
2021-08-14,85.8,45.4,70.62,0.0,Germany
2021-08-15,76.7,46.54,70.35,0.0,Germany
2021-08-16,67.6,47.69,70.07,0.0,Germany
2021-08-17,57.39,46.25,69.4,0.0,Germany
2021-08-18,78.64,44.8,68.61,0.0,Germany
2021-08-19,91.62,40.38,66.8,0.01,Germany
2021-08-20,102.18,41.55,65.51,0.01,Germany
2021-08-21,99.41,41.83,66.7,0.01,Germany
2021-08-22,96.65,42.12,67.88,0.01,Germany
2021-08-23,93.88,42.4,69.07,0.01,Germany
2021-08-24,95.4,45.6,71.21,0.01,Germany
2021-08-25,84.31,45.2,72.12,0.01,Germany
2021-08-26,92.62,45.4,70.42,0.01,Germany
2021-08-27,95.91,47.25,72.26,0.0,Germany
2021-08-28,99.47,47.25,72.26,0.0,Germany
2021-08-29,103.02,47.25,72.26,0.0,Germany
2021-08-30,106.58,47.25,72.26,0.0,Germany
2021-08-31,110.05,47.25,73.45,0.01,Germany
2021-09-01,111.86,51.2,71.99,0.01,Germany
2021-09-02,118.19,51.08,73.56,0.01,Germany
2021-09-03,110.53,51.2,73.07,0.01,Germany
2021-09-04,116.29,51.51,72.86,0.01,Germany
2021-09-05,122.06,51.82,72.64,0.01,Germany
2021-09-06,127.82,52.13,72.43,0.01,Germany
2021-09-07,127.98,53.6,71.52,0.01,Germany
2021-09-08,124.78,54.75,72.36,0.01,Germany
2021-09-09,130.23,56.33,71.32,0.01,Germany
2021-09-10,138.29,58.03,72.44,0.01,Germany
2021-09-11,139.3,59.19,72.62,0.01,Germany
2021-09-12,140.31,60.34,72.79,0.01,Germany
2021-09-13,141.32,61.5,72.97,0.01,Germany
2021-09-14,143.24,65.8,73.05,0.01,Germany
2021-09-15,168.21,65.5,74.84,0.01,Germany
2021-09-16,158.94,60.85,75.14,0.01,Germany
2021-09-17,156.96,65.6,74.64,0.01,Germany
2021-09-18,154.87,68.13,74.29,0.02,Germany
2021-09-19,152.79,70.67,73.94,0.02,Germany
2021-09-20,150.7,73.2,73.59,0.03,Germany
2021-09-21,149.89,72.0,73.65,0.02,Germany
2021-09-22,145.98,70.1,75.5,0.02,Germany
2021-09-23,73.16,67.03,76.44,0.02,Germany
2021-09-24,108.98,68.35,77.42,0.01,Germany
2021-09-25,120.39,70.89,77.9,0.01,Germany
2021-09-26,131.81,73.44,78.37,0.01,Germany
2021-09-27,143.22,75.98,78.85,0.01,Germany
2021-09-28,155.09,79.0,78.3,0.02,Germany
2021-09-29,133.31,80.0,77.86,0.02,Germany
2021-09-30,112.57,84.75,77.81,0.01,Germany
2021-10-01,100.33,87.6,79.4,0.01,Germany
2021-10-02,119.59,88.2,80.08,0.01,Germany
2021-10-03,138.86,88.8,80.76,0.01,Germany
2021-10-04,158.12,89.4,81.44,0.01,Germany
2021-10-05,159.73,115.8,82.72,0.01,Germany
2021-10-06,184.12,100.3,81.39,0.01,Germany
2021-10-07,302.53,91.9,82.34,0.01,Germany
2021-10-08,203.89,79.78,82.17,0.01,Germany
2021-10-09,191.87,81.19,82.7,0.01,Germany
2021-10-10,179.86,82.59,83.22,0.01,Germany
2021-10-11,167.84,84.0,83.75,0.01,Germany
2021-10-12,167.43,85.1,83.53,0.01,Germany
2021-10-13,188.24,91.5,83.53,0.0,Germany
2021-10-14,167.81,99.45,83.86,0.0,Germany
2021-10-15,116.65,87.0,84.67,0.0,Germany
2021-10-16,141.01,86.4,84.49,0.0,Germany
2021-10-17,165.36,85.8,84.31,0.0,Germany
2021-10-18,189.72,85.2,84.13,0.0,Germany
2021-10-19,153.46,84.7,85.02,0.0,Germany
2021-10-20,60.11,90.5,85.76,0.0,Germany
2021-10-21,61.5,86.2,84.58,0.0,Germany
2021-10-22,71.87,86.93,85.43,0.0,Germany
2021-10-23,105.8,87.62,85.24,0.0,Germany
2021-10-24,139.72,88.31,85.04,0.0,Germany
2021-10-25,173.65,89.0,84.85,0.0,Germany
2021-10-26,178.02,87.83,85.11,0.0,Germany
2021-10-27,143.84,84.95,84.12,0.01,Germany
2021-10-28,153.54,74.0,83.4,0.01,Germany
2021-10-29,112.97,60.4,83.1,0.01,Germany
2021-10-30,107.14,61.73,83.57,0.01,Germany
2021-10-31,101.32,63.07,84.04,0.01,Germany
2021-11-01,95.49,64.4,84.51,0.01,Germany
2021-11-02,204.11,67.97,84.42,0.01,Germany
2021-11-03,193.14,78.0,81.1,0.01,Germany
2021-11-04,172.11,72.4,80.15,0.01,Germany
2021-11-05,160.09,73.0,82.43,0.01,Germany
2021-11-06,165.86,74.38,82.69,0.01,Germany
2021-11-07,171.64,75.75,82.96,0.01,Germany
2021-11-08,177.41,77.13,83.22,0.01,Germany
2021-11-09,163.14,71.0,84.52,0.01,Germany
2021-11-10,176.26,70.6,82.91,0.01,Germany
2021-11-11,190.43,74.25,83.4,0.01,Germany
2021-11-12,166.9,74.1,82.9,0.02,Germany
2021-11-13,187.25,75.9,82.58,0.02,Germany
2021-11-14,207.61,77.7,82.26,0.02,Germany
2021-11-15,227.96,79.5,81.94,0.02,Germany
2021-11-16,237.47,93.8,82.85,0.02,Germany
2021-11-17,180.6,94.0,80.67,0.03,Germany
2021-11-18,139.9,90.64,82.45,0.03,Germany
2021-11-19,131.63,86.5,80.24,0.03,Germany
2021-11-20,165.48,85.78,80.48,0.03,Germany
2021-11-21,199.32,85.07,80.73,0.03,Germany
2021-11-22,233.17,84.35,80.97,0.03,Germany
2021-11-23,241.87,91.25,83.43,0.03,Germany
2021-11-24,273.89,94.0,82.37,0.04,Germany
2021-11-25,243.35,92.2,82.05,0.04,Germany
2021-11-26,188.38,87.95,72.37,0.09,Germany
2021-11-27,214.24,89.93,72.69,0.09,Germany
2021-11-28,240.1,91.9,73.02,0.1,Germany
2021-11-29,265.96,93.88,73.34,0.11,Germany
2021-11-30,123.84,91.35,70.86,0.12,Germany
2021-12-01,91.0,97.5,69.53,0.12,Germany
2021-12-02,195.04,91.85,70.56,0.13,Germany
2021-12-03,149.97,89.2,70.71,0.13,Germany
2021-12-04,188.44,88.66,71.6,0.13,Germany
2021-12-05,226.92,88.11,72.49,0.13,Germany
2021-12-06,265.39,87.57,73.38,0.13,Germany
2021-12-07,216.19,96.7,75.54,0.13,Germany
2021-12-08,184.06,98.9,75.94,0.13,Germany
2021-12-09,277.88,101.25,74.1,0.13,Germany
2021-12-10,239.78,103.6,74.98,0.13,Germany
2021-12-11,248.07,107.68,74.69,0.12,Germany
2021-12-12,256.37,111.77,74.41,0.12,Germany
2021-12-13,264.66,115.85,74.12,0.11,Germany
2021-12-14,295.82,127.2,73.37,0.1,Germany
2021-12-15,295.2,127.0,73.71,0.09,Germany
2021-12-16,344.3,134.0,74.64,0.09,Germany
2021-12-17,338.14,134.0,72.97,0.07,Germany
2021-12-18,335.88,139.0,72.15,0.07,Germany
2021-12-19,333.63,144.0,71.33,0.07,Germany
2021-12-20,331.37,149.0,70.51,0.07,Germany
2021-12-21,431.98,182.3,72.85,0.08,Germany
2021-12-22,416.72,166.75,74.69,0.07,Germany
2021-12-23,300.73,124.0,76.26,0.08,Germany
2021-12-24,196.21,105.0,75.24,0.07,Germany
2021-12-25,180.42,105.0,75.24,0.07,Germany
2021-12-26,164.62,105.0,75.24,0.07,Germany
2021-12-27,148.83,105.0,75.24,0.07,Germany
2021-12-28,104.23,105.0,75.24,0.07,Germany
2021-12-29,155.6,95.9,78.63,0.07,Germany
2021-12-30,73.26,78.5,78.61,0.06,Germany
2021-12-31,12.13,78.5,77.24,0.05,Germany
2022-01-01,33.46,78.5,77.58,0.05,Germany
2022-01-02,54.78,78.5,77.91,0.05,Germany
2022-01-03,76.11,78.5,78.25,0.05,Germany
2022-01-04,153.92,86.0,79.39,0.06,Germany
2022-01-05,107.87,90.0,80.6,0.05,Germany
2022-01-06,194.1,96.5,81.99,0.05,Germany
2022-01-07,167.18,84.4,82.28,0.05,Germany
2022-01-08,198.64,84.33,82.04,0.05,Germany
2022-01-09,230.09,84.27,81.8,0.04,Germany
2022-01-10,261.55,84.2,81.56,0.04,Germany
2022-01-11,255.41,88.15,84.98,0.04,Germany
2022-01-12,233.32,75.4,85.83,0.04,Germany
2022-01-13,180.16,79.95,85.8,0.04,Germany
2022-01-14,178.76,85.4,87.17,0.03,Germany
2022-01-15,162.28,82.28,87.39,0.03,Germany
2022-01-16,145.79,79.17,87.6,0.03,Germany
2022-01-17,129.31,76.05,87.82,0.03,Germany
2022-01-18,235.87,79.08,88.83,0.02,Germany
2022-01-19,172.18,73.6,89.64,0.02,Germany
2022-01-20,117.7,73.9,89.75,0.02,Germany
2022-01-21,159.27,80.5,89.75,0.02,Germany
2022-01-22,188.16,80.5,89.08,0.03,Germany
2022-01-23,217.05,80.5,88.41,0.04,Germany
2022-01-24,245.94,80.5,87.74,0.05,Germany
2022-01-25,297.29,92.9,89.49,0.06,Germany
2022-01-26,234.98,91.7,91.22,0.07,Germany
2022-01-27,120.71,91.7,90.7,0.07,Germany
2022-01-28,174.35,92.43,91.47,0.08,Germany
2022-01-29,181.3,89.82,91.76,0.07,Germany
2022-01-30,188.25,87.21,92.06,0.07,Germany
2022-01-31,195.2,84.6,92.35,0.06,Germany
2022-02-01,150.25,75.9,90.24,0.07,Germany
2022-02-02,140.22,76.5,91.43,0.07,Germany
2022-02-03,193.56,77.6,92.99,0.07,Germany
2022-02-04,132.37,80.2,96.86,0.1,Germany
2022-02-05,116.47,79.63,97.0,0.11,Germany
2022-02-06,100.58,79.07,97.14,0.12,Germany
2022-02-07,84.68,78.5,97.28,0.12,Germany
2022-02-08,137.81,75.7,96.07,0.14,Germany
2022-02-09,165.89,75.65,94.95,0.14,Germany
2022-02-10,192.82,74.28,96.37,0.14,Germany
2022-02-11,184.58,76.2,97.5,0.14,Germany
2022-02-12,157.13,77.22,98.89,0.14,Germany
2022-02-13,129.67,78.23,100.27,0.14,Germany
2022-02-14,102.22,79.25,101.66,0.15,Germany
2022-02-15,155.0,68.5,98.43,0.15,Germany
2022-02-16,117.38,68.9,97.44,0.15,Germany
2022-02-17,68.64,74.0,95.28,0.15,Germany
2022-02-18,117.63,73.5,96.18,0.14,Germany
2022-02-19,103.56,72.83,97.1,0.14,Germany
2022-02-20,89.49,72.17,98.03,0.14,Germany
2022-02-21,75.42,71.5,98.95,0.14,Germany
2022-02-22,123.24,80.3,98.73,0.14,Germany
2022-02-23,130.09,89.2,99.29,0.14,Germany
2022-02-24,123.39,136.52,101.29,0.14,Germany
2022-02-25,119.96,89.95,98.56,0.13,Germany
2022-02-26,149.41,93.68,100.07,0.13,Germany
2022-02-27,178.85,97.4,101.57,0.14,Germany
2022-02-28,208.3,101.13,103.08,0.14,Germany
2022-03-01,241.4,117.75,110.93,0.16,Germany
2022-03-02,278.78,169.8,118.94,0.17,Germany
2022-03-03,338.2,154.5,115.36,0.18,Germany
2022-03-04,358.78,204.0,123.86,0.24,Germany
2022-03-05,375.89,211.67,125.58,0.26,Germany
2022-03-06,392.99,219.33,127.3,0.28,Germany
2022-03-07,410.1,227.0,129.02,0.3,Germany
2022-03-08,487.57,210.0,133.18,0.32,Germany
2022-03-09,446.25,149.75,116.58,0.35,Germany
2022-03-10,279.15,134.03,114.54,0.38,Germany
2022-03-11,80.44,132.0,118.11,0.4,Germany
2022-03-12,147.44,124.5,115.54,0.4,Germany
2022-03-13,214.44,117.0,112.96,0.4,Germany
2022-03-14,281.44,109.5,110.39,0.4,Germany
2022-03-15,300.54,115.0,105.14,0.39,Germany
2022-03-16,245.3,97.28,104.61,0.38,Germany
2022-03-17,225.41,102.35,113.5,0.38,Germany
2022-03-18,228.9,100.4,114.32,0.37,Germany
2022-03-19,221.18,97.73,116.98,0.37,Germany
2022-03-20,213.47,95.07,119.63,0.36,Germany
2022-03-21,205.75,92.4,122.29,0.36,Germany
2022-03-22,236.49,94.0,121.53,0.36,Germany
2022-03-23,236.53,109.0,127.52,0.34,Germany
2022-03-24,238.0,102.6,123.98,0.33,Germany
2022-03-25,244.38,101.0,122.67,0.31,Germany
2022-03-26,236.78,101.67,119.95,0.31,Germany
2022-03-27,229.17,102.33,117.22,0.31,Germany
2022-03-28,221.57,103.0,114.5,0.31,Germany
2022-03-29,250.18,108.35,112.79,0.32,Germany
2022-03-30,271.03,115.6,115.59,0.33,Germany
2022-03-31,209.19,121.9,107.29,0.37,Germany
2022-04-01,160.13,111.1,106.13,0.35,Germany
2022-04-02,131.86,110.61,106.8,0.36,Germany
2022-04-03,103.6,110.12,107.48,0.36,Germany
2022-04-04,75.33,109.63,108.15,0.37,Germany
2022-04-05,183.02,108.72,106.6,0.37,Germany
2022-04-06,121.33,108.32,100.81,0.36,Germany
2022-04-07,74.15,103.0,99.83,0.33,Germany
2022-04-08,120.87,104.75,101.26,0.31,Germany
2022-04-09,155.12,103.6,100.15,0.3,Germany
2022-04-10,189.37,102.45,99.03,0.3,Germany
2022-04-11,223.62,101.3,97.92,0.3,Germany
2022-04-12,184.59,105.3,104.42,0.28,Germany
2022-04-13,222.52,105.5,108.49,0.28,Germany
2022-04-14,227.71,97.53,110.83,0.26,Germany
2022-04-15,192.96,97.53,110.83,0.23,Germany
2022-04-16,168.72,97.53,110.83,0.23,Germany
2022-04-17,144.47,97.53,110.83,0.22,Germany
2022-04-18,120.23,97.53,110.83,0.21,Germany
2022-04-19,213.0,91.45,105.49,0.22,Germany
2022-04-20,203.25,96.53,105.05,0.23,Germany
2022-04-21,199.5,95.97,107.2,0.22,Germany
2022-04-22,172.49,95.97,105.15,0.24,Germany
2022-04-23,189.48,95.68,103.19,0.26,Germany
2022-04-24,206.47,95.39,101.23,0.27,Germany
2022-04-25,223.46,95.1,99.27,0.29,Germany
2022-04-26,238.47,93.23,102.89,0.31,Germany
2022-04-27,222.21,108.35,103.3,0.32,Germany
2022-04-28,230.15,99.0,105.78,0.33,Germany
2022-04-29,228.02,96.5,108.36,0.34,Germany
2022-04-30,225.02,96.5,108.36,0.34,Germany
2022-05-01,222.02,96.5,108.36,0.34,Germany
2022-05-02,219.02,96.5,108.36,0.34,Germany
2022-05-03,218.16,96.5,104.94,0.33,Germany
2022-05-04,231.29,102.0,110.53,0.32,Germany
2022-05-05,234.49,99.0,112.11,0.36,Germany
2022-05-06,225.36,90.0,113.86,0.38,Germany
2022-05-07,222.51,87.5,111.46,0.37,Germany
2022-05-08,219.66,85.0,109.07,0.36,Germany
2022-05-09,216.81,82.5,106.67,0.36,Germany
2022-05-10,183.32,81.75,102.61,0.33,Germany
2022-05-11,159.09,84.0,107.7,0.32,Germany
2022-05-12,169.12,93.5,108.06,0.37,Germany
2022-05-13,168.79,93.0,112.12,0.38,Germany
2022-05-14,183.05,92.63,113.03,0.38,Germany
2022-05-15,197.32,92.27,113.95,0.38,Germany
2022-05-16,211.58,91.9,114.86,0.38,Germany
2022-05-17,225.75,93.2,112.89,0.39,Germany
2022-05-18,206.97,91.0,110.04,0.4,Germany
2022-05-19,210.81,86.95,113.22,0.41,Germany
2022-05-20,209.23,86.5,113.63,0.4,Germany
2022-05-21,202.2,83.63,114.13,0.4,Germany
2022-05-22,195.17,80.77,114.63,0.4,Germany
2022-05-23,188.14,77.9,115.13,0.41,Germany
2022-05-24,162.95,79.5,115.77,0.42,Germany
2022-05-25,177.5,81.9,116.41,0.43,Germany
2022-05-26,67.93,82.25,119.81,0.43,Germany
2022-05-27,46.77,85.0,121.19,0.41,Germany
2022-05-28,106.51,86.07,121.8,0.41,Germany
2022-05-29,166.25,87.13,122.4,0.41,Germany
2022-05-30,225.99,88.2,123.01,0.4,Germany
2022-05-31,210.17,85.9,125.53,0.4,Germany
2022-06-01,215.29,79.35,122.2,0.39,Germany
2022-06-02,188.87,79.35,122.2,0.39,Germany
2022-06-03,184.55,79.35,125.68,0.37,Germany
2022-06-04,153.48,79.32,125.45,0.37,Germany
2022-06-05,122.4,79.28,125.22,0.37,Germany
2022-06-06,91.33,79.25,124.99,0.37,Germany
2022-06-07,183.88,79.0,126.89,0.36,Germany
2022-06-08,190.35,76.85,129.2,0.37,Germany
2022-06-09,185.49,82.6,128.47,0.41,Germany
2022-06-10,185.75,82.0,127.44,0.47,Germany
2022-06-11,179.02,81.67,127.77,0.47,Germany
2022-06-12,172.29,81.33,128.11,0.47,Germany
2022-06-13,165.56,81.0,128.44,0.48,Germany
2022-06-14,194.98,90.43,127.02,0.5,Germany
2022-06-15,211.83,116.55,124.96,0.52,Germany
2022-06-16,201.97,116.6,125.78,0.54,Germany
2022-06-17,255.43,120.0,119.22,0.56,Germany
2022-06-18,259.41,120.83,118.9,0.56,Germany
2022-06-19,263.39,121.67,118.57,0.56,Germany
2022-06-20,267.37,122.5,118.25,0.56,Germany
2022-06-21,288.59,124.0,118.51,0.55,Germany
2022-06-22,323.34,125.45,115.54,0.55,Germany
2022-06-23,295.08,127.35,114.5,0.55,Germany
2022-06-24,274.3,128.0,117.36,0.54,Germany
2022-06-25,288.42,128.5,118.14,0.53,Germany
2022-06-26,302.53,129.0,118.91,0.52,Germany
2022-06-27,316.65,129.5,119.69,0.51,Germany
2022-06-28,331.52,130.0,122.21,0.48,Germany
2022-06-29,315.54,139.6,120.8,0.47,Germany
2022-06-30,325.48,149.75,119.78,0.46,Germany
2022-07-01,314.38,148.0,119.21,0.45,Germany
2022-07-02,307.55,152.87,120.07,0.43,Germany
2022-07-03,300.72,157.73,120.94,0.41,Germany
2022-07-04,293.89,162.6,121.8,0.39,Germany
2022-07-05,318.37,162.25,110.49,0.44,Germany
2022-07-06,303.54,175.0,108.54,0.45,Germany
2022-07-07,213.22,185.2,113.4,0.44,Germany
2022-07-08,295.92,170.0,113.95,0.44,Germany
2022-07-09,321.48,168.92,114.25,0.44,Germany
2022-07-10,347.04,167.85,114.55,0.44,Germany
2022-07-11,372.6,166.77,114.85,0.44,Germany
2022-07-12,377.66,174.7,106.98,0.43,Germany
2022-07-13,352.16,182.6,107.17,0.42,Germany
2022-07-14,367.38,178.4,107.74,0.42,Germany
2022-07-15,329.92,154.25,112.26,0.41,Germany
2022-07-16,351.97,155.67,113.93,0.4,Germany
2022-07-17,374.02,157.08,115.6,0.4,Germany
2022-07-18,396.07,158.5,117.27,0.39,Germany
2022-07-19,397.09,151.6,114.96,0.4,Germany
2022-07-20,332.7,155.5,115.86,0.39,Germany
2022-07-21,396.73,150.5,112.81,0.37,Germany
2022-07-22,377.45,162.51,106.77,0.37,Germany
2022-07-23,354.9,164.53,107.26,0.36,Germany
2022-07-24,332.36,166.55,107.74,0.36,Germany
2022-07-25,309.81,168.57,108.23,0.36,Germany
2022-07-26,316.57,196.8,107.32,0.37,Germany
2022-07-27,424.49,205.0,109.64,0.38,Germany
2022-07-28,473.25,199.25,109.68,0.39,Germany
2022-07-29,438.65,191.75,111.51,0.4,Germany
2022-07-30,433.97,193.5,109.7,0.39,Germany
2022-07-31,429.3,195.25,107.9,0.39,Germany
2022-08-01,424.62,197.0,106.09,0.39,Germany
2022-08-02,380.51,204.0,106.51,0.39,Germany
2022-08-03,384.83,204.0,101.82,0.39,Germany
2022-08-04,414.16,202.2,97.99,0.38,Germany
2022-08-05,380.31,195.0,100.31,0.38,Germany
2022-08-06,373.39,194.1,101.36,0.38,Germany
2022-08-07,366.47,193.2,102.41,0.38,Germany
2022-08-08,359.55,192.3,103.46,0.37,Germany
2022-08-09,344.87,190.0,103.81,0.36,Germany
2022-08-10,335.08,205.0,105.06,0.37,Germany
2022-08-11,368.15,206.75,107.19,0.35,Germany
2022-08-12,436.8,205.0,103.7,0.34,Germany
2022-08-13,433.4,210.5,101.88,0.34,Germany
2022-08-14,430.0,216.0,100.07,0.34,Germany
2022-08-15,426.6,221.5,98.25,0.34,Germany
2022-08-16,490.79,225.08,95.36,0.32,Germany
2022-08-17,551.95,224.4,97.22,0.3,Germany
2022-08-18,563.76,236.5,96.35,0.31,Germany
2022-08-19,515.1,245.0,96.45,0.33,Germany
2022-08-20,531.34,254.0,95.99,0.34,Germany
2022-08-21,547.57,263.0,95.52,0.35,Germany
2022-08-22,563.81,272.0,95.06,0.36,Germany
2022-08-23,605.13,268.5,99.49,0.36,Germany
2022-08-24,624.34,293.0,99.87,0.35,Germany
2022-08-25,599.83,308.7,98.81,0.33,Germany
2022-08-26,699.44,330.0,101.13,0.33,Germany
2022-08-27,685.76,323.0,101.13,0.32,Germany
2022-08-28,672.09,316.0,101.13,0.32,Germany
2022-08-29,658.41,309.0,101.13,0.32,Germany
2022-08-30,660.24,254.5,99.34,0.31,Germany
2022-08-31,604.49,231.3,96.55,0.32,Germany
2022-09-01,571.2,226.0,92.24,0.35,Germany
2022-09-02,422.25,190.48,93.09,0.37,Germany
2022-09-03,400.65,199.52,93.47,0.37,Germany
2022-09-04,379.05,208.56,93.84,0.37,Germany
2022-09-05,357.45,217.6,94.22,0.37,Germany
2022-09-06,417.27,220.0,91.43,0.37,Germany
2022-09-07,462.47,208.3,86.83,0.41,Germany
2022-09-08,443.52,210.6,87.99,0.41,Germany
2022-09-09,345.7,191.7,91.68,0.43,Germany
2022-09-10,366.48,190.13,92.27,0.43,Germany
2022-09-11,387.25,188.57,92.86,0.43,Germany
2022-09-12,408.03,187.0,93.45,0.43,Germany
2022-09-13,392.37,194.5,92.04,0.45,Germany
2022-09-14,455.81,208.0,92.83,0.46,Germany
2022-09-15,369.37,190.0,89.28,0.47,Germany
2022-09-16,201.2,161.5,89.43,0.48,Germany
2022-09-17,221.36,162.67,89.43,0.47,Germany
2022-09-18,241.52,163.83,89.43,0.47,Germany
2022-09-19,261.68,165.0,89.43,0.46,Germany
2022-09-20,363.43,179.0,89.62,0.47,Germany
2022-09-21,379.94,178.8,89.86,0.5,Germany
2022-09-22,387.89,170.0,90.4,0.51,Germany
2022-09-23,368.33,168.0,84.29,0.61,Germany
2022-09-24,327.53,168.33,83.71,0.62,Germany
2022-09-25,286.73,168.67,83.13,0.63,Germany
2022-09-26,245.93,169.0,82.55,0.63,Germany
2022-09-27,310.21,207.8,85.97,0.65,Germany
2022-09-28,386.2,199.54,89.55,0.68,Germany
2022-09-29,417.14,179.0,89.41,0.7,Germany
2022-09-30,315.49,163.5,88.9,0.7,Germany
2022-10-01,280.11,153.14,89.49,0.7,Germany
2022-10-02,244.73,142.78,90.09,0.7,Germany
2022-10-03,209.35,132.42,90.68,0.7,Germany
2022-10-04,246.31,92.0,93.74,0.72,Germany
2022-10-05,103.19,91.57,94.35,0.73,Germany
2022-10-06,100.8,121.0,95.65,0.73,Germany
2022-10-07,163.89,105.0,98.88,0.73,Germany
2022-10-08,163.29,106.17,98.3,0.72,Germany
2022-10-09,162.69,107.33,97.71,0.72,Germany
2022-10-10,162.09,108.5,97.13,0.71,Germany
2022-10-11,259.87,99.0,95.17,0.7,Germany
2022-10-12,282.54,101.75,93.44,0.71,Germany
2022-10-13,257.46,85.0,95.16,0.71,Germany
2022-10-14,260.65,67.0,92.22,0.7,Germany
2022-10-15,224.64,64.83,91.83,0.71,Germany
2022-10-16,188.62,62.67,91.43,0.72,Germany
2022-10-17,152.61,60.5,91.04,0.74,Germany
2022-10-18,183.18,72.5,89.46,0.71,Germany
2022-10-19,168.45,63.0,91.34,0.7,Germany
2022-10-20,140.22,64.0,91.52,0.68,Germany
2022-10-21,163.45,38.6,91.82,0.67,Germany
2022-10-22,135.84,36.4,91.74,0.67,Germany
2022-10-23,108.23,34.2,91.65,0.67,Germany
2022-10-24,80.62,32.0,91.57,0.67,Germany
2022-10-25,105.4,40.0,91.76,0.67,Germany
2022-10-26,121.4,44.05,92.93,0.64,Germany
2022-10-27,124.69,35.0,94.17,0.65,Germany
2022-10-28,105.52,33.82,94.64,0.62,Germany
2022-10-29,118.75,32.03,94.19,0.6,Germany
2022-10-30,131.99,30.24,93.75,0.6,Germany
2022-10-31,145.22,28.45,93.3,0.6,Germany
2022-11-01,68.86,21.0,95.12,0.56,Germany
2022-11-02,71.97,42.5,96.07,0.55,Germany
2022-11-03,103.01,78.0,95.29,0.57,Germany
2022-11-04,178.54,59.0,99.53,0.6,Germany
2022-11-05,144.39,57.5,99.64,0.59,Germany
2022-11-06,110.25,56.0,99.76,0.58,Germany
2022-11-07,76.1,54.5,99.87,0.58,Germany
2022-11-08,95.15,92.0,96.85,0.55,Germany
2022-11-09,126.72,86.0,93.05,0.53,Germany
2022-11-10,137.25,87.0,94.25,0.58,Germany
2022-11-11,125.38,67.5,96.37,0.56,Germany
2022-11-12,137.19,81.67,95.44,0.54,Germany
2022-11-13,148.99,95.83,94.52,0.53,Germany
2022-11-14,160.8,110.0,93.59,0.52,Germany
2022-11-15,177.29,116.0,94.3,0.49,Germany
2022-11-16,143.76,102.0,92.61,0.48,Germany
2022-11-17,99.9,100.0,91.0,0.46,Germany
2022-11-18,171.03,105.0,88.93,0.44,Germany
2022-11-19,198.63,107.73,88.77,0.43,Germany
2022-11-20,226.22,110.47,88.6,0.43,Germany
2022-11-21,253.82,113.2,88.44,0.43,Germany
2022-11-22,203.88,121.0,88.65,0.4,Germany
2022-11-23,177.98,124.6,85.9,0.39,Germany
2022-11-24,237.46,118.0,85.59,0.38,Germany
2022-11-25,257.93,125.9,83.4,0.35,Germany
2022-11-26,269.17,125.93,83.43,0.36,Germany
2022-11-27,280.4,125.97,83.47,0.36,Germany
2022-11-28,291.64,126.0,83.5,0.35,Germany
2022-11-29,371.64,130.0,83.22,0.32,Germany
2022-11-30,393.7,139.0,85.61,0.32,Germany
2022-12-01,394.36,136.0,86.28,0.32,Germany
2022-12-02,339.2,132.85,86.54,0.3,Germany
2022-12-03,339.89,132.9,85.48,0.3,Germany
2022-12-04,340.57,132.95,84.42,0.3,Germany
2022-12-05,341.26,133.0,83.36,0.29,Germany
2022-12-06,386.44,140.0,79.92,0.29,Germany
2022-12-07,324.83,148.0,77.11,0.27,Germany
2022-12-08,387.53,136.75,76.02,0.26,Germany
2022-12-09,411.04,140.2,76.37,0.23,Germany
2022-12-10,418.67,139.13,76.91,0.23,Germany
2022-12-11,426.3,138.07,77.46,0.23,Germany
2022-12-12,433.93,137.0,78.0,0.23,Germany
2022-12-13,444.48,138.5,80.14,0.22,Germany
2022-12-14,443.88,133.0,83.33,0.22,Germany
2022-12-15,396.96,135.5,82.34,0.25,Germany
2022-12-16,411.31,119.0,80.2,0.29,Germany
2022-12-17,338.18,114.75,80.69,0.3,Germany
2022-12-18,265.06,110.5,81.17,0.3,Germany
2022-12-19,191.93,106.25,81.66,0.3,Germany
2022-12-20,185.82,104.7,79.45,0.31,Germany
2022-12-21,214.6,94.6,80.25,0.33,Germany
2022-12-22,192.64,89.5,79.58,0.34,Germany
2022-12-23,185.89,83.0,82.45,0.33,Germany
2022-12-24,137.44,83.0,82.45,0.32,Germany
2022-12-25,88.98,83.0,82.45,0.32,Germany
2022-12-26,40.53,83.0,82.45,0.32,Germany
2022-12-27,91.73,83.0,82.45,0.32,Germany
2022-12-28,45.9,79.0,81.7,0.32,Germany
2022-12-29,13.58,79.4,80.96,0.3,Germany
2022-12-30,14.63,75.57,82.82,0.3,Germany
2022-12-31,51.03,75.57,82.82,0.3,Germany
2023-01-01,87.42,75.57,82.82,0.3,Germany
2023-01-02,123.82,75.57,82.82,0.3,Germany
2023-01-03,145.95,71.81,80.36,0.24,Germany
2023-01-04,58.94,62.62,75.31,0.25,Germany
2023-01-05,107.46,63.7,76.73,0.24,Germany
2023-01-06,117.47,66.32,76.41,0.24,Germany
2023-01-07,121.41,68.15,76.77,0.24,Germany
2023-01-08,125.35,69.97,77.14,0.24,Germany
2023-01-09,129.29,71.8,77.5,0.24,Germany
2023-01-10,123.13,67.0,78.4,0.24,Germany
2023-01-11,84.08,62.7,81.11,0.23,Germany
2023-01-12,70.74,64.5,82.59,0.24,Germany
2023-01-13,66.64,63.3,83.43,0.23,Germany
2023-01-14,87.34,60.62,83.17,0.22,Germany
2023-01-15,108.05,57.93,82.91,0.22,Germany
2023-01-16,128.75,55.25,82.65,0.21,Germany
2023-01-17,133.57,59.6,84.38,0.18,Germany
2023-01-18,143.76,61.9,83.78,0.17,Germany
2023-01-19,148.21,61.25,85.08,0.18,Germany
2023-01-20,180.66,68.4,86.96,0.18,Germany
2023-01-21,188.02,67.27,87.15,0.18,Germany
2023-01-22,195.37,66.13,87.35,0.18,Germany
2023-01-23,202.73,65.0,87.54,0.18,Germany
2023-01-24,202.69,60.65,85.25,0.18,Germany
2023-01-25,181.74,56.8,85.08,0.18,Germany
2023-01-26,167.67,56.8,86.29,0.17,Germany
2023-01-27,168.76,55.47,85.36,0.16,Germany
2023-01-28,137.24,55.78,85.21,0.16,Germany
2023-01-29,105.73,56.09,85.05,0.16,Germany
2023-01-30,74.21,56.4,84.9,0.16,Germany
2023-01-31,117.32,59.25,83.42,0.15,Germany
2023-02-01,93.08,60.0,81.61,0.12,Germany
2023-02-02,136.15,58.0,80.57,0.14,Germany
2023-02-03,102.61,59.8,78.85,0.15,Germany
2023-02-04,126.06,59.47,79.39,0.14,Germany
2023-02-05,149.51,59.14,79.94,0.14,Germany
2023-02-06,172.96,58.81,80.48,0.14,Germany
2023-02-07,172.92,55.5,82.92,0.15,Germany
2023-02-08,152.1,55.5,84.17,0.14,Germany
2023-02-09,132.54,53.97,83.46,0.14,Germany
2023-02-10,125.92,53.92,85.46,0.14,Germany
2023-02-11,138.45,53.92,85.63,0.14,Germany
2023-02-12,150.97,53.92,85.81,0.14,Germany
2023-02-13,163.5,53.92,85.98,0.14,Germany
2023-02-14,154.49,53.06,84.96,0.14,Germany
2023-02-15,143.52,54.55,84.11,0.13,Germany
2023-02-16,136.73,51.7,83.84,0.12,Germany
2023-02-17,81.15,48.6,81.97,0.12,Germany
2023-02-18,74.57,49.37,82.24,0.12,Germany
2023-02-19,68.0,50.13,82.52,0.12,Germany
2023-02-20,61.42,50.9,82.79,0.12,Germany
2023-02-21,122.45,48.78,82.14,0.1,Germany
2023-02-22,148.65,50.75,79.55,0.09,Germany
2023-02-23,146.12,50.1,82.08,0.08,Germany
2023-02-24,118.3,52.7,82.31,0.09,Germany
2023-02-25,129.62,51.1,81.95,0.09,Germany
2023-02-26,140.95,49.5,81.6,0.09,Germany
2023-02-27,152.27,47.9,81.24,0.09,Germany
2023-02-28,148.05,48.6,83.21,0.1,Germany
2023-03-01,142.97,48.8,83.68,0.09,Germany
2023-03-02,144.31,47.9,84.15,0.09,Germany
2023-03-03,136.76,46.75,85.74,0.09,Germany
2023-03-04,141.4,45.77,85.78,0.09,Germany
2023-03-05,146.03,44.78,85.82,0.09,Germany
2023-03-06,150.67,43.8,85.86,0.09,Germany
2023-03-07,106.87,44.9,83.03,0.09,Germany
2023-03-08,138.89,42.95,82.1,0.09,Germany
2023-03-09,127.2,42.05,81.0,0.09,Germany
2023-03-10,115.61,54.0,82.3,0.11,Germany
2023-03-11,89.45,52.48,81.42,0.13,Germany
2023-03-12,63.3,50.97,80.55,0.14,Germany
2023-03-13,37.14,49.45,79.67,0.15,Germany
2023-03-14,71.48,45.3,76.77,0.17,Germany
2023-03-15,127.72,43.1,74.3,0.24,Germany
2023-03-16,105.57,42.45,73.12,0.27,Germany
2023-03-17,92.35,42.3,71.03,0.28,Germany
2023-03-18,103.29,41.22,71.49,0.29,Germany
2023-03-19,114.23,40.13,71.96,0.29,Germany
2023-03-20,125.17,39.05,72.42,0.29,Germany
2023-03-21,115.05,40.75,74.78,0.31,Germany
2023-03-22,80.18,39.6,76.08,0.34,Germany
2023-03-23,74.71,42.5,74.31,0.35,Germany
2023-03-24,53.12,42.5,73.63,0.37,Germany
2023-03-25,66.19,42.75,74.69,0.37,Germany
2023-03-26,79.25,43.0,75.74,0.37,Germany
2023-03-27,92.32,43.25,76.8,0.37,Germany
2023-03-28,113.15,42.22,78.07,0.35,Germany
2023-03-29,116.54,42.6,77.51,0.35,Germany
2023-03-30,81.44,42.85,78.45,0.34,Germany
2023-03-31,97.59,47.25,79.19,0.33,Germany
2023-04-01,103.33,48.8,81.4,0.33,Germany
2023-04-02,109.06,50.35,83.6,0.33,Germany
2023-04-03,114.8,51.9,85.81,0.32,Germany
2023-04-04,132.07,47.38,85.7,0.3,Germany
2023-04-05,140.97,45.35,85.89,0.3,Germany
2023-04-06,124.28,43.93,86.56,0.28,Germany
2023-04-07,108.63,43.93,86.56,0.26,Germany
2023-04-08,85.74,43.93,86.56,0.25,Germany
2023-04-09,62.86,43.93,86.56,0.25,Germany
2023-04-10,39.97,43.93,86.56,0.24,Germany
2023-04-11,59.99,44.4,87.32,0.23,Germany
2023-04-12,107.69,43.55,88.31,0.22,Germany
2023-04-13,108.41,42.9,86.51,0.21,Germany
2023-04-14,128.8,41.65,87.31,0.19,Germany
2023-04-15,127.28,41.92,86.75,0.19,Germany
2023-04-16,125.76,42.18,86.19,0.18,Germany
2023-04-17,124.24,42.45,85.63,0.18,Germany
2023-04-18,108.23,42.8,85.48,0.17,Germany
2023-04-19,87.52,40.0,85.34,0.16,Germany
2023-04-20,111.71,41.5,83.29,0.16,Germany
2023-04-21,89.48,40.3,83.36,0.15,Germany
2023-04-22,94.52,40.13,83.65,0.15,Germany
2023-04-23,99.56,39.97,83.94,0.15,Germany
2023-04-24,104.6,39.8,84.23,0.15,Germany
2023-04-25,101.0,40.0,82.13,0.15,Germany
2023-04-26,110.72,39.0,79.19,0.14,Germany
2023-04-27,112.09,39.03,80.11,0.14,Germany
2023-04-28,106.0,37.9,81.32,0.15,Germany
2023-04-29,99.85,37.9,81.32,0.15,Germany
2023-04-30,93.7,37.9,81.32,0.15,Germany
2023-05-01,87.55,37.9,81.32,0.15,Germany
2023-05-02,106.1,37.88,76.71,0.16,Germany
2023-05-03,107.8,36.5,72.91,0.16,Germany
2023-05-04,97.5,35.85,73.0,0.16,Germany
2023-05-05,96.05,36.5,75.85,0.16,Germany
2023-05-06,96.16,36.5,75.85,0.17,Germany
2023-05-07,96.26,36.5,75.85,0.17,Germany
2023-05-08,96.37,36.5,75.85,0.17,Germany
2023-05-09,94.64,35.8,77.76,0.16,Germany
2023-05-10,107.89,35.35,76.7,0.16,Germany
2023-05-11,116.14,34.65,75.32,0.16,Germany
2023-05-12,100.51,33.5,74.54,0.16,Germany
2023-05-13,104.95,32.87,74.85,0.15,Germany
2023-05-14,109.4,32.23,75.15,0.15,Germany
2023-05-15,113.84,31.6,75.46,0.15,Germany
2023-05-16,79.3,31.63,75.15,0.14,Germany
2023-05-17,78.58,31.3,76.98,0.14,Germany
2023-05-18,86.73,29.55,75.75,0.13,Germany
2023-05-19,87.28,28.75,75.42,0.13,Germany
2023-05-20,90.63,28.6,75.54,0.13,Germany
2023-05-21,93.98,28.45,75.65,0.13,Germany
2023-05-22,97.33,28.3,75.77,0.12,Germany
2023-05-23,72.79,28.3,76.66,0.11,Germany
2023-05-24,102.27,27.85,77.99,0.1,Germany
2023-05-25,81.65,24.9,75.66,0.11,Germany
2023-05-26,69.98,23.38,76.33,0.11,Germany
2023-05-27,53.8,23.38,76.33,0.12,Germany
2023-05-28,37.63,23.38,76.33,0.12,Germany
2023-05-29,21.45,23.38,76.33,0.13,Germany
2023-05-30,87.74,25.35,73.38,0.13,Germany
2023-05-31,72.32,26.0,71.98,0.13,Germany
2023-06-01,72.9,23.9,74.18,0.14,Germany
2023-06-02,81.02,23.3,76.0,0.15,Germany
2023-06-03,84.27,25.1,76.2,0.15,Germany
2023-06-04,87.51,26.9,76.41,0.15,Germany
2023-06-05,90.76,28.7,76.61,0.16,Germany
2023-06-06,98.14,25.35,76.22,0.16,Germany
2023-06-07,100.93,25.25,76.85,0.16,Germany
2023-06-08,84.52,26.75,75.88,0.15,Germany
2023-06-09,86.68,31.75,74.74,0.14,Germany
2023-06-10,89.92,30.93,73.76,0.14,Germany
2023-06-11,93.16,30.12,72.78,0.14,Germany
2023-06-12,96.4,29.3,71.8,0.13,Germany
2023-06-13,90.03,35.75,74.24,0.12,Germany
2023-06-14,102.94,38.35,73.39,0.12,Germany
2023-06-15,120.31,40.8,75.75,0.09,Germany
2023-06-16,127.52,33.3,76.76,0.09,Germany
2023-06-17,124.0,34.27,76.54,0.09,Germany
2023-06-18,120.49,35.23,76.31,0.09,Germany
2023-06-19,116.97,36.2,76.09,0.09,Germany
2023-06-20,121.15,36.2,75.79,0.1,Germany
2023-06-21,123.47,37.5,76.92,0.08,Germany
2023-06-22,125.71,34.25,73.93,0.09,Germany
2023-06-23,106.41,32.5,73.56,0.09,Germany
2023-06-24,103.44,32.57,73.66,0.09,Germany
2023-06-25,100.46,32.63,73.76,0.09,Germany
2023-06-26,97.49,32.7,73.86,0.09,Germany
2023-06-27,101.95,34.75,71.88,0.08,Germany
2023-06-28,112.52,34.63,73.64,0.08,Germany
2023-06-29,118.08,34.45,73.86,0.08,Germany
2023-06-30,110.03,37.1,74.51,0.07,Germany
2023-07-01,91.09,36.72,74.51,0.07,Germany
2023-07-02,72.16,36.33,74.52,0.07,Germany
2023-07-03,53.22,35.95,74.52,0.07,Germany
2023-07-04,85.12,34.1,76.23,0.07,Germany
2023-07-05,69.8,34.9,76.74,0.07,Germany
2023-07-06,107.2,32.1,76.72,0.08,Germany
2023-07-07,102.97,34.63,78.77,0.09,Germany
2023-07-08,106.64,33.53,78.46,0.1,Germany
2023-07-09,110.32,32.43,78.14,0.1,Germany
2023-07-10,113.99,31.33,77.83,0.1,Germany
2023-07-11,105.96,28.76,79.54,0.1,Germany
2023-07-12,87.51,27.98,80.35,0.1,Germany
2023-07-13,97.71,26.75,81.31,0.1,Germany
2023-07-14,96.97,25.7,79.9,0.11,Germany
2023-07-15,75.75,25.7,79.2,0.11,Germany
2023-07-16,54.54,25.7,78.5,0.11,Germany
2023-07-17,33.32,25.7,77.8,0.11,Germany
2023-07-18,106.46,27.0,79.54,0.11,Germany
2023-07-19,97.32,27.1,79.38,0.1,Germany
2023-07-20,96.51,26.6,79.62,0.1,Germany
2023-07-21,104.4,28.5,81.06,0.09,Germany
2023-07-22,99.78,28.93,81.55,0.08,Germany
2023-07-23,95.15,29.37,82.04,0.08,Germany
2023-07-24,90.53,29.8,82.53,0.07,Germany
2023-07-25,104.15,32.65,83.46,0.07,Germany
2023-07-26,95.24,32.33,82.98,0.07,Germany
2023-07-27,93.91,28.4,84.28,0.07,Germany
2023-07-28,95.92,26.0,84.49,0.08,Germany
2023-07-29,87.6,26.23,84.73,0.08,Germany
2023-07-30,79.29,26.47,84.98,0.08,Germany
2023-07-31,70.97,26.7,85.22,0.08,Germany
2023-08-01,79.43,26.15,85.34,0.09,Germany
2023-08-02,68.29,26.58,84.01,0.09,Germany
2023-08-03,45.41,28.63,86.19,0.1,Germany
2023-08-04,98.59,28.45,87.38,0.09,Germany
2023-08-05,72.21,28.82,87.08,0.09,Germany
2023-08-06,45.82,29.18,86.77,0.09,Germany
2023-08-07,19.44,29.55,86.47,0.09,Germany
2023-08-08,12.06,29.51,88.0,0.1,Germany
2023-08-09,88.35,38.05,89.31,0.1,Germany
2023-08-10,102.17,34.72,87.44,0.11,Germany
2023-08-11,100.44,31.7,87.93,0.11,Germany
2023-08-12,101.42,31.79,87.75,0.11,Germany
2023-08-13,102.39,31.89,87.58,0.11,Germany
2023-08-14,103.37,31.98,87.4,0.11,Germany
2023-08-15,93.56,36.3,86.28,0.12,Germany
2023-08-16,110.81,35.01,84.49,0.1,Germany
2023-08-17,111.36,33.4,85.24,0.11,Germany
2023-08-18,108.99,34.5,85.92,0.11,Germany
2023-08-19,113.03,36.15,85.76,0.1,Germany
2023-08-20,117.07,37.8,85.6,0.1,Germany
2023-08-21,121.11,39.45,85.44,0.1,Germany
2023-08-22,123.15,43.2,84.7,0.09,Germany
2023-08-23,146.55,36.5,83.94,0.09,Germany
2023-08-24,146.95,31.7,84.07,0.08,Germany
2023-08-25,116.26,36.1,85.42,0.08,Germany
2023-08-26,117.06,36.1,85.42,0.08,Germany
2023-08-27,117.87,36.1,85.42,0.08,Germany
2023-08-28,118.67,36.1,85.42,0.08,Germany
2023-08-29,122.9,35.2,86.37,0.08,Germany
2023-08-30,114.93,36.5,86.62,0.07,Germany
2023-08-31,104.3,31.75,87.29,0.06,Germany
2023-09-01,108.57,31.63,89.98,0.06,Germany
2023-09-02,108.53,31.42,90.13,0.06,Germany
2023-09-03,108.49,31.21,90.27,0.06,Germany
2023-09-04,108.45,31.0,90.42,0.07,Germany
2023-09-05,103.54,32.8,91.25,0.06,Germany
2023-09-06,105.62,30.83,91.79,0.06,Germany
2023-09-07,100.99,32.2,91.16,0.06,Germany
2023-09-08,108.23,34.65,91.85,0.06,Germany
2023-09-09,123.11,35.57,91.89,0.06,Germany
2023-09-10,137.99,36.48,91.93,0.06,Germany
2023-09-11,152.87,37.4,91.97,0.06,Germany
2023-09-12,131.45,35.45,93.58,0.06,Germany
2023-09-13,109.94,37.2,93.04,0.06,Germany
2023-09-14,120.47,35.1,95.2,0.05,Germany
2023-09-15,108.19,37.2,95.55,0.06,Germany
2023-09-16,103.89,36.24,95.68,0.06,Germany
2023-09-17,99.6,35.29,95.82,0.05,Germany
2023-09-18,95.3,34.33,95.95,0.05,Germany
2023-09-19,37.52,37.55,96.11,0.06,Germany
2023-09-20,49.46,38.35,94.56,0.06,Germany
2023-09-21,103.06,39.56,93.7,0.06,Germany
2023-09-22,103.98,40.65,93.99,0.06,Germany
2023-09-23,104.59,41.88,94.0,0.06,Germany
2023-09-24,105.19,43.12,94.0,0.07,Germany
2023-09-25,105.8,44.35,94.01,0.07,Germany
2023-09-26,128.77,39.9,94.46,0.08,Germany
2023-09-27,124.48,40.0,97.1,0.08,Germany
2023-09-28,112.52,39.53,96.64,0.09,Germany
2023-09-29,105.27,37.4,95.86,0.1,Germany
2023-09-30,109.56,35.83,94.31,0.1,Germany
2023-10-01,113.86,34.27,92.76,0.1,Germany
2023-10-02,118.15,32.7,91.21,0.09,Germany
2023-10-03,22.96,30.85,94.46,0.1,Germany
2023-10-04,69.49,32.55,89.83,0.1,Germany
2023-10-05,101.61,28.45,88.28,0.1,Germany
2023-10-06,71.6,33.55,87.86,0.09,Germany
2023-10-07,86.4,35.53,89.03,0.1,Germany
2023-10-08,101.21,37.52,90.2,0.1,Germany
2023-10-09,116.01,39.5,91.37,0.1,Germany
2023-10-10,112.39,45.0,90.7,0.12,Germany
2023-10-11,59.8,44.5,87.58,0.14,Germany
2023-10-12,122.71,48.65,88.4,0.13,Germany
2023-10-13,26.53,54.75,94.33,0.15,Germany
2023-10-14,62.25,52.33,93.22,0.15,Germany
2023-10-15,97.98,49.92,92.1,0.15,Germany
2023-10-16,133.7,47.5,90.99,0.15,Germany
2023-10-17,130.12,45.4,92.52,0.14,Germany
2023-10-18,98.44,47.1,91.99,0.15,Germany
2023-10-19,93.41,44.65,93.12,0.15,Germany
2023-10-20,54.32,46.0,93.72,0.16,Germany
2023-10-21,77.89,47.12,93.11,0.15,Germany
2023-10-22,101.45,48.23,92.49,0.14,Germany
2023-10-23,125.02,49.35,91.88,0.14,Germany
2023-10-24,117.99,47.9,88.0,0.12,Germany
2023-10-25,124.31,49.3,90.14,0.12,Germany
2023-10-26,118.35,48.2,88.45,0.11,Germany
2023-10-27,83.37,47.25,90.73,0.11,Germany
2023-10-28,86.54,47.5,90.73,0.1,Germany
2023-10-29,89.72,47.75,90.73,0.1,Germany
2023-10-30,92.89,48.0,90.73,0.1,Germany
2023-10-31,104.95,40.67,86.82,0.08,Germany
2023-11-01,59.77,36.3,86.92,0.08,Germany
2023-11-02,59.77,41.53,89.02,0.09,Germany
2023-11-03,24.82,40.75,87.55,0.09,Germany
2023-11-04,40.56,40.93,87.47,0.09,Germany
2023-11-05,56.3,41.12,87.39,0.09,Germany
2023-11-06,72.04,41.3,87.31,0.09,Germany
2023-11-07,99.75,42.5,83.43,0.1,Germany
2023-11-08,89.72,44.18,81.46,0.1,Germany
2023-11-09,97.22,42.65,81.74,0.1,Germany
2023-11-10,96.79,43.0,83.66,0.1,Germany
2023-11-11,96.16,42.27,83.8,0.1,Germany
2023-11-12,95.52,41.53,83.95,0.1,Germany
2023-11-13,94.89,40.8,84.09,0.09,Germany
2023-11-14,65.51,45.2,84.2,0.09,Germany
2023-11-15,102.41,45.7,82.4,0.09,Germany
2023-11-16,117.63,45.6,77.73,0.1,Germany
2023-11-17,91.4,45.2,81.22,0.1,Germany
2023-11-18,96.29,45.32,81.9,0.1,Germany
2023-11-19,101.19,45.43,82.57,0.1,Germany
2023-11-20,106.08,45.55,83.25,0.1,Germany
2023-11-21,123.3,43.7,82.42,0.1,Germany
2023-11-22,109.69,45.1,81.76,0.1,Germany
2023-11-23,61.64,46.08,80.85,0.1,Germany
2023-11-24,63.87,46.2,79.82,0.1,Germany
2023-11-25,80.75,45.55,79.71,0.1,Germany
2023-11-26,97.63,44.9,79.6,0.1,Germany
2023-11-27,114.51,44.25,79.49,0.1,Germany
2023-11-28,121.94,44.2,81.66,0.09,Germany
2023-11-29,140.02,41.28,82.98,0.1,Germany
2023-11-30,168.76,40.85,81.72,0.1,Germany
2023-12-01,116.41,43.94,78.72,0.07,Germany
2023-12-02,114.86,42.54,78.53,0.08,Germany
2023-12-03,113.31,41.15,78.35,0.08,Germany
2023-12-04,111.76,39.75,78.16,0.08,Germany
2023-12-05,114.39,38.1,77.27,0.09,Germany
2023-12-06,129.54,39.0,74.33,0.09,Germany
2023-12-07,116.6,40.25,74.21,0.07,Germany
2023-12-08,78.41,38.5,75.94,0.08,Germany
2023-12-09,78.62,37.7,75.88,0.09,Germany
2023-12-10,78.84,36.9,75.81,0.09,Germany
2023-12-11,79.05,36.1,75.75,0.09,Germany
2023-12-12,106.06,34.55,74.11,0.09,Germany
2023-12-13,93.04,34.9,74.14,0.09,Germany
2023-12-14,107.12,34.15,77.05,0.07,Germany
2023-12-15,70.7,31.6,76.84,0.09,Germany
2023-12-16,73.12,32.55,77.52,0.09,Germany
2023-12-17,75.55,33.5,78.21,0.09,Germany
2023-12-18,77.97,34.45,78.89,0.09,Germany
2023-12-19,76.29,31.65,79.82,0.1,Germany
2023-12-20,62.01,32.85,81.1,0.11,Germany
2023-12-21,25.28,33.0,80.73,0.12,Germany
2023-12-22,22.66,33.8,80.23,0.13,Germany
2023-12-23,15.24,33.8,80.23,0.13,Germany
2023-12-24,7.83,33.8,80.23,0.13,Germany
2023-12-25,0.41,33.8,80.23,0.13,Germany
2023-12-26,60.8,33.8,80.23,0.12,Germany
2023-12-27,16.67,33.85,80.97,0.13,Germany
2023-12-28,16.67,31.8,79.04,0.12,Germany
2023-12-29,34.06,31.85,77.69,0.12,Germany
2023-12-30,28.1,31.85,77.69,0.12,Germany
2023-12-31,22.14,31.85,77.69,0.12,Germany
2024-01-01,16.18,31.85,77.69,0.12,Germany
2024-01-02,53.07,28.8,76.24,0.09,Germany
2024-01-03,45.22,32.0,77.18,0.07,Germany
2024-01-04,85.41,32.95,75.79,0.07,Germany
2024-01-05,88.72,34.4,78.31,0.08,Germany
2024-01-06,93.22,33.4,77.36,0.08,Germany
2024-01-07,97.73,32.4,76.42,0.07,Germany
2024-01-08,102.23,31.4,75.47,0.07,Germany
2024-01-09,109.39,31.0,77.97,0.07,Germany
2024-01-10,111.84,31.0,78.46,0.07,Germany
2024-01-11,109.65,30.83,80.21,0.06,Germany
2024-01-12,74.57,31.75,79.89,0.06,Germany
2024-01-13,78.55,31.33,79.85,0.06,Germany
2024-01-14,82.52,30.92,79.8,0.06,Germany
2024-01-15,86.5,30.5,79.76,0.06,Germany
2024-01-16,101.14,30.15,80.15,0.06,Germany
2024-01-17,99.61,28.1,78.88,0.06,Germany
2024-01-18,92.74,28.75,81.04,0.06,Germany
2024-01-19,78.51,27.8,80.71,0.05,Germany
2024-01-20,68.95,27.53,81.04,0.05,Germany
2024-01-21,59.4,27.27,81.37,0.05,Germany
2024-01-22,49.84,27.0,81.7,0.05,Germany
2024-01-23,52.28,26.75,82.04,0.04,Germany
2024-01-24,33.12,28.55,82.15,0.04,Germany
2024-01-25,78.02,26.9,82.33,0.04,Germany
2024-01-26,68.35,28.2,83.34,0.04,Germany
2024-01-27,72.58,28.15,83.56,0.04,Germany
2024-01-28,76.8,28.1,83.77,0.04,Germany
2024-01-29,81.03,28.05,83.99,0.04,Germany
2024-01-30,77.97,29.75,84.14,0.05,Germany
2024-01-31,76.0,29.45,82.98,0.05,Germany
2024-02-01,61.66,28.55,82.2,0.04,Germany
2024-02-02,35.97,28.7,79.54,0.04,Germany
2024-02-03,35.93,28.4,79.46,0.04,Germany
2024-02-04,35.88,28.1,79.38,0.04,Germany
2024-02-05,35.84,27.8,79.3,0.04,Germany
2024-02-06,45.29,28.9,80.46,0.04,Germany
2024-02-07,79.16,28.58,81.18,0.04,Germany
2024-02-08,88.7,27.52,83.01,0.04,Germany
2024-02-09,72.13,26.8,83.58,0.05,Germany
2024-02-10,73.0,26.47,83.68,0.05,Germany
2024-02-11,73.88,26.13,83.78,0.05,Germany
2024-02-12,74.75,25.8,83.88,0.04,Germany
2024-02-13,72.23,25.35,84.72,0.04,Germany
2024-02-14,70.5,24.67,84.41,0.03,Germany
2024-02-15,61.06,24.6,84.33,0.04,Germany
2024-02-16,66.65,24.55,84.88,0.04,Germany
2024-02-17,66.2,24.2,85.09,0.04,Germany
2024-02-18,65.74,23.85,85.31,0.04,Germany
2024-02-19,65.29,23.5,85.52,0.04,Germany
2024-02-20,63.22,23.63,84.78,0.04,Germany
2024-02-21,50.92,23.85,84.77,0.05,Germany
2024-02-22,43.74,23.38,85.84,0.04,Germany
2024-02-23,57.2,23.35,84.18,0.04,Germany
2024-02-24,60.22,23.53,84.12,0.04,Germany
2024-02-25,63.25,23.72,84.07,0.04,Germany
2024-02-26,66.27,23.9,84.01,0.04,Germany
2024-02-27,71.82,24.83,83.8,0.05,Germany
2024-02-28,71.82,24.8,84.08,0.04,Germany
2024-02-29,63.2,24.88,84.57,0.04,Germany
2024-03-01,64.22,25.5,84.82,0.04,Germany
2024-03-02,68.11,26.05,85.41,0.04,Germany
2024-03-03,72.0,26.6,85.99,0.04,Germany
2024-03-04,75.89,27.15,86.58,0.04,Germany
2024-03-05,74.6,27.37,85.82,0.04,Germany
2024-03-06,82.84,25.8,86.59,0.04,Germany
2024-03-07,76.32,25.6,84.88,0.04,Germany
2024-03-08,45.61,26.53,84.29,0.03,Germany
2024-03-09,54.3,25.99,84.01,0.03,Germany
2024-03-10,62.98,25.45,83.72,0.03,Germany
2024-03-11,71.67,24.91,83.44,0.03,Germany
2024-03-12,86.47,25.18,83.66,0.02,Germany
2024-03-13,67.06,24.78,83.95,0.02,Germany
2024-03-14,55.9,25.4,86.16,0.02,Germany
2024-03-15,50.36,27.0,85.39,0.02,Germany
2024-03-16,60.66,27.53,85.75,0.02,Germany
2024-03-17,70.95,28.07,86.11,0.02,Germany
2024-03-18,81.25,28.6,86.47,0.02,Germany
2024-03-19,81.57,28.7,87.36,0.01,Germany
2024-03-20,91.34,27.25,85.77,0.01,Germany
2024-03-21,81.39,26.3,84.92,0.01,Germany
2024-03-22,37.58,27.33,84.87,0.01,Germany
2024-03-23,53.24,27.65,85.31,0.01,Germany
2024-03-24,68.9,27.98,85.74,0.01,Germany
2024-03-25,84.56,28.3,86.18,0.02,Germany
2024-03-26,66.14,27.05,85.91,0.02,Germany
2024-03-27,76.3,27.25,84.94,0.02,Germany
2024-03-28,51.35,27.5,86.17,0.02,Germany
2024-03-29,53.25,27.5,86.17,0.02,Germany
2024-03-30,47.46,27.5,86.17,0.02,Germany
2024-03-31,41.67,27.5,86.17,0.02,Germany
2024-04-01,35.88,27.5,86.17,0.02,Germany
2024-04-02,87.37,26.4,87.63,0.02,Germany
2024-04-03,87.37,25.92,90.6,0.02,Germany
2024-04-04,64.53,26.09,90.32,0.02,Germany
2024-04-05,29.74,26.3,92.81,0.01,Germany
2024-04-06,48.12,26.73,92.45,0.01,Germany
2024-04-07,66.49,27.17,92.09,0.01,Germany
2024-04-08,84.87,27.6,91.73,0.01,Germany
2024-04-09,57.99,27.55,92.13,0.01,Germany
2024-04-10,69.91,27.25,91.57,0.01,Germany
2024-04-11,58.81,29.27,91.49,0.01,Germany
2024-04-12,13.82,30.07,93.12,0.02,Germany
2024-04-13,32.61,30.41,92.36,0.02,Germany
2024-04-14,51.4,30.76,91.6,0.02,Germany
2024-04-15,70.19,31.1,90.84,0.02,Germany
2024-04-16,56.26,34.1,91.29,0.02,Germany
2024-04-17,102.01,31.75,89.54,0.02,Germany
2024-04-18,95.82,32.63,88.34,0.03,Germany
2024-04-19,58.24,31.05,87.96,0.03,Germany
2024-04-20,71.67,30.6,87.74,0.03,Germany
2024-04-21,85.1,30.15,87.52,0.03,Germany
2024-04-22,98.53,29.7,87.3,0.03,Germany
2024-04-23,97.76,29.23,88.29,0.03,Germany
2024-04-24,94.3,29.8,89.02,0.04,Germany
2024-04-25,90.63,30.5,88.1,0.03,Germany
2024-04-26,86.44,29.0,89.95,0.03,Germany
2024-04-27,84.56,28.58,89.45,0.03,Germany
2024-04-28,82.68,28.17,88.94,0.03,Germany
2024-04-29,80.8,27.75,88.44,0.02,Germany
2024-04-30,69.38,28.7,88.23,0.02,Germany
2024-05-01,4.39,28.5,83.55,0.02,Germany
2024-05-02,36.42,30.7,84.81,0.02,Germany
2024-05-03,77.81,30.1,83.6,0.02,Germany
2024-05-04,82.93,30.97,83.6,0.02,Germany
2024-05-05,88.06,31.83,83.6,0.03,Germany
2024-05-06,93.18,32.7,83.6,0.03,Germany
2024-05-07,93.04,31.4,82.69,0.04,Germany
2024-05-08,91.82,30.3,82.44,0.04,Germany
2024-05-09,61.86,30.8,83.27,0.04,Germany
2024-05-10,53.65,29.38,83.39,0.04,Germany
2024-05-11,51.24,29.19,83.32,0.04,Germany
2024-05-12,48.82,28.99,83.25,0.03,Germany
2024-05-13,46.41,28.8,83.18,0.03,Germany
2024-05-14,27.68,29.38,81.0,0.03,Germany
2024-05-15,42.93,29.5,79.98,0.03,Germany
2024-05-16,49.56,30.0,81.65,0.02,Germany
2024-05-17,69.01,30.75,82.24,0.02,Germany
2024-05-18,67.67,31.1,82.13,0.02,Germany
2024-05-19,66.32,31.45,82.02,0.02,Germany
2024-05-20,64.98,31.8,81.91,0.02,Germany
2024-05-21,79.81,33.15,81.22,0.02,Germany
2024-05-22,85.84,34.38,79.9,0.01,Germany
2024-05-23,93.87,35.67,79.25,0.02,Germany
2024-05-24,102.19,34.28,78.92,0.02,Germany
2024-05-25,103.75,34.44,78.92,0.02,Germany
2024-05-26,105.32,34.59,78.92,0.02,Germany
2024-05-27,106.88,34.75,78.92,0.02,Germany
2024-05-28,90.75,33.8,81.34,0.02,Germany
2024-05-29,79.18,34.33,81.5,0.01,Germany
2024-05-30,97.45,35.1,81.42,0.01,Germany
2024-05-31,58.95,34.21,79.41,0.01,Germany
2024-06-01,78.35,34.84,78.42,0.01,Germany
2024-06-02,97.74,35.47,77.44,0.01,Germany
2024-06-03,117.14,36.1,76.45,0.01,Germany
2024-06-04,107.23,33.88,75.33,0.01,Germany
2024-06-05,81.72,33.25,75.41,0.01,Germany
2024-06-06,86.37,33.35,77.62,0.01,Germany
2024-06-07,45.97,33.0,78.12,0.01,Germany
2024-06-08,61.53,33.55,78.61,0.01,Germany
2024-06-09,77.09,34.1,79.1,0.01,Germany
2024-06-10,92.65,34.65,79.59,0.01,Germany
2024-06-11,61.63,33.93,80.15,0.01,Germany
2024-06-12,91.19,35.03,80.52,0.02,Germany
2024-06-13,94.78,35.42,81.44,0.02,Germany
2024-06-14,7.64,35.03,81.49,0.05,Germany
2024-06-15,36.54,34.74,81.81,0.05,Germany
2024-06-16,65.44,34.44,82.13,0.05,Germany
2024-06-17,94.34,34.15,82.45,0.05,Germany
2024-06-18,96.2,34.2,84.79,0.06,Germany
2024-06-19,84.31,35.08,85.64,0.07,Germany
2024-06-20,93.8,34.2,85.92,0.08,Germany
2024-06-21,52.22,33.7,86.42,0.08,Germany
2024-06-22,65.51,33.87,86.53,0.08,Germany
2024-06-23,78.8,34.03,86.64,0.08,Germany
2024-06-24,92.09,34.2,86.75,0.08,Germany
2024-06-25,75.6,34.61,86.81,0.08,Germany
2024-06-26,91.79,33.55,85.76,0.09,Germany
2024-06-27,91.79,34.16,87.0,0.08,Germany
2024-06-28,70.55,33.85,87.26,0.08,Germany
2024-06-29,77.66,33.57,87.03,0.08,Germany
2024-06-30,84.78,33.28,86.8,0.09,Germany
2024-07-01,91.89,33.0,86.57,0.09,Germany
2024-07-02,85.68,33.25,88.28,0.08,Germany
2024-07-03,87.62,32.4,88.25,0.07,Germany
2024-07-04,28.1,32.98,88.34,0.07,Germany
2024-07-05,36.99,32.73,88.66,0.07,Germany
2024-07-06,54.13,32.38,88.16,0.06,Germany
2024-07-07,71.28,32.02,87.65,0.06,Germany
2024-07-08,88.42,31.67,87.15,0.06,Germany
2024-07-09,77.69,30.84,86.48,0.05,Germany
2024-07-10,79.01,30.68,86.55,0.05,Germany
2024-07-11,91.27,30.82,86.49,0.04,Germany
2024-07-12,90.6,31.4,87.35,0.04,Germany
2024-07-13,86.29,31.28,87.04,0.04,Germany
2024-07-14,81.98,31.16,86.73,0.04,Germany
2024-07-15,77.67,31.04,86.42,0.04,Germany
2024-07-16,50.3,32.53,86.6,0.04,Germany
2024-07-17,76.38,31.52,85.76,0.03,Germany
2024-07-18,90.74,32.17,86.26,0.03,Germany
2024-07-19,85.9,31.63,85.19,0.03,Germany
2024-07-20,87.68,31.67,84.61,0.04,Germany
2024-07-21,89.45,31.71,84.02,0.04,Germany
2024-07-22,91.23,31.75,83.44,0.04,Germany
2024-07-23,79.51,31.3,82.2,0.03,Germany
2024-07-24,65.86,32.63,83.01,0.04,Germany
2024-07-25,79.28,31.7,82.58,0.06,Germany
2024-07-26,90.95,32.2,81.35,0.06,Germany
2024-07-27,84.51,32.67,81.21,0.06,Germany
2024-07-28,78.06,33.13,81.08,0.06,Germany
2024-07-29,71.62,33.6,80.94,0.06,Germany
2024-07-30,77.24,34.2,79.26,0.06,Germany
2024-07-31,79.4,34.96,81.39,0.07,Germany
2024-08-01,94.87,36.4,81.37,0.1,Germany
2024-08-02,93.81,36.4,78.35,0.14,Germany
2024-08-03,95.83,35.9,78.07,0.15,Germany
2024-08-04,97.84,35.41,77.79,0.17,Germany
2024-08-05,99.86,34.91,77.51,0.19,Germany
2024-08-06,86.98,36.05,76.62,0.19,Germany
2024-08-07,92.91,37.48,78.26,0.21,Germany
2024-08-08,93.15,39.15,80.76,0.22,Germany
2024-08-09,53.32,39.68,81.07,0.21,Germany
2024-08-10,66.23,39.42,81.73,0.21,Germany
2024-08-11,79.15,39.16,82.4,0.2,Germany
2024-08-12,92.06,38.9,83.06,0.19,Germany
2024-08-13,99.74,38.63,82.51,0.18,Germany
2024-08-14,108.01,38.25,82.15,0.16,Germany
2024-08-15,85.53,38.8,83.09,0.17,Germany
2024-08-16,108.04,38.9,81.56,0.15,Germany
2024-08-17,108.09,38.93,81.4,0.15,Germany
2024-08-18,108.15,38.97,81.25,0.14,Germany
2024-08-19,108.2,39.0,81.09,0.14,Germany
2024-08-20,92.11,37.15,78.85,0.13,Germany
2024-08-21,52.62,36.3,78.77,0.12,Germany
2024-08-22,63.04,36.0,78.8,0.11,Germany
2024-08-23,49.81,36.55,80.34,0.1,Germany
2024-08-24,66.4,36.55,80.34,0.1,Germany
2024-08-25,83.0,36.55,80.34,0.1,Germany
2024-08-26,99.59,36.55,80.34,0.09,Germany
2024-08-27,90.9,38.35,81.51,0.08,Germany
2024-08-28,95.92,38.65,80.04,0.07,Germany
2024-08-29,112.91,38.8,81.55,0.06,Germany
2024-08-30,106.64,39.6,80.2,0.05,Germany
2024-08-31,109.45,39.28,79.41,0.05,Germany
2024-09-01,112.26,38.95,78.61,0.05,Germany
2024-09-02,115.07,38.63,77.82,0.05,Germany
2024-09-03,158.39,37.1,76.46,0.06,Germany
2024-09-04,125.84,35.38,74.67,0.07,Germany
2024-09-05,64.42,35.65,74.47,0.07,Germany
2024-09-06,76.13,36.2,72.82,0.08,Germany
2024-09-07,84.0,36.37,72.67,0.08,Germany
2024-09-08,91.86,36.53,72.52,0.08,Germany
2024-09-09,99.73,36.7,72.37,0.07,Germany
2024-09-10,59.04,34.9,70.34,0.07,Germany
2024-09-11,80.94,36.15,70.31,0.07,Germany
2024-09-12,112.34,35.4,73.81,0.07,Germany
2024-09-13,90.81,36.03,73.68,0.07,Germany
2024-09-14,93.03,35.42,73.77,0.07,Germany
2024-09-15,95.25,34.81,73.87,0.07,Germany
2024-09-16,97.47,34.2,73.96,0.06,Germany
2024-09-17,88.89,35.05,74.55,0.07,Germany
2024-09-18,77.98,35.0,74.52,0.06,Germany
2024-09-19,77.87,32.63,75.93,0.07,Germany
2024-09-20,73.37,34.58,75.96,0.07,Germany
2024-09-21,89.37,35.19,75.62,0.06,Germany
2024-09-22,105.36,35.81,75.29,0.06,Germany
2024-09-23,121.36,36.42,74.95,0.06,Germany
2024-09-24,91.77,36.3,75.29,0.06,Germany
2024-09-25,75.14,37.4,75.4,0.07,Germany
2024-09-26,55.0,37.5,73.06,0.07,Germany
2024-09-27,14.76,38.63,71.63,0.07,Germany
2024-09-28,20.95,38.55,71.87,0.07,Germany
2024-09-29,27.13,38.48,72.11,0.06,Germany
2024-09-30,33.32,38.4,72.35,0.06,Germany
2024-10-01,67.84,38.88,75.3,0.07,Germany
2024-10-02,95.86,38.5,74.86,0.08,Germany
2024-10-03,72.66,39.5,77.57,0.06,Germany
2024-10-04,96.13,40.18,79.32,0.07,Germany
2024-10-05,91.99,40.12,80.13,0.06,Germany
2024-10-06,87.86,40.06,80.93,0.06,Germany
2024-10-07,83.72,40.0,81.74,0.06,Germany
2024-10-08,91.32,37.95,78.19,0.06,Germany
2024-10-09,83.07,37.9,77.06,0.05,Germany
2024-10-10,59.73,40.01,79.45,0.05,Germany
2024-10-11,95.2,39.65,80.27,0.05,Germany
2024-10-12,98.66,39.88,79.67,0.05,Germany
2024-10-13,102.13,40.1,79.07,0.04,Germany
2024-10-14,105.59,40.33,78.47,0.04,Germany
2024-10-15,95.0,39.25,73.68,0.04,Germany
2024-10-16,35.08,38.65,73.65,0.04,Germany
2024-10-17,71.52,39.3,74.37,0.03,Germany
2024-10-18,102.27,38.8,72.75,0.03,Germany
2024-10-19,95.86,39.16,72.93,0.03,Germany
2024-10-20,89.45,39.52,73.11,0.03,Germany
2024-10-21,83.04,39.88,73.29,0.03,Germany
2024-10-22,103.01,40.93,75.59,0.03,Germany
2024-10-23,112.0,41.05,74.68,0.02,Germany
2024-10-24,101.68,42.08,74.27,0.02,Germany
2024-10-25,112.72,42.93,75.62,0.02,Germany
2024-10-26,112.26,42.67,74.37,0.02,Germany
2024-10-27,111.81,42.41,73.12,0.02,Germany
2024-10-28,111.35,42.15,71.87,0.02,Germany
2024-10-29,141.18,42.53,71.09,0.02,Germany
2024-10-30,124.69,40.65,73.21,0.02,Germany
2024-10-31,105.79,39.6,73.25,0.02,Germany
2024-11-01,75.06,38.25,73.63,0.02,Germany
2024-11-02,92.0,38.93,74.05,0.02,Germany
2024-11-03,108.93,39.62,74.47,0.02,Germany
2024-11-04,125.87,40.3,74.89,0.02,Germany
2024-11-05,164.79,40.25,76.98,0.02,Germany
2024-11-06,231.09,40.5,76.52,0.02,Germany
2024-11-07,159.62,41.05,75.73,0.02,Germany
2024-11-08,113.39,41.72,74.04,0.03,Germany
2024-11-09,116.18,42.43,73.42,0.04,Germany
2024-11-10,118.98,43.14,72.81,0.04,Germany
2024-11-11,121.77,43.85,72.19,0.04,Germany
2024-11-12,166.12,43.7,72.56,0.06,Germany
2024-11-13,150.09,43.73,72.86,0.07,Germany
2024-11-14,122.02,45.95,73.39,0.08,Germany
2024-11-15,124.17,45.6,73.45,0.07,Germany
2024-11-16,117.64,46.05,73.75,0.07,Germany
2024-11-17,111.12,46.5,74.05,0.06,Germany
2024-11-18,104.59,46.95,74.35,0.06,Germany
2024-11-19,123.99,45.65,74.32,0.05,Germany
2024-11-20,115.03,46.65,74.33,0.05,Germany
2024-11-21,123.32,48.53,75.09,0.05,Germany
2024-11-22,111.3,46.53,76.1,0.07,Germany
2024-11-23,92.54,46.83,75.49,0.07,Germany
2024-11-24,73.77,47.13,74.88,0.07,Germany
2024-11-25,55.01,47.43,74.27,0.07,Germany
2024-11-26,112.75,46.6,74.56,0.07,Germany
2024-11-27,119.99,46.6,73.91,0.07,Germany
2024-11-28,96.07,46.63,73.92,0.06,Germany
2024-11-29,130.25,46.98,74.16,0.06,Germany
2024-11-30,123.22,47.48,73.71,0.06,Germany
2024-12-01,116.18,47.97,73.26,0.06,Germany
2024-12-02,109.15,48.47,72.81,0.06,Germany
2024-12-03,144.07,48.4,74.8,0.06,Germany
2024-12-04,182.47,46.75,74.68,0.05,Germany
2024-12-05,106.2,46.37,73.78,0.05,Germany
2024-12-06,86.37,46.3,73.78,0.05,Germany
2024-12-07,90.78,45.85,73.76,0.04,Germany
2024-12-08,95.18,45.4,73.75,0.04,Germany
2024-12-09,99.59,44.95,73.73,0.04,Germany
2024-12-10,149.93,45.5,73.64,0.03,Germany
2024-12-11,266.54,44.84,74.38,0.02,Germany
2024-12-12,395.34,42.8,73.52,0.02,Germany
2024-12-13,178.47,41.25,74.89,0.02,Germany
2024-12-14,135.2,40.78,74.69,0.03,Germany
2024-12-15,91.94,40.32,74.5,0.03,Germany
2024-12-16,48.67,39.85,74.3,0.03,Germany
2024-12-17,86.3,41.35,73.16,0.02,Germany
2024-12-18,54.97,40.7,74.57,0.02,Germany
2024-12-19,52.03,42.65,73.75,0.03,Germany
2024-12-20,76.37,43.55,73.19,0.03,Germany
2024-12-21,70.61,44.11,72.83,0.04,Germany
2024-12-22,64.86,44.67,72.48,0.04,Germany
2024-12-23,59.1,45.23,72.12,0.04,Germany
2024-12-24,102.49,46.3,73.5,0.04,Germany
2024-12-25,98.63,46.3,73.5,0.03,Germany
2024-12-26,112.89,46.3,73.5,0.03,Germany
2024-12-27,121.71,47.65,73.77,0.03,Germany
2024-12-28,107.19,47.63,73.93,0.03,Germany
2024-12-29,92.68,47.6,74.08,0.03,Germany
2024-12-30,78.16,47.58,74.24,0.03,Germany
2024-12-31,62.1,48.55,74.58,0.03,Germany
2025-01-01,0.95,48.55,74.58,0.02,Germany
2025-01-02,92.91,49.83,76.14,0.02,Germany
2025-01-03,89.94,49.5,76.72,0.02,Germany
2025-01-04,68.35,48.63,76.9,0.02,Germany
2025-01-05,46.75,47.75,77.09,0.02,Germany
2025-01-06,25.16,46.88,77.27,0.01,Germany
2025-01-07,58.29,47.58,77.84,0.02,Germany
2025-01-08,104.53,45.8,77.37,0.01,Germany
2025-01-09,121.53,45.5,78.44,0.01,Germany
2025-01-10,112.43,45.83,79.76,0.01,Germany
2025-01-11,118.02,46.98,80.74,0.01,Germany
2025-01-12,123.61,48.13,81.71,0.01,Germany
2025-01-13,129.2,49.28,82.69,0.01,Germany
2025-01-14,126.82,47.4,82.39,0.01,Germany
2025-01-15,222.18,47.28,83.48,0.02,Germany
2025-01-16,148.1,46.7,82.39,0.02,Germany
2025-01-17,146.32,48.38,83.02,0.02,Germany
2025-01-18,174.67,48.79,82.57,0.02,Germany
2025-01-19,203.01,49.19,82.13,0.02,Germany
2025-01-20,231.36,49.6,81.68,0.02,Germany
2025-01-21,168.46,50.5,80.57,0.02,Germany
2025-01-22,161.45,48.78,80.0,0.02,Germany
2025-01-23,103.94,48.7,78.62,0.02,Germany
2025-01-24,78.9,49.4,78.71,0.02,Germany
2025-01-25,72.66,48.83,78.24,0.02,Germany
2025-01-26,66.41,48.27,77.77,0.02,Germany
2025-01-27,60.17,47.7,77.3,0.02,Germany
2025-01-28,106.37,48.35,78.01,0.02,Germany
2025-01-29,108.14,51.4,77.02,0.01,Germany
2025-01-30,131.53,51.35,77.42,0.02,Germany
2025-01-31,141.02,54.0,77.11,0.02,Germany
2025-02-01,145.52,53.93,76.9,0.02,Germany
2025-02-02,150.01,53.85,76.7,0.01,Germany
2025-02-03,154.51,53.78,76.49,0.01,Germany
2025-02-04,142.42,52.45,76.58,0.01,Germany
2025-02-05,141.77,53.76,74.71,0.01,Germany
2025-02-06,150.09,54.3,74.54,0.02,Germany
2025-02-07,121.18,55.7,74.68,0.01,Germany
2025-02-08,121.4,56.65,75.2,0.01,Germany
2025-02-09,121.62,57.6,75.71,0.01,Germany
2025-02-10,121.84,58.55,76.23,0.01,Germany
2025-02-11,120.01,57.4,77.65,0.01,Germany
2025-02-12,154.32,55.85,75.38,0.02,Germany
2025-02-13,172.12,51.83,75.61,0.02,Germany
2025-02-14,179.14,51.33,75.19,0.01,Germany
2025-02-15,170.57,50.4,75.4,0.01,Germany
2025-02-16,161.99,49.48,75.6,0.01,Germany
2025-02-17,153.42,48.55,75.81,0.01,Germany
2025-02-18,132.45,49.67,76.46,0.01,Germany
2025-02-19,110.83,47.65,76.34,0.01,Germany
2025-02-20,94.95,47.55,76.95,0.01,Germany
2025-02-21,90.8,46.7,74.88,0.01,Germany
2025-02-22,90.88,46.87,74.88,0.01,Germany
2025-02-23,90.97,47.03,74.89,0.01,Germany
2025-02-24,91.05,47.2,74.89,0.01,Germany
2025-02-25,139.76,43.7,73.11,0.01,Germany
2025-02-26,135.7,41.3,73.49,0.01,Germany
2025-02-27,126.03,45.3,75.01,0.0,Germany
2025-02-28,128.77,44.55,74.76,0.0,Germany
2025-03-01,121.33,44.8,74.12,0.0,Germany
2025-03-02,113.89,45.05,73.49,0.0,Germany
2025-03-03,106.45,45.3,72.85,0.0,Germany
2025-03-04,107.77,43.05,72.31,0.02,Germany
2025-03-05,78.55,40.95,70.92,0.04,Germany
2025-03-06,89.82,37.8,71.08,0.03,Germany
2025-03-07,103.99,39.3,72.49,0.03,Germany
2025-03-08,106.95,39.98,72.02,0.03,Germany
2025-03-09,109.9,40.67,71.55,0.03,Germany
2025-03-10,112.86,41.35,71.08,0.03,Germany
2025-03-11,125.3,43.38,71.51,0.03,Germany
2025-03-12,124.87,43.38,72.36,0.03,Germany
2025-03-13,124.87,41.05,70.82,0.02,Germany
2025-03-14,121.23,42.15,71.94,0.02,Germany
2025-03-15,113.86,41.77,71.94,0.02,Germany
2025-03-16,106.48,41.38,71.93,0.02,Germany
2025-03-17,99.11,41.0,71.93,0.02,Germany
2025-03-18,90.14,40.3,71.93,0.02,Germany
2025-03-19,104.39,42.67,71.94,0.02,Germany
2025-03-20,108.3,42.25,72.61,0.01,Germany
2025-03-21,73.52,42.17,72.64,0.01,Germany
2025-03-22,92.31,42.01,73.08,0.01,Germany
2025-03-23,111.09,41.84,73.52,0.01,Germany
2025-03-24,129.88,41.68,73.96,0.01,Germany
2025-03-25,111.78,41.68,73.78,0.01,Germany
2025-03-26,114.53,40.68,74.6,0.01,Germany
2025-03-27,98.97,41.0,74.72,0.01,Germany
2025-03-28,88.34,40.03,74.69,0.01,Germany
2025-03-29,93.69,40.28,75.54,0.01,Germany
2025-03-30,99.05,40.53,76.38,0.01,Germany
2025-03-31,104.4,40.78,77.23,0.01,Germany
2025-04-01,94.22,42.67,77.78,0.01,Germany
2025-04-02,61.62,41.0,77.27,0.01,Germany
2025-04-03,77.5,39.6,72.54,0.04,Germany
2025-04-04,89.91,36.72,68.36,0.11,Germany
2025-04-05,91.98,36.75,67.62,0.13,Germany
2025-04-06,94.06,36.77,66.87,0.15,Germany
2025-04-07,96.13,36.8,66.13,0.17,Germany
2025-04-08,98.75,35.58,64.86,0.18,Germany
2025-04-09,91.56,33.71,67.3,0.18,Germany
2025-04-10,85.52,33.5,65.37,0.2,Germany
2025-04-11,64.63,33.5,66.83,0.21,Germany
2025-04-12,75.81,33.77,66.95,0.21,Germany
2025-04-13,86.98,34.03,67.06,0.2,Germany
2025-04-14,98.16,34.3,67.18,0.2,Germany
2025-04-15,70.04,34.25,66.58,0.18,Germany
2025-04-16,89.58,35.63,67.94,0.18,Germany
2025-04-17,98.49,35.25,69.33,0.18,Germany
2025-04-18,87.9,35.25,69.33,0.17,Germany
2025-04-19,85.93,35.25,69.33,0.17,Germany
2025-04-20,83.96,35.25,69.33,0.16,Germany
2025-04-21,81.99,35.25,69.33,0.16,Germany
2025-04-22,112.64,34.28,68.93,0.15,Germany
2025-04-23,109.48,34.22,68.26,0.14,Germany
2025-04-24,96.8,33.85,67.5,0.14,Germany
2025-04-25,88.53,32.85,66.99,0.13,Germany
2025-04-26,84.27,32.55,66.7,0.12,Germany
2025-04-27,80.01,32.25,66.42,0.12,Germany
2025-04-28,75.75,31.95,66.13,0.12,Germany
2025-04-29,73.2,31.48,64.04,0.11,Germany
2025-04-30,74.96,31.9,63.37,0.11,Germany
2025-05-01,44.97,31.98,62.37,0.08,Germany
2025-05-02,62.79,33.45,61.57,0.08,Germany
2025-05-03,70.99,33.27,61.57,0.07,Germany
2025-05-04,79.2,33.08,61.57,0.07,Germany
2025-05-05,87.4,32.9,61.57,0.06,Germany
2025-05-06,90.96,34.83,62.37,0.05,Germany
2025-05-07,98.93,34.28,60.31,0.05,Germany
2025-05-08,103.18,35.4,62.22,0.05,Germany
2025-05-09,81.11,34.58,64.26,0.04,Germany
2025-05-10,77.28,34.84,64.6,0.04,Germany
2025-05-11,73.44,35.09,64.94,0.04,Germany
2025-05-12,69.61,35.35,65.28,0.04,Germany
2025-05-13,79.5,35.4,66.93,0.03,Germany
2025-05-14,69.07,34.7,65.91,0.03,Germany
2025-05-15,66.24,34.95,64.36,0.02,Germany
2025-05-16,73.4,35.1,65.2,0.02,Germany
2025-05-17,80.78,35.08,65.55,0.02,Germany
2025-05-18,88.16,35.05,65.9,0.02,Germany
2025-05-19,95.54,35.03,66.25,0.02,Germany
2025-05-20,91.14,37.08,66.93,0.02,Germany
2025-05-21,71.35,37.05,65.86,0.02,Germany
2025-05-22,61.22,36.17,64.87,0.02,Germany
2025-05-23,82.57,36.3,65.41,0.03,Germany
2025-05-24,79.35,36.3,65.41,0.03,Germany
2025-05-25,76.13,36.3,65.41,0.03,Germany
2025-05-26,72.91,36.3,65.41,0.02,Germany
2025-05-27,61.85,36.72,64.32,0.02,Germany
2025-05-28,84.19,36.85,65.72,0.02,Germany
2025-05-29,56.29,35.25,64.6,0.02,Germany
2025-05-30,48.19,33.5,64.32,0.02,Germany
2025-05-31,61.14,33.87,65.06,0.02,Germany
2025-06-01,74.09,34.23,65.81,0.02,Germany
2025-06-02,87.04,34.6,66.55,0.02,Germany
2025-06-03,71.69,35.58,67.48,0.01,Germany
2025-06-04,83.11,35.45,66.69,0.01,Germany
2025-06-05,80.16,36.25,67.14,0.02,Germany
2025-06-06,48.63,36.0,68.02,0.01,Germany
2025-06-07,43.52,35.78,68.26,0.01,Germany
2025-06-08,38.42,35.55,68.49,0.01,Germany
2025-06-09,33.31,35.33,68.73,0.01,Germany
2025-06-10,54.12,34.6,68.41,0.02,Germany
2025-06-11,71.6,35.67,71.29,0.02,Germany
2025-06-12,59.28,35.9,70.84,0.02,Germany
2025-06-13,52.09,37.25,76.0,0.03,Germany
2025-06-14,61.76,37.45,75.68,0.03,Germany
2025-06-15,71.43,37.65,75.37,0.03,Germany
2025-06-16,81.1,37.85,75.05,0.03,Germany
2025-06-17,84.65,39.45,78.7,0.04,Germany
2025-06-18,79.82,38.45,78.38,0.03,Germany
2025-06-19,56.02,41.5,80.37,0.03,Germany
2025-06-20,87.05,40.45,78.73,0.03,Germany
2025-06-21,70.95,40.69,77.27,0.02,Germany
2025-06-22,54.84,40.93,75.8,0.02,Germany
2025-06-23,38.74,41.17,74.34,0.02,Germany
2025-06-24,47.22,35.35,69.13,0.02,Germany
2025-06-25,80.15,35.38,68.4,0.02,Germany
2025-06-26,80.15,33.65,68.57,0.02,Germany
2025-06-27,81.19,32.6,69.37,0.03,Germany
2025-06-28,88.27,32.44,68.96,0.03,Germany
2025-06-29,95.34,32.29,68.56,0.03,Germany
2025-06-30,102.42,32.13,68.15,0.02,Germany
2025-07-01,138.36,32.9,67.63,0.03,Germany
2025-07-02,103.89,33.0,70.8,0.03,Germany
2025-07-03,86.47,33.4,70.42,0.03,Germany
2025-07-04,79.62,32.5,71.03,0.03,Germany
2025-07-05,86.4,32.71,71.34,0.03,Germany
2025-07-06,93.19,32.92,71.64,0.03,Germany
2025-07-07,99.97,33.13,71.95,0.03,Germany
2025-07-08,90.01,34.13,72.5,0.03,Germany
2025-07-09,91.8,34.2,71.98,0.02,Germany
2025-07-10,90.41,34.8,70.38,0.02,Germany
2025-07-11,87.88,34.74,72.06,0.03,Germany
2025-07-12,91.41,34.98,71.69,0.03,Germany
2025-07-13,94.94,35.21,71.33,0.03,Germany
2025-07-14,98.47,35.45,70.96,0.03,Germany
2025-07-15,90.82,34.0,70.27,0.03,Germany
2025-07-16,95.75,34.03,69.67,0.03,Germany
2025-07-17,92.61,34.53,71.32,0.03,Germany
2025-07-18,100.93,33.83,71.06,0.03,Germany
2025-07-19,100.7,33.63,71.35,0.03,Germany
2025-07-20,100.46,33.42,71.63,0.04,Germany
2025-07-21,100.23,33.22,71.92,0.04,Germany
2025-07-22,78.38,32.6,69.69,0.04,Germany
2025-07-23,78.25,32.5,69.17,0.04,Germany
2025-07-24,102.55,32.5,70.42,0.02,Germany
2025-07-25,97.43,31.83,69.23,0.02,Germany
2025-07-26,96.31,32.0,69.78,0.02,Germany
2025-07-27,95.2,32.18,70.32,0.03,Germany
2025-07-28,94.08,32.35,70.87,0.03,Germany
2025-07-29,76.95,33.72,73.21,0.02,Germany
2025-07-30,75.95,33.92,73.98,0.02,Germany
2025-07-31,85.52,33.97,73.43,0.03,Germany
2025-08-01,93.19,33.5,70.55,0.06,Germany
2025-08-02,83.28,33.34,70.22,0.06,Germany
2025-08-03,73.37,33.19,69.89,0.05,Germany
2025-08-04,63.46,33.03,69.56,0.05,Germany
2025-08-05,36.05,33.35,69.14,0.04,Germany
2025-08-06,61.94,32.65,67.97,0.03,Germany
2025-08-07,71.79,32.25,66.99,0.03,Germany
2025-08-08,76.16,31.3,67.17,0.02,Germany
2025-08-09,78.93,31.6,67.23,0.02,Germany
2025-08-10,81.71,31.9,67.3,0.02,Germany
2025-08-11,84.48,32.2,67.36,0.02,Germany
2025-08-12,84.95,31.65,66.8,0.02,Germany
2025-08-13,99.83,32.35,66.25,0.01,Germany
2025-08-14,105.06,31.65,68.12,0.01,Germany
2025-08-15,73.61,30.6,67.3,0.01,Germany
2025-08-16,79.58,30.62,67.59,0.01,Germany
2025-08-17,85.56,30.65,67.89,0.01,Germany
2025-08-18,91.53,30.67,68.18,0.01,Germany
2025-08-19,82.39,30.9,66.62,0.01,Germany
2025-08-20,91.01,31.52,67.61,0.01,Germany
2025-08-21,92.68,32.72,68.41,0.01,Germany
2025-08-22,73.69,33.1,68.29,0.01,Germany
2025-08-23,78.82,33.07,68.29,0.01,Germany
2025-08-24,83.96,33.03,68.29,0.01,Germany
2025-08-25,89.09,33.0,68.29,0.01,Germany
2025-08-26,99.79,33.2,66.89,0.01,Germany
2025-08-27,104.62,32.85,67.75,0.01,Germany
2025-08-28,115.89,31.7,68.61,0.01,Germany
2025-08-29,94.12,31.05,67.83,0.01,Germany
2025-08-30,96.57,31.3,67.58,0.01,Germany
2025-08-31,99.01,31.55,67.34,0.01,Germany
2025-09-01,101.46,31.8,67.09,0.02,Germany
2025-09-02,122.09,31.42,68.09,0.03,Germany
2025-09-03,65.67,31.23,67.76,0.03,Germany
2025-09-04,87.61,31.48,66.41,0.02,Germany
2025-09-05,99.92,31.6,64.92,0.02,Germany
2025-09-06,107.8,31.98,65.09,0.02,Germany
2025-09-07,115.68,32.37,65.27,0.02,Germany
2025-09-08,123.56,32.75,65.44,0.02,Germany
2025-09-09,142.45,32.9,67.97,0.02,Germany
2025-09-10,125.95,32.72,67.62,0.02,Germany
2025-09-11,72.18,32.0,67.25,0.03,Germany
2025-09-12,54.13,32.0,67.87,0.03,Germany
2025-09-13,39.03,31.93,67.87,0.03,Germany
2025-09-14,23.93,31.87,67.88,0.03,Germany
2025-09-15,8.83,31.8,67.88,0.03,Germany
2025-09-16,19.52,31.75,69.69,0.04,Germany
2025-09-17,75.34,32.15,69.19,0.04,Germany
2025-09-18,65.73,32.46,67.83,0.04,Germany
2025-09-19,96.48,32.0,67.05,0.04,Germany
2025-09-20,96.82,31.98,66.99,0.04,Germany
2025-09-21,97.16,31.97,66.93,0.03,Germany
2025-09-22,97.5,31.95,66.87,0.03,Germany
2025-09-23,103.09,32.47,67.96,0.03,Germany
2025-09-24,79.19,31.85,69.64,0.04,Germany
2025-09-25,81.81,32.3,70.48,0.04,Germany
2025-09-26,94.96,32.15,71.15,0.04,Germany
2025-09-27,108.7,32.18,70.43,0.04,Germany
2025-09-28,122.43,32.22,69.72,0.04,Germany
2025-09-29,136.17,32.25,69.0,0.04,Germany
2025-09-30,136.9,32.0,68.52,0.04,Germany
2025-10-01,131.53,31.55,66.67,0.04,Germany
2025-10-02,103.17,30.8,65.44,0.04,Germany
2025-10-03,65.29,31.0,66.13,0.04,Germany
2025-10-04,69.75,31.95,66.45,0.04,Germany
2025-10-05,74.2,32.9,66.77,0.05,Germany
2025-10-06,78.66,33.85,67.09,0.06,Germany
2025-10-07,138.75,33.63,67.1,0.05,Germany
2025-10-08,123.18,32.53,67.42,0.05,Germany
2025-10-09,105.61,32.8,67.23,0.05,Germany
2025-10-10,95.63,32.63,64.41,0.08,Germany
2025-10-11,111.44,32.3,64.32,0.08,Germany
2025-10-12,127.24,31.98,64.24,0.07,Germany
2025-10-13,143.05,31.65,64.15,0.07,Germany
2025-10-14,147.95,31.65,63.0,0.06,Germany
2025-10-15,145.05,32.4,62.33,0.06,Germany
2025-10-16,102.5,32.53,61.08,0.04,Germany
2025-10-17,106.63,31.75,61.23,0.05,Germany
2025-10-18,97.84,31.66,61.06,0.05,Germany
2025-10-19,89.06,31.57,60.88,0.04,Germany
2025-10-20,80.27,31.48,60.71,0.04,Germany
2025-10-21,66.27,32.38,61.0,0.04,Germany
2025-10-22,124.04,31.75,62.28,0.03,Germany
2025-10-23,80.25,32.3,66.32,0.03,Germany
2025-10-24,30.22,32.09,65.8,0.03,Germany
2025-10-25,42.47,31.71,65.71,0.03,Germany
2025-10-26,54.71,31.33,65.61,0.03,Germany
2025-10-27,66.96,30.95,65.52,0.03,Germany
2025-10-28,65.88,31.71,64.03,0.04,Germany
2025-10-29,88.83,31.58,65.01,0.04,Germany
2025-10-30,73.24,30.58,65.11,0.04,Germany
2025-10-31,92.65,30.29,65.44,0.04,Germany
2025-11-01,88.42,30.47,65.56,0.04,Germany
2025-11-02,84.2,30.65,65.67,0.03,Germany
2025-11-03,79.97,30.83,65.79,0.03,Germany
2025-11-04,77.41,31.93,65.04,0.04,Germany
2025-11-05,95.37,31.54,63.54,0.03,Germany
2025-11-06,107.41,31.77,63.41,0.04,Germany
2025-11-07,113.07,31.05,63.72,0.04,Germany
2025-11-08,117.46,30.85,63.48,0.04,Germany
2025-11-09,121.85,30.64,63.25,0.04,Germany
2025-11-10,126.24,30.44,63.01,0.04,Germany
2025-11-11,97.0,30.2,63.86,0.04,Germany
2025-11-12,79.5,30.3,61.88,0.03,Germany
2025-11-13,70.45,29.89,62.14,0.03,Germany
2025-11-14,104.95,30.8,63.45,0.03,Germany
2025-11-15,102.24,31.02,63.35,0.03,Germany
2025-11-16,99.54,31.23,63.26,0.03,Germany
2025-11-17,96.83,31.45,63.16,0.03,Germany
2025-11-18,102.9,31.7,64.86,0.03,Germany
2025-11-19,102.28,30.98,63.78,0.03,Germany
2025-11-20,121.9,31.25,63.64,0.03,Germany
2025-11-21,144.3,30.48,62.78,0.03,Germany
2025-11-22,138.02,30.32,63.46,0.03,Germany
2025-11-23,131.73,30.16,64.15,0.03,Germany
2025-11-24,125.45,30.0,64.83,0.03,Germany
2025-11-25,214.39,29.77,63.99,0.02,Germany
2025-11-26,175.9,29.17,64.81,0.02,Germany
2025-11-27,92.08,28.95,64.18,0.02,Germany
2025-11-28,85.71,28.75,64.07,0.02,Germany
2025-11-29,89.22,28.68,64.12,0.02,Germany
2025-11-30,92.73,28.62,64.17,0.02,Germany
2025-12-01,96.24,28.55,64.22,0.02,Germany
2025-12-02,101.77,28.1,63.37,0.02,Germany
2025-12-03,167.63,28.34,63.75,0.02,Germany
2025-12-04,127.62,27.3,64.15,0.02,Germany
2025-12-05,141.22,26.8,64.42,0.02,Germany
2025-12-06,117.07,26.8,64.05,0.02,Germany
2025-12-07,92.93,26.8,63.67,0.02,Germany
2025-12-08,68.78,26.8,63.3,0.02,Germany
2025-12-09,91.01,27.35,62.62,0.02,Germany
2025-12-10,80.71,26.73,63.12,0.02,Germany
2025-12-11,94.8,27.0,61.87,0.02,Germany
2025-12-12,114.96,27.55,62.11,0.02,Germany
2025-12-13,107.09,27.42,61.92,0.02,Germany
2025-12-14,99.22,27.28,61.74,0.02,Germany
2025-12-15,91.35,27.15,61.55,0.02,Germany
2025-12-16,107.89,26.8,59.93,0.02,Germany
2025-12-17,107.32,26.95,60.61,0.02,Germany
2025-12-18,75.6,27.52,60.69,0.02,Germany
2025-12-19,71.07,28.1,61.35,0.03,Germany
2025-12-20,76.24,27.95,61.64,0.03,Germany
2025-12-21,81.41,27.8,61.93,0.03,Germany
2025-12-22,86.58,27.65,62.22,0.03,Germany
2025-12-23,76.71,27.7,63.7,0.03,Germany
2025-12-24,63.78,28.3,63.7,0.03,Germany
2025-12-25,66.78,28.3,63.7,0.03,Germany
2025-12-26,91.68,28.3,63.7,0.02,Germany
2025-12-27,93.09,28.45,63.5,0.02,Germany
2025-12-28,94.49,28.6,63.3,0.03,Germany
2025-12-29,95.9,28.75,63.1,0.03,Germany
2025-12-30,89.47,27.92,62.3,0.02,Germany
2025-12-31,94.78,28.19,61.35,0.02,Germany
