date,elec_price,gas_price,brent_price,ciss,country
2005-01-01,61.31,13.98,40.38,0.03,Italy
2005-01-02,61.31,13.98,40.38,0.03,Italy
2005-01-03,61.31,13.98,40.38,0.03,Italy
2005-01-04,60.13,14.33,40.75,0.02,Italy
2005-01-05,59.1,14.2,41.0,0.02,Italy
2005-01-06,32.89,13.9,43.25,0.02,Italy
2005-01-07,53.31,14.0,43.28,0.02,Italy
2005-01-08,62.29,14.05,43.76,0.02,Italy
2005-01-09,71.28,14.1,44.23,0.02,Italy
2005-01-10,80.26,14.15,44.71,0.02,Italy
2005-01-11,86.91,14.3,43.45,0.02,Italy
2005-01-12,84.25,14.4,43.75,0.02,Italy
2005-01-13,87.39,13.45,45.76,0.02,Italy
2005-01-14,83.71,13.6,45.26,0.02,Italy
2005-01-15,79.44,13.9,45.21,0.02,Italy
2005-01-16,75.16,14.2,45.15,0.01,Italy
2005-01-17,70.89,14.5,45.1,0.01,Italy
2005-01-18,74.52,13.9,45.18,0.01,Italy
2005-01-19,76.65,13.75,45.16,0.01,Italy
2005-01-20,79.06,14.0,44.06,0.02,Italy
2005-01-21,74.53,15.1,45.88,0.02,Italy
2005-01-22,71.44,14.93,45.83,0.02,Italy
2005-01-23,68.36,14.77,45.79,0.02,Italy
2005-01-24,65.27,14.6,45.74,0.02,Italy
2005-01-25,66.6,14.4,46.14,0.02,Italy
2005-01-26,70.43,14.43,45.94,0.01,Italy
2005-01-27,70.11,14.0,46.51,0.02,Italy
2005-01-28,69.21,13.75,44.75,0.02,Italy
2005-01-29,67.7,13.78,44.67,0.02,Italy
2005-01-30,66.2,13.82,44.59,0.02,Italy
2005-01-31,64.69,13.85,44.51,0.02,Italy
2005-02-01,66.54,13.65,45.12,0.01,Italy
2005-02-02,67.4,13.7,44.17,0.01,Italy
2005-02-03,67.47,13.65,43.13,0.01,Italy
2005-02-04,64.5,13.25,43.26,0.03,Italy
2005-02-05,62.78,13.32,43.07,0.03,Italy
2005-02-06,61.06,13.38,42.89,0.03,Italy
2005-02-07,59.34,13.45,42.7,0.03,Italy
2005-02-08,66.38,13.6,42.79,0.03,Italy
2005-02-09,67.02,13.58,42.49,0.03,Italy
2005-02-10,67.26,13.55,44.04,0.03,Italy
2005-02-11,66.72,13.3,44.41,0.03,Italy
2005-02-12,65.91,13.75,44.44,0.03,Italy
2005-02-13,65.09,14.2,44.48,0.04,Italy
2005-02-14,64.28,14.65,44.51,0.04,Italy
2005-02-15,67.19,15.15,44.91,0.03,Italy
2005-02-16,67.23,15.55,45.42,0.05,Italy
2005-02-17,67.62,15.55,45.42,0.04,Italy
2005-02-18,67.76,15.55,45.86,0.04,Italy
2005-02-19,66.52,15.77,45.94,0.04,Italy
2005-02-20,65.27,15.98,46.01,0.04,Italy
2005-02-21,64.03,16.2,46.09,0.04,Italy
2005-02-22,68.02,20.0,47.6,0.06,Italy
2005-02-23,68.17,21.25,48.16,0.05,Italy
2005-02-24,68.15,29.5,49.24,0.04,Italy
2005-02-25,68.29,27.5,50.05,0.04,Italy
2005-02-26,68.24,26.33,50.08,0.04,Italy
2005-02-27,68.2,25.17,50.1,0.04,Italy
2005-02-28,68.15,24.0,50.13,0.04,Italy
2005-03-01,68.26,29.0,50.47,0.04,Italy
2005-03-02,67.64,32.15,51.05,0.03,Italy
2005-03-03,68.24,55.5,52.89,0.03,Italy
2005-03-04,68.13,30.0,52.1,0.03,Italy
2005-03-05,67.46,26.17,52.02,0.03,Italy
2005-03-06,66.8,22.33,51.95,0.03,Italy
2005-03-07,66.13,18.5,51.87,0.02,Italy
2005-03-08,68.53,19.25,53.29,0.03,Italy
2005-03-09,68.39,26.1,54.11,0.03,Italy
2005-03-10,68.75,13.75,53.04,0.04,Italy
2005-03-11,68.45,14.3,53.15,0.03,Italy
2005-03-12,66.62,13.49,53.33,0.03,Italy
2005-03-13,64.8,12.69,53.5,0.03,Italy
2005-03-14,62.97,11.88,53.68,0.03,Italy
2005-03-15,66.44,13.4,53.97,0.03,Italy
2005-03-16,66.73,13.6,54.61,0.05,Italy
2005-03-17,66.86,12.75,56.03,0.05,Italy
2005-03-18,66.06,13.08,55.97,0.04,Italy
2005-03-19,63.27,13.05,55.91,0.04,Italy
2005-03-20,60.49,13.03,55.85,0.04,Italy
2005-03-21,57.7,13.0,55.79,0.04,Italy
2005-03-22,59.44,14.05,55.39,0.04,Italy
2005-03-23,58.95,13.3,51.52,0.03,Italy
2005-03-24,59.16,13.95,52.35,0.03,Italy
2005-03-25,58.85,13.95,52.35,0.02,Italy
2005-03-26,50.09,13.95,52.15,0.02,Italy
2005-03-27,41.33,13.95,51.95,0.02,Italy
2005-03-28,32.57,13.95,51.75,0.02,Italy
2005-03-29,54.16,14.1,51.42,0.02,Italy
2005-03-30,56.26,13.7,50.63,0.02,Italy
2005-03-31,53.16,14.2,53.22,0.02,Italy
2005-04-01,53.65,14.63,54.14,0.02,Italy
2005-04-02,53.31,14.6,54.73,0.02,Italy
2005-04-03,52.98,14.58,55.33,0.02,Italy
2005-04-04,52.64,14.55,55.92,0.02,Italy
2005-04-05,53.94,14.0,54.53,0.02,Italy
2005-04-06,55.14,14.75,54.08,0.02,Italy
2005-04-07,55.11,14.5,52.57,0.02,Italy
2005-04-08,54.45,14.45,51.83,0.01,Italy
2005-04-09,54.78,14.2,51.62,0.01,Italy
2005-04-10,55.11,13.95,51.42,0.01,Italy
2005-04-11,55.44,13.7,51.21,0.01,Italy
2005-04-12,54.45,14.35,51.53,0.02,Italy
2005-04-13,54.43,14.05,49.67,0.02,Italy
2005-04-14,54.31,15.1,50.21,0.02,Italy
2005-04-15,54.51,15.0,49.52,0.06,Italy
2005-04-16,53.8,15.05,49.21,0.07,Italy
2005-04-17,53.1,15.1,48.89,0.07,Italy
2005-04-18,52.39,15.15,48.58,0.08,Italy
2005-04-19,55.8,15.55,50.79,0.07,Italy
2005-04-20,52.83,16.6,51.53,0.06,Italy
2005-04-21,54.09,15.95,51.73,0.05,Italy
2005-04-22,53.76,15.75,53.51,0.04,Italy
2005-04-23,46.23,15.82,53.37,0.04,Italy
2005-04-24,38.7,15.88,53.24,0.04,Italy
2005-04-25,31.17,15.95,53.1,0.04,Italy
2005-04-26,49.74,15.45,52.47,0.04,Italy
2005-04-27,48.92,14.7,51.29,0.05,Italy
2005-04-28,53.1,13.7,50.74,0.04,Italy
2005-04-29,54.74,13.1,50.61,0.04,Italy
2005-04-30,53.08,13.1,50.7,0.04,Italy
2005-05-01,51.41,13.1,50.8,0.04,Italy
2005-05-02,49.75,13.1,50.89,0.04,Italy
2005-05-03,49.97,14.65,49.48,0.04,Italy
2005-05-04,49.15,13.75,50.36,0.03,Italy
2005-05-05,51.15,14.05,49.81,0.03,Italy
2005-05-06,48.05,13.9,49.7,0.04,Italy
2005-05-07,48.65,14.47,49.7,0.04,Italy
2005-05-08,49.26,15.03,49.71,0.05,Italy
2005-05-09,49.86,15.6,49.71,0.05,Italy
2005-05-10,50.64,14.9,50.61,0.06,Italy
2005-05-11,49.34,14.5,48.91,0.05,Italy
2005-05-12,49.88,14.1,47.4,0.06,Italy
2005-05-13,51.21,14.1,46.85,0.05,Italy
2005-05-14,50.44,14.45,46.71,0.05,Italy
2005-05-15,49.66,14.8,46.56,0.05,Italy
2005-05-16,48.89,15.15,46.42,0.04,Italy
2005-05-17,50.84,15.25,47.31,0.04,Italy
2005-05-18,48.85,14.5,47.35,0.04,Italy
2005-05-19,50.8,14.38,46.92,0.04,Italy
2005-05-20,53.0,13.45,46.91,0.05,Italy
2005-05-21,52.78,13.77,47.03,0.05,Italy
2005-05-22,52.57,14.08,47.16,0.05,Italy
2005-05-23,52.35,14.4,47.28,0.05,Italy
2005-05-24,54.38,13.75,47.29,0.04,Italy
2005-05-25,55.3,13.3,49.24,0.04,Italy
2005-05-26,53.46,13.73,49.71,0.04,Italy
2005-05-27,53.9,14.75,49.42,0.04,Italy
2005-05-28,53.71,14.75,49.39,0.05,Italy
2005-05-29,53.52,14.75,49.36,0.05,Italy
2005-05-30,53.33,14.75,49.33,0.06,Italy
2005-05-31,54.14,14.3,49.3,0.08,Italy
2005-06-01,52.81,14.3,50.46,0.08,Italy
2005-06-02,40.76,14.2,51.3,0.07,Italy
2005-06-03,48.23,14.6,51.9,0.06,Italy
2005-06-04,46.95,14.83,52.14,0.06,Italy
2005-06-05,45.67,15.07,52.37,0.05,Italy
2005-06-06,44.39,15.3,52.61,0.05,Italy
2005-06-07,52.97,14.55,51.62,0.05,Italy
2005-06-08,47.9,14.75,51.92,0.04,Italy
2005-06-09,53.81,14.2,51.36,0.04,Italy
2005-06-10,50.93,14.38,51.98,0.04,Italy
2005-06-11,52.62,14.14,51.99,0.04,Italy
2005-06-12,54.31,13.89,51.99,0.04,Italy
2005-06-13,56.0,13.65,52.0,0.04,Italy
2005-06-14,61.01,14.0,53.52,0.04,Italy
2005-06-15,61.51,14.03,54.12,0.04,Italy
2005-06-16,61.08,14.35,54.3,0.03,Italy
2005-06-17,61.0,14.7,56.92,0.04,Italy
2005-06-18,61.0,14.42,56.98,0.04,Italy
2005-06-19,61.0,14.13,57.04,0.04,Italy
2005-06-20,61.0,13.85,57.1,0.03,Italy
2005-06-21,66.56,14.75,57.36,0.03,Italy
2005-06-22,68.83,14.58,56.06,0.02,Italy
2005-06-23,68.44,14.45,57.03,0.02,Italy
2005-06-24,67.69,14.75,57.21,0.02,Italy
2005-06-25,68.22,14.48,57.64,0.02,Italy
2005-06-26,68.74,14.22,58.07,0.02,Italy
2005-06-27,69.27,13.95,58.5,0.02,Italy
2005-06-28,73.95,14.2,57.75,0.02,Italy
2005-06-29,73.63,13.85,55.42,0.02,Italy
2005-06-30,74.06,14.45,55.36,0.02,Italy
2005-07-01,71.26,14.7,56.41,0.01,Italy
2005-07-02,70.76,14.88,56.65,0.01,Italy
2005-07-03,70.26,15.07,56.89,0.01,Italy
2005-07-04,69.76,15.25,57.13,0.01,Italy
2005-07-05,73.92,15.45,57.86,0.01,Italy
2005-07-06,75.11,15.45,58.38,0.01,Italy
2005-07-07,75.29,15.43,57.55,0.02,Italy
2005-07-08,72.67,15.43,59.0,0.01,Italy
2005-07-09,71.5,15.47,58.03,0.01,Italy
2005-07-10,70.33,15.51,57.07,0.01,Italy
2005-07-11,69.16,15.55,56.1,0.01,Italy
2005-07-12,76.11,15.45,58.95,0.01,Italy
2005-07-13,74.01,15.75,58.33,0.01,Italy
2005-07-14,76.78,16.0,56.79,0.01,Italy
2005-07-15,76.89,15.5,56.98,0.01,Italy
2005-07-16,76.02,15.57,56.74,0.01,Italy
2005-07-17,75.16,15.63,56.49,0.01,Italy
2005-07-18,74.29,15.7,56.25,0.01,Italy
2005-07-19,76.76,15.55,56.75,0.02,Italy
2005-07-20,76.28,15.4,56.39,0.02,Italy
2005-07-21,75.81,15.45,55.59,0.02,Italy
2005-07-22,75.99,15.55,56.98,0.02,Italy
2005-07-23,74.85,15.62,57.16,0.02,Italy
2005-07-24,73.7,15.68,57.33,0.02,Italy
2005-07-25,72.56,15.75,57.51,0.02,Italy
2005-07-26,76.19,16.4,58.58,0.01,Italy
2005-07-27,77.66,15.75,58.34,0.01,Italy
2005-07-28,76.67,15.35,58.28,0.02,Italy
2005-07-29,76.26,15.5,59.77,0.02,Italy
2005-07-30,71.55,15.35,60.03,0.02,Italy
2005-07-31,66.83,15.2,60.3,0.03,Italy
2005-08-01,62.12,15.05,60.56,0.03,Italy
2005-08-02,66.76,15.55,60.13,0.03,Italy
2005-08-03,63.8,15.4,60.04,0.03,Italy
2005-08-04,63.61,14.65,60.62,0.04,Italy
2005-08-05,60.42,15.6,60.73,0.04,Italy
2005-08-06,57.27,15.55,61.34,0.04,Italy
2005-08-07,54.11,15.5,61.95,0.04,Italy
2005-08-08,50.96,15.45,62.56,0.04,Italy
2005-08-09,62.09,15.45,62.79,0.03,Italy
2005-08-10,61.61,14.5,63.77,0.04,Italy
2005-08-11,55.24,14.2,65.9,0.04,Italy
2005-08-12,57.31,15.0,67.26,0.04,Italy
2005-08-13,52.56,14.53,67.07,0.04,Italy
2005-08-14,47.82,14.07,66.87,0.04,Italy
2005-08-15,43.07,13.6,66.68,0.04,Italy
2005-08-16,58.53,14.45,65.1,0.04,Italy
2005-08-17,55.42,14.8,63.41,0.04,Italy
2005-08-18,59.02,14.95,61.75,0.04,Italy
2005-08-19,55.07,15.05,64.21,0.04,Italy
2005-08-20,50.75,15.15,64.76,0.04,Italy
2005-08-21,46.42,15.25,65.32,0.03,Italy
2005-08-22,42.1,15.35,65.87,0.03,Italy
2005-08-23,63.86,15.33,65.16,0.03,Italy
2005-08-24,62.69,15.1,65.25,0.03,Italy
2005-08-25,63.11,15.0,65.88,0.04,Italy
2005-08-26,62.01,15.65,66.23,0.04,Italy
2005-08-27,62.92,15.65,65.74,0.04,Italy
2005-08-28,63.83,15.65,65.26,0.04,Italy
2005-08-29,64.74,15.65,64.77,0.04,Italy
2005-08-30,69.33,15.8,66.15,0.03,Italy
2005-08-31,69.59,15.9,66.8,0.05,Italy
2005-09-01,68.33,15.78,66.79,0.06,Italy
2005-09-02,67.84,15.05,65.95,0.05,Italy
2005-09-03,67.75,15.07,65.35,0.05,Italy
2005-09-04,67.67,15.08,64.76,0.05,Italy
2005-09-05,67.58,15.1,64.16,0.05,Italy
2005-09-06,68.59,15.25,64.16,0.05,Italy
2005-09-07,67.23,15.35,63.6,0.04,Italy
2005-09-08,66.96,14.0,61.66,0.04,Italy
2005-09-09,66.46,14.25,62.62,0.03,Italy
2005-09-10,65.48,14.32,61.98,0.04,Italy
2005-09-11,64.49,14.38,61.33,0.04,Italy
2005-09-12,63.51,14.45,60.69,0.04,Italy
2005-09-13,67.8,14.53,61.31,0.05,Italy
2005-09-14,64.64,14.7,61.7,0.04,Italy
2005-09-15,64.06,15.7,61.9,0.04,Italy
2005-09-16,64.74,15.45,60.48,0.04,Italy
2005-09-17,65.91,15.37,61.67,0.04,Italy
2005-09-18,67.09,15.28,62.85,0.04,Italy
2005-09-19,68.26,15.2,64.04,0.04,Italy
2005-09-20,70.78,15.6,62.98,0.04,Italy
2005-09-21,71.33,14.5,64.31,0.05,Italy
2005-09-22,70.08,13.9,64.64,0.05,Italy
2005-09-23,70.17,14.0,62.17,0.04,Italy
2005-09-24,69.31,14.03,62.02,0.04,Italy
2005-09-25,68.44,14.07,61.88,0.04,Italy
2005-09-26,67.58,14.1,61.73,0.04,Italy
2005-09-27,71.74,14.7,62.56,0.04,Italy
2005-09-28,72.49,14.28,62.81,0.03,Italy
2005-09-29,68.09,14.1,62.02,0.03,Italy
2005-09-30,70.3,14.43,61.7,0.02,Italy
2005-10-01,68.77,14.78,61.68,0.02,Italy
2005-10-02,67.23,15.13,61.66,0.02,Italy
2005-10-03,65.7,15.48,61.64,0.02,Italy
2005-10-04,70.44,12.55,59.17,0.02,Italy
2005-10-05,69.24,17.5,59.33,0.03,Italy
2005-10-06,70.87,14.5,57.2,0.05,Italy
2005-10-07,71.79,15.5,57.29,0.04,Italy
2005-10-08,69.79,15.42,57.2,0.04,Italy
2005-10-09,67.78,15.33,57.1,0.04,Italy
2005-10-10,65.78,15.25,57.01,0.04,Italy
2005-10-11,69.59,14.03,58.1,0.03,Italy
2005-10-12,66.98,15.3,59.91,0.03,Italy
2005-10-13,72.69,14.3,59.48,0.04,Italy
2005-10-14,70.92,14.25,58.45,0.03,Italy
2005-10-15,68.97,14.87,58.9,0.03,Italy
2005-10-16,67.01,15.48,59.36,0.03,Italy
2005-10-17,65.06,16.1,59.81,0.03,Italy
2005-10-18,68.88,15.8,58.85,0.03,Italy
2005-10-19,68.22,16.4,58.13,0.04,Italy
2005-10-20,68.39,17.48,57.04,0.03,Italy
2005-10-21,70.02,16.38,56.94,0.03,Italy
2005-10-22,68.6,16.89,57.17,0.03,Italy
2005-10-23,67.18,17.39,57.41,0.03,Italy
2005-10-24,65.76,17.9,57.64,0.03,Italy
2005-10-25,68.73,16.68,58.72,0.02,Italy
2005-10-26,69.7,15.0,58.56,0.02,Italy
2005-10-27,69.45,15.38,58.1,0.03,Italy
2005-10-28,68.25,15.55,59.47,0.03,Italy
2005-10-29,64.78,15.33,59.14,0.03,Italy
2005-10-30,61.32,15.12,58.8,0.03,Italy
2005-10-31,57.85,14.9,58.47,0.03,Italy
2005-11-01,35.16,12.5,56.69,0.03,Italy
2005-11-02,58.78,12.83,58.53,0.02,Italy
2005-11-03,66.42,12.25,59.55,0.02,Italy
2005-11-04,65.04,13.0,60.48,0.02,Italy
2005-11-05,64.71,13.75,59.72,0.02,Italy
2005-11-06,64.37,14.5,58.95,0.02,Italy
2005-11-07,64.04,15.25,58.19,0.02,Italy
2005-11-08,61.72,15.38,57.89,0.02,Italy
2005-11-09,67.88,16.93,57.71,0.01,Italy
2005-11-10,66.39,17.0,55.85,0.01,Italy
2005-11-11,67.16,14.5,54.3,0.01,Italy
2005-11-12,65.96,15.5,54.23,0.01,Italy
2005-11-13,64.75,16.5,54.17,0.01,Italy
2005-11-14,63.55,17.5,54.1,0.01,Italy
2005-11-15,68.1,20.0,54.45,0.01,Italy
2005-11-16,68.66,20.3,53.68,0.01,Italy
2005-11-17,69.69,20.75,53.8,0.01,Italy
2005-11-18,69.17,19.5,52.84,0.01,Italy
2005-11-19,69.84,19.25,53.01,0.01,Italy
2005-11-20,70.51,19.0,53.19,0.01,Italy
2005-11-21,71.18,18.75,53.36,0.01,Italy
2005-11-22,73.45,21.0,54.21,0.01,Italy
2005-11-23,73.68,22.38,53.73,0.01,Italy
2005-11-24,72.08,22.5,53.41,0.0,Italy
2005-11-25,69.68,26.5,53.15,0.0,Italy
2005-11-26,70.69,27.38,53.07,0.0,Italy
2005-11-27,71.69,28.25,52.99,0.0,Italy
2005-11-28,72.7,29.13,52.91,0.0,Italy
2005-11-29,76.32,27.0,53.24,0.0,Italy
2005-11-30,76.57,26.55,53.25,0.0,Italy
2005-12-01,74.26,26.5,53.65,0.0,Italy
2005-12-02,73.98,20.75,54.91,0.0,Italy
2005-12-03,73.9,21.01,55.29,0.0,Italy
2005-12-04,73.82,21.27,55.67,0.01,Italy
2005-12-05,73.74,21.53,56.05,0.01,Italy
2005-12-06,74.6,22.55,55.68,0.0,Italy
2005-12-07,74.39,21.8,55.17,0.0,Italy
2005-12-08,59.31,20.0,56.26,0.0,Italy
2005-12-09,70.59,16.5,57.18,0.0,Italy
2005-12-10,71.9,18.23,57.2,0.0,Italy
2005-12-11,73.2,19.95,57.21,0.0,Italy
2005-12-12,74.51,21.68,57.23,0.0,Italy
2005-12-13,76.42,23.55,59.16,0.0,Italy
2005-12-14,77.65,22.75,59.59,0.01,Italy
2005-12-15,73.55,23.63,59.67,0.01,Italy
2005-12-16,74.32,23.75,58.11,0.0,Italy
2005-12-17,73.48,23.13,57.44,0.0,Italy
2005-12-18,72.65,22.52,56.76,0.0,Italy
2005-12-19,71.81,21.9,56.09,0.0,Italy
2005-12-20,75.47,23.2,56.08,0.01,Italy
2005-12-21,80.03,23.53,56.05,0.01,Italy
2005-12-22,80.31,22.2,57.3,0.01,Italy
2005-12-23,60.19,23.25,56.28,0.01,Italy
2005-12-24,54.96,23.25,56.37,0.01,Italy
2005-12-25,49.74,23.25,56.45,0.01,Italy
2005-12-26,44.51,23.25,56.54,0.01,Italy
2005-12-27,67.95,23.25,56.54,0.01,Italy
2005-12-28,66.29,25.88,56.91,0.01,Italy
2005-12-29,67.94,26.45,57.72,0.01,Italy
2005-12-30,66.43,25.98,58.34,0.02,Italy
2005-12-31,66.52,25.98,58.34,0.02,Italy
2006-01-01,66.6,25.98,58.34,0.02,Italy
2006-01-02,66.69,25.98,58.34,0.02,Italy
2006-01-03,74.41,26.73,61.51,0.03,Italy
2006-01-04,72.77,26.85,61.25,0.04,Italy
2006-01-05,71.89,27.85,61.68,0.03,Italy
2006-01-06,49.35,26.9,62.43,0.03,Italy
2006-01-07,58.52,26.83,62.46,0.02,Italy
2006-01-08,67.7,26.77,62.48,0.02,Italy
2006-01-09,76.87,26.7,62.51,0.02,Italy
2006-01-10,79.98,20.5,62.32,0.02,Italy
2006-01-11,78.4,24.6,61.54,0.03,Italy
2006-01-12,78.52,24.8,62.95,0.03,Italy
2006-01-13,78.9,24.0,61.58,0.04,Italy
2006-01-14,79.45,24.47,61.83,0.04,Italy
2006-01-15,80.0,24.93,62.09,0.04,Italy
2006-01-16,80.55,25.4,62.34,0.03,Italy
2006-01-17,80.09,25.28,63.22,0.04,Italy
2006-01-18,79.85,25.55,63.6,0.05,Italy
2006-01-19,79.4,25.4,63.64,0.05,Italy
2006-01-20,78.82,26.5,64.92,0.05,Italy
2006-01-21,79.9,26.83,64.8,0.05,Italy
2006-01-22,80.97,27.17,64.68,0.05,Italy
2006-01-23,82.05,27.5,64.56,0.05,Italy
2006-01-24,85.08,27.5,63.82,0.04,Italy
2006-01-25,84.1,26.9,62.61,0.04,Italy
2006-01-26,85.52,26.55,62.93,0.04,Italy
2006-01-27,85.58,24.55,64.95,0.03,Italy
2006-01-28,84.73,24.7,65.01,0.03,Italy
2006-01-29,83.88,24.85,65.08,0.02,Italy
2006-01-30,83.03,25.0,65.14,0.02,Italy
2006-01-31,86.38,24.25,63.19,0.02,Italy
2006-02-01,84.76,24.25,65.64,0.02,Italy
2006-02-02,86.68,24.68,63.49,0.02,Italy
2006-02-03,84.31,23.6,62.54,0.02,Italy
2006-02-04,85.25,23.03,62.8,0.02,Italy
2006-02-05,86.2,22.45,63.06,0.02,Italy
2006-02-06,87.14,21.88,63.32,0.02,Italy
2006-02-07,86.42,21.3,61.64,0.02,Italy
2006-02-08,86.74,23.15,60.82,0.02,Italy
2006-02-09,90.43,22.5,60.7,0.01,Italy
2006-02-10,90.67,23.13,59.66,0.03,Italy
2006-02-11,89.94,22.39,59.49,0.03,Italy
2006-02-12,89.22,21.64,59.33,0.03,Italy
2006-02-13,88.49,20.9,59.16,0.03,Italy
2006-02-14,90.36,21.05,58.27,0.02,Italy
2006-02-15,89.84,21.45,57.67,0.02,Italy
2006-02-16,90.45,22.1,56.78,0.01,Italy
2006-02-17,86.3,21.75,58.34,0.01,Italy
2006-02-18,86.88,21.75,58.91,0.01,Italy
2006-02-19,87.47,21.75,59.48,0.01,Italy
2006-02-20,88.05,21.75,60.05,0.01,Italy
2006-02-21,89.45,22.43,59.35,0.01,Italy
2006-02-22,89.95,22.73,58.71,0.01,Italy
2006-02-23,90.93,21.6,58.71,0.02,Italy
2006-02-24,91.68,22.15,60.13,0.02,Italy
2006-02-25,93.44,22.1,59.9,0.02,Italy
2006-02-26,95.21,22.05,59.67,0.02,Italy
2006-02-27,96.97,22.0,59.44,0.02,Italy
2006-02-28,93.04,22.08,59.78,0.03,Italy
2006-03-01,91.65,22.1,61.12,0.03,Italy
2006-03-02,93.9,22.18,62.27,0.05,Italy
2006-03-03,87.63,22.25,62.69,0.04,Italy
2006-03-04,89.06,23.17,62.26,0.04,Italy
2006-03-05,90.49,24.08,61.84,0.04,Italy
2006-03-06,91.92,25.0,61.41,0.03,Italy
2006-03-07,94.25,23.9,59.79,0.04,Italy
2006-03-08,94.24,23.55,58.42,0.04,Italy
2006-03-09,89.42,25.78,58.82,0.03,Italy
2006-03-10,89.77,27.7,59.04,0.03,Italy
2006-03-11,87.95,27.8,59.69,0.02,Italy
2006-03-12,86.14,27.9,60.34,0.02,Italy
2006-03-13,84.32,28.0,60.99,0.02,Italy
2006-03-14,85.23,34.55,62.39,0.02,Italy
2006-03-15,88.52,46.5,63.12,0.01,Italy
2006-03-16,87.62,37.25,62.07,0.01,Italy
2006-03-17,85.69,34.5,63.54,0.02,Italy
2006-03-18,85.72,33.03,63.13,0.02,Italy
2006-03-19,85.74,31.57,62.71,0.02,Italy
2006-03-20,85.77,30.1,62.3,0.02,Italy
2006-03-21,86.05,23.63,59.96,0.02,Italy
2006-03-22,85.85,23.25,61.23,0.02,Italy
2006-03-23,86.27,21.5,61.76,0.02,Italy
2006-03-24,85.21,21.7,62.78,0.02,Italy
2006-03-25,81.8,21.02,62.72,0.02,Italy
2006-03-26,78.39,20.33,62.65,0.03,Italy
2006-03-27,74.98,19.65,62.59,0.03,Italy
2006-03-28,76.1,21.83,64.31,0.04,Italy
2006-03-29,70.11,21.65,64.88,0.04,Italy
2006-03-30,69.84,19.75,65.95,0.04,Italy
2006-03-31,67.4,22.33,66.06,0.03,Italy
2006-04-01,67.18,22.36,66.47,0.03,Italy
2006-04-02,66.97,22.4,66.87,0.03,Italy
2006-04-03,66.75,22.43,67.28,0.03,Italy
2006-04-04,69.67,22.25,65.93,0.03,Italy
2006-04-05,74.92,21.55,66.74,0.02,Italy
2006-04-06,76.63,21.45,67.58,0.02,Italy
2006-04-07,78.3,21.5,67.11,0.03,Italy
2006-04-08,77.45,21.6,67.47,0.02,Italy
2006-04-09,76.61,21.7,67.84,0.02,Italy
2006-04-10,75.76,21.8,68.2,0.02,Italy
2006-04-11,77.06,21.8,68.52,0.03,Italy
2006-04-12,77.82,21.65,69.54,0.02,Italy
2006-04-13,77.78,21.65,69.39,0.02,Italy
2006-04-14,78.08,21.65,69.39,0.02,Italy
2006-04-15,69.26,21.65,69.39,0.02,Italy
2006-04-16,60.45,21.65,69.39,0.01,Italy
2006-04-17,51.63,21.65,69.39,0.01,Italy
2006-04-18,76.06,20.9,70.97,0.01,Italy
2006-04-19,77.36,21.0,72.69,0.01,Italy
2006-04-20,77.07,21.25,72.57,0.01,Italy
2006-04-21,77.75,21.2,73.94,0.01,Italy
2006-04-22,73.95,20.72,73.95,0.01,Italy
2006-04-23,70.15,20.23,73.95,0.02,Italy
2006-04-24,66.35,19.75,73.96,0.02,Italy
2006-04-25,50.1,21.4,72.86,0.02,Italy
2006-04-26,77.31,21.2,73.46,0.01,Italy
2006-04-27,78.77,21.2,71.79,0.02,Italy
2006-04-28,78.76,20.48,72.15,0.02,Italy
2006-04-29,67.9,20.48,72.56,0.02,Italy
2006-04-30,57.04,20.48,72.96,0.02,Italy
2006-05-01,46.18,20.48,73.37,0.02,Italy
2006-05-02,73.05,20.4,74.45,0.02,Italy
2006-05-03,74.52,20.55,73.73,0.02,Italy
2006-05-04,73.11,19.9,71.84,0.02,Italy
2006-05-05,71.73,19.75,71.22,0.02,Italy
2006-05-06,71.5,19.8,70.23,0.02,Italy
2006-05-07,71.27,19.85,69.25,0.02,Italy
2006-05-08,71.04,19.9,68.26,0.02,Italy
2006-05-09,71.64,19.65,70.6,0.01,Italy
2006-05-10,71.7,19.65,69.83,0.02,Italy
2006-05-11,71.59,20.0,72.2,0.03,Italy
2006-05-12,72.1,19.9,71.3,0.05,Italy
2006-05-13,72.7,19.93,70.43,0.05,Italy
2006-05-14,73.31,19.97,69.56,0.05,Italy
2006-05-15,73.91,20.0,68.69,0.05,Italy
2006-05-16,73.13,20.1,68.66,0.04,Italy
2006-05-17,73.18,19.9,67.52,0.06,Italy
2006-05-18,73.79,20.1,67.39,0.06,Italy
2006-05-19,72.81,20.45,66.93,0.06,Italy
2006-05-20,72.97,20.53,66.79,0.06,Italy
2006-05-21,73.13,20.62,66.66,0.07,Italy
2006-05-22,73.29,20.7,66.52,0.07,Italy
2006-05-23,72.99,20.0,68.97,0.06,Italy
2006-05-24,73.53,18.2,68.45,0.06,Italy
2006-05-25,74.24,18.7,68.51,0.06,Italy
2006-05-26,72.4,17.8,69.88,0.05,Italy
2006-05-27,72.09,17.8,69.64,0.05,Italy
2006-05-28,71.79,17.8,69.4,0.05,Italy
2006-05-29,71.48,17.8,69.16,0.05,Italy
2006-05-30,73.25,18.8,69.82,0.05,Italy
2006-05-31,73.56,20.2,67.57,0.05,Italy
2006-06-01,73.95,20.5,68.77,0.04,Italy
2006-06-02,51.83,20.75,68.42,0.05,Italy
2006-06-03,57.28,20.83,68.66,0.04,Italy
2006-06-04,62.74,20.92,68.89,0.04,Italy
2006-06-05,68.19,21.0,69.13,0.04,Italy
2006-06-06,72.11,20.35,68.25,0.05,Italy
2006-06-07,73.05,20.15,67.17,0.04,Italy
2006-06-08,72.38,20.25,65.76,0.06,Italy
2006-06-09,72.65,19.9,69.13,0.07,Italy
2006-06-10,71.15,19.97,68.96,0.07,Italy
2006-06-11,69.66,20.03,68.79,0.07,Italy
2006-06-12,68.16,20.1,68.62,0.07,Italy
2006-06-13,74.85,19.75,65.67,0.07,Italy
2006-06-14,76.06,20.0,65.52,0.07,Italy
2006-06-15,75.56,20.3,66.04,0.08,Italy
2006-06-16,75.99,20.2,65.01,0.08,Italy
2006-06-17,74.62,19.8,65.47,0.08,Italy
2006-06-18,73.25,19.4,65.94,0.08,Italy
2006-06-19,71.88,19.0,66.4,0.08,Italy
2006-06-20,77.67,19.15,67.57,0.08,Italy
2006-06-21,80.14,19.0,68.17,0.07,Italy
2006-06-22,81.84,18.95,69.6,0.07,Italy
2006-06-23,84.24,18.6,69.91,0.07,Italy
2006-06-24,85.85,18.73,69.89,0.06,Italy
2006-06-25,87.46,18.87,69.87,0.06,Italy
2006-06-26,89.07,19.0,69.85,0.06,Italy
2006-06-27,91.32,18.8,71.26,0.07,Italy
2006-06-28,90.74,18.5,71.76,0.06,Italy
2006-06-29,93.56,18.5,73.02,0.06,Italy
2006-06-30,92.77,18.1,73.2,0.06,Italy
2006-07-01,88.97,17.57,73.45,0.06,Italy
2006-07-02,85.18,17.03,73.69,0.06,Italy
2006-07-03,81.38,16.5,73.94,0.06,Italy
2006-07-04,88.31,19.5,73.17,0.06,Italy
2006-07-05,89.6,20.4,72.88,0.06,Italy
2006-07-06,89.53,18.65,73.12,0.05,Italy
2006-07-07,87.19,19.2,74.14,0.05,Italy
2006-07-08,88.06,19.58,73.56,0.04,Italy
2006-07-09,88.94,19.97,72.97,0.04,Italy
2006-07-10,89.81,20.35,72.39,0.04,Italy
2006-07-11,89.99,19.0,73.14,0.05,Italy
2006-07-12,91.06,19.5,73.04,0.05,Italy
2006-07-13,90.64,19.75,75.23,0.06,Italy
2006-07-14,89.7,19.9,76.13,0.06,Italy
2006-07-15,87.79,19.8,75.79,0.06,Italy
2006-07-16,85.89,19.7,75.46,0.06,Italy
2006-07-17,83.98,19.6,75.12,0.06,Italy
2006-07-18,91.77,20.2,75.32,0.06,Italy
2006-07-19,91.92,20.1,71.62,0.06,Italy
2006-07-20,94.16,19.4,72.56,0.06,Italy
2006-07-21,91.66,20.0,72.96,0.06,Italy
2006-07-22,91.69,20.3,72.67,0.06,Italy
2006-07-23,91.71,20.6,72.38,0.05,Italy
2006-07-24,91.74,20.9,72.09,0.05,Italy
2006-07-25,99.22,20.5,72.49,0.05,Italy
2006-07-26,142.6,20.65,73.76,0.04,Italy
2006-07-27,100.8,21.3,75.36,0.04,Italy
2006-07-28,100.56,21.2,73.95,0.03,Italy
2006-07-29,96.06,20.87,74.22,0.03,Italy
2006-07-30,91.56,20.53,74.48,0.03,Italy
2006-07-31,87.06,20.2,74.75,0.03,Italy
2006-08-01,87.6,19.85,76.39,0.03,Italy
2006-08-02,91.14,20.3,77.63,0.03,Italy
2006-08-03,83.74,19.8,76.28,0.02,Italy
2006-08-04,87.6,19.6,76.53,0.02,Italy
2006-08-05,84.45,19.77,76.96,0.02,Italy
2006-08-06,81.29,19.93,77.39,0.02,Italy
2006-08-07,78.14,20.1,77.82,0.02,Italy
2006-08-08,77.28,19.5,77.93,0.02,Italy
2006-08-09,77.04,18.3,78.26,0.02,Italy
2006-08-10,74.92,18.1,75.69,0.02,Italy
2006-08-11,72.57,17.0,75.19,0.01,Italy
2006-08-12,69.73,17.2,74.72,0.02,Italy
2006-08-13,66.9,17.4,74.25,0.02,Italy
2006-08-14,64.06,17.6,73.78,0.02,Italy
2006-08-15,56.42,16.95,73.57,0.02,Italy
2006-08-16,64.35,16.4,72.67,0.02,Italy
2006-08-17,69.29,16.6,70.42,0.02,Italy
2006-08-18,69.56,16.45,71.3,0.02,Italy
2006-08-19,70.58,16.45,71.67,0.02,Italy
2006-08-20,71.61,16.45,72.05,0.01,Italy
2006-08-21,72.63,16.45,72.42,0.01,Italy
2006-08-22,79.75,17.1,72.06,0.01,Italy
2006-08-23,79.63,17.4,71.12,0.01,Italy
2006-08-24,76.61,17.1,71.4,0.01,Italy
2006-08-25,77.04,17.6,72.58,0.01,Italy
2006-08-26,78.06,17.6,71.53,0.01,Italy
2006-08-27,79.07,17.6,70.49,0.01,Italy
2006-08-28,80.09,17.6,69.44,0.01,Italy
2006-08-29,85.94,18.15,67.01,0.01,Italy
2006-08-30,85.02,18.7,67.15,0.01,Italy
2006-08-31,85.9,16.85,67.66,0.01,Italy
2006-09-01,85.45,18.7,70.49,0.0,Italy
2006-09-02,84.0,18.85,69.87,0.0,Italy
2006-09-03,82.56,19.0,69.24,0.0,Italy
2006-09-04,81.11,19.15,68.62,0.0,Italy
2006-09-05,88.12,19.2,65.94,0.01,Italy
2006-09-06,89.11,19.1,65.41,0.01,Italy
2006-09-07,87.59,19.2,64.52,0.02,Italy
2006-09-08,86.28,19.05,64.3,0.01,Italy
2006-09-09,85.56,19.03,63.67,0.01,Italy
2006-09-10,84.85,19.02,63.04,0.01,Italy
2006-09-11,84.13,19.0,62.41,0.01,Italy
2006-09-12,86.42,18.25,62.23,0.01,Italy
2006-09-13,87.1,18.55,61.28,0.01,Italy
2006-09-14,86.53,18.75,60.75,0.01,Italy
2006-09-15,84.8,16.85,60.23,0.01,Italy
2006-09-16,82.61,16.65,60.64,0.01,Italy
2006-09-17,80.41,16.45,61.06,0.01,Italy
2006-09-18,78.22,16.25,61.47,0.01,Italy
2006-09-19,82.18,14.95,62.52,0.01,Italy
2006-09-20,79.71,13.0,59.09,0.01,Italy
2006-09-21,78.37,11.73,59.27,0.01,Italy
2006-09-22,76.78,10.9,58.81,0.01,Italy
2006-09-23,75.61,11.6,58.5,0.01,Italy
2006-09-24,74.45,12.3,58.2,0.01,Italy
2006-09-25,73.28,13.0,57.89,0.01,Italy
2006-09-26,78.99,11.8,58.53,0.01,Italy
2006-09-27,78.17,11.7,57.6,0.01,Italy
2006-09-28,80.66,11.75,60.68,0.01,Italy
2006-09-29,78.6,14.1,59.09,0.01,Italy
2006-09-30,78.21,13.09,58.99,0.01,Italy
2006-10-01,77.81,12.09,58.9,0.01,Italy
2006-10-02,77.42,11.08,58.8,0.01,Italy
2006-10-03,77.49,2.4,56.28,0.01,Italy
2006-10-04,77.22,9.9,55.82,0.01,Italy
2006-10-05,76.03,11.63,57.93,0.01,Italy
2006-10-06,73.67,13.0,56.9,0.01,Italy
2006-10-07,74.66,14.0,57.68,0.01,Italy
2006-10-08,75.66,15.0,58.47,0.01,Italy
2006-10-09,76.65,16.0,59.25,0.01,Italy
2006-10-10,76.69,13.6,57.8,0.01,Italy
2006-10-11,75.55,16.1,57.75,0.01,Italy
2006-10-12,81.14,15.08,57.87,0.01,Italy
2006-10-13,77.77,16.18,58.97,0.01,Italy
2006-10-14,77.12,16.3,58.72,0.01,Italy
2006-10-15,76.46,16.43,58.47,0.01,Italy
2006-10-16,75.81,16.55,58.22,0.01,Italy
2006-10-17,78.12,17.43,60.13,0.01,Italy
2006-10-18,78.07,16.0,58.51,0.01,Italy
2006-10-19,80.71,16.55,57.74,0.01,Italy
2006-10-20,79.82,13.0,57.94,0.01,Italy
2006-10-21,79.82,14.17,57.48,0.01,Italy
2006-10-22,79.81,15.33,57.02,0.01,Italy
2006-10-23,79.81,16.5,56.56,0.01,Italy
2006-10-24,77.97,14.33,56.56,0.01,Italy
2006-10-25,78.49,14.08,58.79,0.0,Italy
2006-10-26,77.96,13.65,58.76,0.0,Italy
2006-10-27,71.11,15.7,57.99,0.0,Italy
2006-10-28,72.4,16.18,57.69,0.0,Italy
2006-10-29,73.69,16.67,57.38,0.0,Italy
2006-10-30,74.98,17.15,57.08,0.0,Italy
2006-10-31,77.04,16.5,56.13,0.0,Italy
2006-11-01,49.15,21.0,56.37,0.0,Italy
2006-11-02,74.26,21.0,56.26,0.0,Italy
2006-11-03,75.8,20.6,56.55,0.0,Italy
2006-11-04,75.32,21.23,56.71,0.0,Italy
2006-11-05,74.83,21.87,56.86,0.0,Italy
2006-11-06,74.35,22.5,57.02,0.0,Italy
2006-11-07,78.14,21.2,56.99,0.0,Italy
2006-11-08,80.84,21.6,57.18,0.0,Italy
2006-11-09,80.65,22.33,59.72,0.0,Italy
2006-11-10,80.09,21.95,59.18,0.0,Italy
2006-11-11,78.99,20.55,58.41,0.0,Italy
2006-11-12,77.88,19.15,57.65,0.0,Italy
2006-11-13,76.78,17.75,56.88,0.0,Italy
2006-11-14,79.48,17.85,57.9,0.0,Italy
2006-11-15,81.42,18.23,57.97,0.0,Italy
2006-11-16,82.48,19.15,59.5,0.0,Italy
2006-11-17,81.99,19.0,57.01,0.0,Italy
2006-11-18,81.45,19.61,57.13,0.0,Italy
2006-11-19,80.92,20.22,57.26,0.0,Italy
2006-11-20,80.38,20.83,57.38,0.0,Italy
2006-11-21,83.09,20.7,59.53,0.0,Italy
2006-11-22,83.16,20.18,58.66,0.0,Italy
2006-11-23,84.43,19.9,59.7,0.0,Italy
2006-11-24,84.21,19.65,60.72,0.01,Italy
2006-11-25,83.93,19.19,60.65,0.01,Italy
2006-11-26,83.64,18.74,60.59,0.02,Italy
2006-11-27,83.36,18.28,60.52,0.02,Italy
2006-11-28,85.17,17.9,61.22,0.02,Italy
2006-11-29,85.0,17.95,62.13,0.02,Italy
2006-11-30,84.9,17.65,64.36,0.02,Italy
2006-12-01,83.48,16.35,64.74,0.03,Italy
2006-12-02,83.53,16.08,64.48,0.03,Italy
2006-12-03,83.57,15.8,64.23,0.02,Italy
2006-12-04,83.62,15.53,63.97,0.02,Italy
2006-12-05,86.7,17.6,63.65,0.02,Italy
2006-12-06,87.1,15.63,63.7,0.01,Italy
2006-12-07,85.65,16.55,63.17,0.01,Italy
2006-12-08,66.63,17.0,63.67,0.01,Italy
2006-12-09,72.47,16.5,63.31,0.01,Italy
2006-12-10,78.3,16.0,62.95,0.01,Italy
2006-12-11,84.14,15.5,62.59,0.01,Italy
2006-12-12,89.01,15.38,62.58,0.01,Italy
2006-12-13,86.51,15.35,61.89,0.01,Italy
2006-12-14,88.66,14.8,62.85,0.0,Italy
2006-12-15,89.51,17.5,62.91,0.0,Italy
2006-12-16,88.24,17.78,62.88,0.0,Italy
2006-12-17,86.98,18.05,62.84,0.0,Italy
2006-12-18,85.71,18.33,62.81,0.0,Italy
2006-12-19,90.39,21.75,62.19,0.01,Italy
2006-12-20,90.24,19.15,63.13,0.0,Italy
2006-12-21,88.71,18.7,62.13,0.0,Italy
2006-12-22,77.97,15.5,61.92,0.0,Italy
2006-12-23,70.09,15.5,61.92,0.0,Italy
2006-12-24,62.21,15.5,61.92,0.0,Italy
2006-12-25,54.33,15.5,61.92,0.0,Italy
2006-12-26,56.27,15.5,61.92,0.0,Italy
2006-12-27,72.24,16.0,60.7,0.0,Italy
2006-12-28,72.68,14.0,59.41,0.0,Italy
2006-12-29,76.77,14.0,58.96,0.0,Italy
2006-12-30,68.15,14.0,58.96,0.0,Italy
2006-12-31,59.54,14.0,58.96,0.0,Italy
2007-01-01,50.92,14.0,58.96,0.0,Italy
2007-01-02,74.98,14.5,58.49,0.0,Italy
2007-01-03,71.67,14.2,56.63,0.0,Italy
2007-01-04,80.45,14.23,54.58,0.0,Italy
2007-01-05,79.25,14.1,52.82,0.01,Italy
2007-01-06,80.57,13.83,52.82,0.01,Italy
2007-01-07,81.88,13.55,52.82,0.01,Italy
2007-01-08,83.2,13.28,52.82,0.01,Italy
2007-01-09,85.02,13.48,52.38,0.01,Italy
2007-01-10,85.8,13.65,52.11,0.01,Italy
2007-01-11,84.53,13.08,51.68,0.01,Italy
2007-01-12,80.34,13.43,49.95,0.01,Italy
2007-01-13,81.89,13.6,49.95,0.01,Italy
2007-01-14,83.44,13.78,49.95,0.01,Italy
2007-01-15,84.99,13.95,49.95,0.01,Italy
2007-01-16,86.13,14.5,51.28,0.01,Italy
2007-01-17,86.95,13.0,51.19,0.01,Italy
2007-01-18,86.86,12.63,50.83,0.01,Italy
2007-01-19,84.54,14.3,52.29,0.01,Italy
2007-01-20,83.22,14.72,52.97,0.01,Italy
2007-01-21,81.91,15.13,53.66,0.01,Italy
2007-01-22,80.59,15.55,54.34,0.01,Italy
2007-01-23,83.29,15.65,53.93,0.01,Italy
2007-01-24,84.7,14.15,55.11,0.02,Italy
2007-01-25,84.25,13.8,55.67,0.02,Italy
2007-01-26,78.59,12.85,55.29,0.02,Italy
2007-01-27,77.21,12.47,55.1,0.02,Italy
2007-01-28,75.83,12.08,54.9,0.02,Italy
2007-01-29,74.45,11.7,54.71,0.02,Italy
2007-01-30,78.62,11.6,54.69,0.02,Italy
2007-01-31,78.33,11.25,56.52,0.02,Italy
2007-02-01,75.98,10.45,56.74,0.02,Italy
2007-02-02,77.77,10.55,56.93,0.02,Italy
2007-02-03,77.63,10.35,57.51,0.02,Italy
2007-02-04,77.48,10.15,58.09,0.03,Italy
2007-02-05,77.34,9.95,58.67,0.03,Italy
2007-02-06,80.88,10.75,58.04,0.02,Italy
2007-02-07,78.9,11.2,58.35,0.02,Italy
2007-02-08,73.55,10.1,57.24,0.04,Italy
2007-02-09,77.89,10.03,57.21,0.04,Italy
2007-02-10,75.83,9.49,56.65,0.04,Italy
2007-02-11,73.78,8.94,56.08,0.04,Italy
2007-02-12,71.72,8.4,55.52,0.04,Italy
2007-02-13,71.69,9.5,56.12,0.04,Italy
2007-02-14,75.67,8.4,55.05,0.04,Italy
2007-02-15,70.7,9.18,54.25,0.05,Italy
2007-02-16,74.42,9.0,56.78,0.04,Italy
2007-02-17,73.29,8.97,56.78,0.04,Italy
2007-02-18,72.16,8.93,56.78,0.04,Italy
2007-02-19,71.03,8.9,56.78,0.03,Italy
2007-02-20,76.5,7.55,55.91,0.03,Italy
2007-02-21,74.04,8.0,57.74,0.03,Italy
2007-02-22,73.65,7.85,58.62,0.03,Italy
2007-02-23,76.75,8.45,60.38,0.03,Italy
2007-02-24,75.24,8.7,60.37,0.03,Italy
2007-02-25,73.73,8.95,60.35,0.03,Italy
2007-02-26,72.22,9.2,60.34,0.03,Italy
2007-02-27,74.06,9.15,60.28,0.11,Italy
2007-02-28,70.41,9.6,59.39,0.1,Italy
2007-03-01,72.2,11.3,61.18,0.09,Italy
2007-03-02,71.99,10.7,61.92,0.09,Italy
2007-03-03,71.39,10.62,61.21,0.09,Italy
2007-03-04,70.79,10.53,60.49,0.09,Italy
2007-03-05,70.19,10.45,59.78,0.09,Italy
2007-03-06,72.24,9.85,59.68,0.08,Italy
2007-03-07,73.82,9.8,61.13,0.06,Italy
2007-03-08,73.21,9.9,60.9,0.05,Italy
2007-03-09,69.24,10.1,60.25,0.05,Italy
2007-03-10,66.77,10.08,60.36,0.05,Italy
2007-03-11,64.3,10.07,60.48,0.04,Italy
2007-03-12,61.83,10.05,60.59,0.04,Italy
2007-03-13,67.85,10.15,61.52,0.04,Italy
2007-03-14,64.79,10.35,60.89,0.05,Italy
2007-03-15,65.3,10.8,60.4,0.04,Italy
2007-03-16,59.31,10.65,60.93,0.04,Italy
2007-03-17,60.28,10.58,60.78,0.04,Italy
2007-03-18,61.26,10.52,60.64,0.04,Italy
2007-03-19,62.23,10.45,60.49,0.04,Italy
2007-03-20,61.61,9.85,60.11,0.03,Italy
2007-03-21,60.83,9.6,60.18,0.03,Italy
2007-03-22,61.06,9.5,61.57,0.02,Italy
2007-03-23,59.58,10.25,63.1,0.02,Italy
2007-03-24,59.81,10.28,63.54,0.02,Italy
2007-03-25,60.04,10.32,63.99,0.02,Italy
2007-03-26,60.27,10.35,64.43,0.02,Italy
2007-03-27,61.47,10.45,64.25,0.01,Italy
2007-03-28,58.99,10.6,66.15,0.01,Italy
2007-03-29,63.79,11.5,67.19,0.01,Italy
2007-03-30,64.54,10.8,68.47,0.01,Italy
2007-03-31,64.46,10.57,68.63,0.01,Italy
2007-04-01,64.39,10.33,68.78,0.01,Italy
2007-04-02,64.31,10.1,68.94,0.01,Italy
2007-04-03,65.8,10.3,68.0,0.01,Italy
2007-04-04,64.42,10.3,68.09,0.01,Italy
2007-04-05,63.02,9.3,69.15,0.01,Italy
2007-04-06,61.3,9.3,69.15,0.01,Italy
2007-04-07,53.17,9.3,69.15,0.01,Italy
2007-04-08,45.05,9.3,69.15,0.0,Italy
2007-04-09,36.92,9.3,69.15,0.0,Italy
2007-04-10,60.56,8.85,67.64,0.0,Italy
2007-04-11,61.73,8.85,68.6,0.0,Italy
2007-04-12,57.72,8.93,67.79,0.0,Italy
2007-04-13,58.21,8.9,68.78,0.0,Italy
2007-04-14,59.27,8.88,68.22,0.0,Italy
2007-04-15,60.32,8.87,67.66,0.0,Italy
2007-04-16,61.38,8.85,67.1,0.0,Italy
2007-04-17,61.24,9.03,66.34,0.0,Italy
2007-04-18,59.32,9.23,65.09,0.0,Italy
2007-04-19,57.51,9.2,66.17,0.0,Italy
2007-04-20,60.26,9.1,66.34,0.0,Italy
2007-04-21,58.65,8.93,66.49,0.0,Italy
2007-04-22,57.04,8.77,66.65,0.0,Italy
2007-04-23,55.43,8.6,66.8,0.0,Italy
2007-04-24,61.07,8.7,67.94,0.0,Italy
2007-04-25,40.74,8.45,67.44,0.0,Italy
2007-04-26,57.98,7.68,67.51,0.0,Italy
2007-04-27,61.01,6.6,67.28,0.0,Italy
2007-04-28,58.49,6.98,67.26,0.0,Italy
2007-04-29,55.97,7.35,67.25,0.0,Italy
2007-04-30,53.45,7.73,67.23,0.0,Italy
2007-05-01,39.65,9.03,67.4,0.0,Italy
2007-05-02,62.3,9.6,65.57,0.0,Italy
2007-05-03,64.87,10.3,64.85,0.0,Italy
2007-05-04,64.78,10.75,65.14,0.0,Italy
2007-05-05,64.71,10.75,64.33,0.0,Italy
2007-05-06,64.65,10.75,63.51,0.0,Italy
2007-05-07,64.58,10.75,62.7,0.0,Italy
2007-05-08,64.61,10.78,63.55,0.0,Italy
2007-05-09,66.72,11.53,63.5,0.0,Italy
2007-05-10,65.68,11.1,64.63,0.0,Italy
2007-05-11,66.11,11.6,65.18,0.0,Italy
2007-05-12,66.4,12.33,65.41,0.0,Italy
2007-05-13,66.69,13.07,65.63,0.0,Italy
2007-05-14,66.98,13.8,65.86,0.0,Italy
2007-05-15,67.62,12.55,66.74,0.0,Italy
2007-05-16,66.69,12.0,66.83,0.0,Italy
2007-05-17,65.99,12.15,69.08,0.0,Italy
2007-05-18,65.36,12.55,69.26,0.0,Italy
2007-05-19,65.07,12.32,69.34,0.0,Italy
2007-05-20,64.79,12.08,69.43,0.0,Italy
2007-05-21,64.5,11.85,69.51,0.0,Italy
2007-05-22,69.51,11.9,70.05,0.0,Italy
2007-05-23,72.55,12.5,71.01,0.0,Italy
2007-05-24,69.74,12.85,71.96,0.01,Italy
2007-05-25,71.53,12.8,70.72,0.0,Italy
2007-05-26,69.54,12.8,70.72,0.0,Italy
2007-05-27,67.56,12.8,70.72,0.0,Italy
2007-05-28,65.57,12.8,70.72,0.0,Italy
2007-05-29,69.24,12.63,69.31,0.0,Italy
2007-05-30,64.49,12.65,67.64,0.0,Italy
2007-05-31,65.52,10.95,68.18,0.0,Italy
2007-06-01,68.73,10.65,68.65,0.0,Italy
2007-06-02,66.15,10.66,69.4,0.0,Italy
2007-06-03,63.56,10.67,70.15,0.0,Italy
2007-06-04,60.98,10.68,70.9,0.0,Italy
2007-06-05,66.8,11.45,71.36,0.0,Italy
2007-06-06,60.55,11.4,71.5,0.01,Italy
2007-06-07,65.17,11.3,72.36,0.03,Italy
2007-06-08,66.62,11.0,70.04,0.03,Italy
2007-06-09,63.32,10.77,69.64,0.03,Italy
2007-06-10,60.02,10.53,69.25,0.03,Italy
2007-06-11,56.72,10.3,68.85,0.03,Italy
2007-06-12,68.02,10.28,68.56,0.03,Italy
2007-06-13,73.11,10.8,69.24,0.03,Italy
2007-06-14,70.75,10.35,71.18,0.03,Italy
2007-06-15,65.43,10.3,71.63,0.02,Italy
2007-06-16,66.87,10.37,71.86,0.02,Italy
2007-06-17,68.32,10.43,72.1,0.02,Italy
2007-06-18,69.76,10.5,72.33,0.02,Italy
2007-06-19,75.0,10.25,72.17,0.02,Italy
2007-06-20,79.21,10.1,70.55,0.01,Italy
2007-06-21,70.24,10.05,71.81,0.01,Italy
2007-06-22,82.94,10.0,72.04,0.01,Italy
2007-06-23,82.46,10.17,71.81,0.01,Italy
2007-06-24,81.98,10.33,71.59,0.01,Italy
2007-06-25,81.5,10.5,71.36,0.01,Italy
2007-06-26,87.76,10.6,71.41,0.01,Italy
2007-06-27,89.58,10.55,71.84,0.01,Italy
2007-06-28,89.73,10.25,71.96,0.01,Italy
2007-06-29,88.38,11.0,72.22,0.01,Italy
2007-06-30,86.47,11.63,72.45,0.01,Italy
2007-07-01,84.55,12.27,72.67,0.01,Italy
2007-07-02,82.64,12.9,72.9,0.01,Italy
2007-07-03,93.95,11.8,74.26,0.01,Italy
2007-07-04,79.2,12.05,74.26,0.01,Italy
2007-07-05,79.46,12.8,75.4,0.01,Italy
2007-07-06,91.29,14.73,76.58,0.01,Italy
2007-07-07,87.59,15.02,76.75,0.01,Italy
2007-07-08,83.88,15.31,76.93,0.01,Italy
2007-07-09,80.18,15.6,77.1,0.01,Italy
2007-07-10,95.56,14.43,77.88,0.02,Italy
2007-07-11,90.82,15.05,77.44,0.02,Italy
2007-07-12,85.03,15.33,78.24,0.03,Italy
2007-07-13,87.23,16.5,78.12,0.03,Italy
2007-07-14,89.2,16.85,78.14,0.03,Italy
2007-07-15,91.16,17.2,78.15,0.03,Italy
2007-07-16,93.13,17.55,78.17,0.03,Italy
2007-07-17,97.98,16.63,77.59,0.02,Italy
2007-07-18,99.22,16.05,78.0,0.03,Italy
2007-07-19,98.36,15.0,78.37,0.03,Italy
2007-07-20,97.86,16.0,79.09,0.05,Italy
2007-07-21,97.45,15.9,78.85,0.05,Italy
2007-07-22,97.04,15.8,78.6,0.05,Italy
2007-07-23,96.63,15.7,78.36,0.05,Italy
2007-07-24,99.83,16.0,75.88,0.05,Italy
2007-07-25,101.2,14.5,75.21,0.05,Italy
2007-07-26,100.82,14.75,77.28,0.07,Italy
2007-07-27,102.15,14.6,76.58,0.08,Italy
2007-07-28,97.96,15.07,76.41,0.08,Italy
2007-07-29,93.76,15.53,76.24,0.08,Italy
2007-07-30,89.57,16.0,76.07,0.09,Italy
2007-07-31,90.51,14.85,77.01,0.09,Italy
2007-08-01,85.64,13.9,77.11,0.1,Italy
2007-08-02,76.84,13.9,76.14,0.1,Italy
2007-08-03,64.13,14.2,75.36,0.11,Italy
2007-08-04,65.57,14.07,74.47,0.11,Italy
2007-08-05,67.0,13.93,73.58,0.11,Italy
2007-08-06,68.44,13.8,72.69,0.11,Italy
2007-08-07,67.8,13.3,70.42,0.12,Italy
2007-08-08,64.36,13.45,70.73,0.14,Italy
2007-08-09,52.67,13.75,70.08,0.17,Italy
2007-08-10,56.38,14.35,69.57,0.21,Italy
2007-08-11,53.7,14.35,70.15,0.21,Italy
2007-08-12,51.01,14.35,70.72,0.22,Italy
2007-08-13,48.33,14.35,71.3,0.22,Italy
2007-08-14,52.63,14.65,69.29,0.23,Italy
2007-08-15,49.38,14.85,71.3,0.23,Italy
2007-08-16,53.44,15.73,68.77,0.29,Italy
2007-08-17,55.7,14.75,69.8,0.28,Italy
2007-08-18,57.32,14.78,69.32,0.28,Italy
2007-08-19,58.95,14.8,68.85,0.28,Italy
2007-08-20,60.57,14.83,68.37,0.28,Italy
2007-08-21,60.31,14.48,67.88,0.28,Italy
2007-08-22,64.58,13.6,67.73,0.28,Italy
2007-08-23,60.17,14.6,68.73,0.27,Italy
2007-08-24,64.47,14.1,69.49,0.26,Italy
2007-08-25,67.96,14.1,69.28,0.26,Italy
2007-08-26,71.44,14.1,69.06,0.26,Italy
2007-08-27,74.93,14.1,68.85,0.25,Italy
2007-08-28,79.52,15.1,69.66,0.25,Italy
2007-08-29,79.76,14.25,70.48,0.24,Italy
2007-08-30,79.22,14.15,71.46,0.23,Italy
2007-08-31,76.93,14.28,72.29,0.23,Italy
2007-09-01,78.52,14.31,72.29,0.22,Italy
2007-09-02,80.1,14.35,72.29,0.22,Italy
2007-09-03,81.69,14.38,72.29,0.22,Italy
2007-09-04,84.59,14.65,74.22,0.21,Italy
2007-09-05,84.39,14.65,74.72,0.22,Italy
2007-09-06,81.04,14.6,76.21,0.21,Italy
2007-09-07,75.53,15.15,75.08,0.23,Italy
2007-09-08,77.41,15.63,75.04,0.24,Italy
2007-09-09,79.28,16.12,75.01,0.24,Italy
2007-09-10,81.16,16.6,74.97,0.24,Italy
2007-09-11,84.46,16.18,76.23,0.25,Italy
2007-09-12,81.98,17.15,77.15,0.22,Italy
2007-09-13,67.45,17.6,77.84,0.22,Italy
2007-09-14,68.66,18.75,78.27,0.21,Italy
2007-09-15,72.2,18.48,78.18,0.21,Italy
2007-09-16,75.74,18.22,78.08,0.21,Italy
2007-09-17,79.28,17.95,77.99,0.21,Italy
2007-09-18,78.95,17.85,77.0,0.22,Italy
2007-09-19,77.62,17.5,78.47,0.22,Italy
2007-09-20,76.24,17.65,78.48,0.21,Italy
2007-09-21,68.85,18.5,78.91,0.2,Italy
2007-09-22,67.62,18.53,78.56,0.2,Italy
2007-09-23,66.39,18.57,78.22,0.2,Italy
2007-09-24,65.16,18.6,77.87,0.19,Italy
2007-09-25,78.27,19.43,76.82,0.19,Italy
2007-09-26,78.02,17.75,76.21,0.18,Italy
2007-09-27,77.65,19.0,78.88,0.18,Italy
2007-09-28,78.07,17.2,80.97,0.17,Italy
2007-09-29,72.04,18.13,80.09,0.16,Italy
2007-09-30,66.01,19.07,79.21,0.16,Italy
2007-10-01,59.98,20.0,78.33,0.16,Italy
2007-10-02,66.3,20.2,76.87,0.14,Italy
2007-10-03,67.54,17.4,77.8,0.13,Italy
2007-10-04,70.95,17.35,77.84,0.12,Italy
2007-10-05,71.12,17.9,79.05,0.12,Italy
2007-10-06,68.57,17.85,78.35,0.12,Italy
2007-10-07,66.01,17.8,77.64,0.12,Italy
2007-10-08,63.46,17.75,76.94,0.11,Italy
2007-10-09,66.34,18.25,77.82,0.11,Italy
2007-10-10,68.21,17.5,77.85,0.1,Italy
2007-10-11,66.8,19.1,80.83,0.09,Italy
2007-10-12,64.7,17.5,80.82,0.09,Italy
2007-10-13,65.33,17.47,81.38,0.09,Italy
2007-10-14,65.96,17.43,81.94,0.09,Italy
2007-10-15,66.59,17.4,82.5,0.09,Italy
2007-10-16,65.55,19.65,84.43,0.08,Italy
2007-10-17,66.92,20.7,85.24,0.08,Italy
2007-10-18,71.15,21.85,85.03,0.08,Italy
2007-10-19,73.96,21.0,84.25,0.08,Italy
2007-10-20,78.0,21.9,83.74,0.08,Italy
2007-10-21,82.05,22.8,83.23,0.08,Italy
2007-10-22,86.09,23.7,82.72,0.08,Italy
2007-10-23,84.33,23.2,82.31,0.08,Italy
2007-10-24,78.07,23.6,83.47,0.09,Italy
2007-10-25,84.96,23.0,85.4,0.1,Italy
2007-10-26,90.35,23.0,84.71,0.1,Italy
2007-10-27,89.02,22.92,86.43,0.1,Italy
2007-10-28,87.7,22.83,88.15,0.1,Italy
2007-10-29,86.37,22.75,89.87,0.1,Italy
2007-10-30,91.0,21.3,89.87,0.1,Italy
2007-10-31,96.33,19.0,89.87,0.1,Italy
2007-11-01,58.89,17.0,90.36,0.12,Italy
2007-11-02,68.46,18.05,92.11,0.12,Italy
2007-11-03,77.23,18.7,92.13,0.12,Italy
2007-11-04,86.01,19.35,92.14,0.12,Italy
2007-11-05,94.78,20.0,92.16,0.12,Italy
2007-11-06,85.52,19.7,93.99,0.12,Italy
2007-11-07,83.76,21.0,94.85,0.12,Italy
2007-11-08,84.25,21.0,94.4,0.12,Italy
2007-11-09,83.51,21.0,92.32,0.12,Italy
2007-11-10,86.99,21.57,92.07,0.11,Italy
2007-11-11,90.46,22.13,91.81,0.11,Italy
2007-11-12,93.94,22.7,91.56,0.11,Italy
2007-11-13,94.95,24.58,89.09,0.11,Italy
2007-11-14,118.01,25.75,90.73,0.11,Italy
2007-11-15,118.09,24.65,90.32,0.13,Italy
2007-11-16,122.0,24.33,91.99,0.13,Italy
2007-11-17,119.85,24.57,91.86,0.14,Italy
2007-11-18,117.69,24.81,91.72,0.15,Italy
2007-11-19,115.54,25.05,91.59,0.17,Italy
2007-11-20,116.25,25.95,94.13,0.17,Italy
2007-11-21,120.98,24.5,94.97,0.21,Italy
2007-11-22,117.0,24.58,94.97,0.22,Italy
2007-11-23,104.77,22.23,95.33,0.23,Italy
2007-11-24,101.64,22.05,95.18,0.22,Italy
2007-11-25,98.52,21.88,95.03,0.22,Italy
2007-11-26,95.39,21.7,94.88,0.22,Italy
2007-11-27,99.03,22.3,93.23,0.22,Italy
2007-11-28,93.23,22.1,91.64,0.23,Italy
2007-11-29,79.26,20.5,92.34,0.24,Italy
2007-11-30,79.39,20.25,88.71,0.23,Italy
2007-12-01,78.87,20.35,88.42,0.24,Italy
2007-12-02,78.35,20.45,88.14,0.24,Italy
2007-12-03,77.83,20.55,87.85,0.24,Italy
2007-12-04,85.32,19.5,89.97,0.25,Italy
2007-12-05,85.01,20.35,90.7,0.24,Italy
2007-12-06,85.72,20.3,88.46,0.24,Italy
2007-12-07,85.16,21.85,88.46,0.24,Italy
2007-12-08,87.21,22.18,88.08,0.24,Italy
2007-12-09,89.27,22.5,87.71,0.24,Italy
2007-12-10,91.32,22.83,87.33,0.24,Italy
2007-12-11,91.14,22.7,87.77,0.24,Italy
2007-12-12,90.43,23.45,91.69,0.24,Italy
2007-12-13,91.82,23.88,92.57,0.25,Italy
2007-12-14,92.11,24.0,91.86,0.24,Italy
2007-12-15,91.2,24.27,91.35,0.25,Italy
2007-12-16,90.3,24.53,90.83,0.25,Italy
2007-12-17,89.39,24.8,90.32,0.26,Italy
2007-12-18,97.88,24.5,90.71,0.27,Italy
2007-12-19,106.03,23.4,90.98,0.28,Italy
2007-12-20,111.09,24.5,91.06,0.27,Italy
2007-12-21,96.54,24.5,91.03,0.28,Italy
2007-12-22,87.35,24.29,91.22,0.28,Italy
2007-12-23,78.15,24.09,91.4,0.27,Italy
2007-12-24,68.96,23.88,91.59,0.27,Italy
2007-12-25,59.59,23.88,91.59,0.24,Italy
2007-12-26,65.7,23.88,91.59,0.23,Italy
2007-12-27,81.35,22.5,95.66,0.2,Italy
2007-12-28,80.75,23.55,95.92,0.2,Italy
2007-12-29,74.28,24.7,95.17,0.2,Italy
2007-12-30,67.81,25.85,94.43,0.2,Italy
2007-12-31,61.34,27.0,93.68,0.21,Italy
2008-01-01,63.13,27.0,93.68,0.19,Italy
2008-01-02,84.93,25.4,97.01,0.24,Italy
2008-01-03,86.34,24.6,98.45,0.24,Italy
2008-01-04,92.96,24.5,96.87,0.28,Italy
2008-01-05,95.1,24.73,95.98,0.28,Italy
2008-01-06,97.23,24.97,95.08,0.28,Italy
2008-01-07,99.37,25.2,94.19,0.28,Italy
2008-01-08,97.52,25.7,96.37,0.27,Italy
2008-01-09,96.93,24.75,96.76,0.29,Italy
2008-01-10,96.87,25.75,92.8,0.29,Italy
2008-01-11,86.99,25.5,91.86,0.29,Italy
2008-01-12,90.61,25.42,92.1,0.29,Italy
2008-01-13,94.23,25.33,92.34,0.28,Italy
2008-01-14,97.85,25.25,92.58,0.28,Italy
2008-01-15,100.23,25.0,90.87,0.34,Italy
2008-01-16,93.79,24.45,88.1,0.37,Italy
2008-01-17,91.08,22.0,88.96,0.38,Italy
2008-01-18,94.66,23.23,89.66,0.37,Italy
2008-01-19,86.43,22.8,89.66,0.4,Italy
2008-01-20,78.2,22.38,89.66,0.43,Italy
2008-01-21,69.97,21.95,89.66,0.46,Italy
2008-01-22,85.09,22.75,88.11,0.51,Italy
2008-01-23,89.37,22.55,87.06,0.54,Italy
2008-01-24,84.15,22.65,87.69,0.54,Italy
2008-01-25,93.35,23.7,90.96,0.57,Italy
2008-01-26,89.17,23.73,90.94,0.57,Italy
2008-01-27,84.99,23.77,90.93,0.57,Italy
2008-01-28,80.81,23.8,90.91,0.58,Italy
2008-01-29,91.88,24.18,92.49,0.56,Italy
2008-01-30,87.25,24.75,92.46,0.56,Italy
2008-01-31,91.74,23.4,91.58,0.54,Italy
2008-02-01,93.12,22.38,91.41,0.53,Italy
2008-02-02,90.52,22.05,91.3,0.52,Italy
2008-02-03,87.92,21.73,91.2,0.51,Italy
2008-02-04,85.32,21.4,91.09,0.5,Italy
2008-02-05,90.84,21.95,89.6,0.56,Italy
2008-02-06,89.93,22.0,88.73,0.55,Italy
2008-02-07,80.12,23.5,88.55,0.54,Italy
2008-02-08,79.06,22.5,91.45,0.52,Italy
2008-02-09,80.78,22.57,92.28,0.51,Italy
2008-02-10,82.51,22.63,93.1,0.51,Italy
2008-02-11,84.23,22.7,93.93,0.5,Italy
2008-02-12,93.24,22.5,94.28,0.49,Italy
2008-02-13,81.66,22.6,93.82,0.46,Italy
2008-02-14,84.52,23.25,95.92,0.44,Italy
2008-02-15,84.82,23.45,96.96,0.43,Italy
2008-02-16,83.51,23.4,96.96,0.42,Italy
2008-02-17,82.2,23.35,96.96,0.41,Italy
2008-02-18,80.89,23.3,96.96,0.4,Italy
2008-02-19,89.4,23.65,97.03,0.39,Italy
2008-02-20,90.89,22.0,97.88,0.38,Italy
2008-02-21,83.01,22.2,97.52,0.36,Italy
2008-02-22,77.23,22.5,96.07,0.35,Italy
2008-02-23,77.85,22.7,96.52,0.34,Italy
2008-02-24,78.48,22.9,96.98,0.34,Italy
2008-02-25,79.1,23.1,97.43,0.33,Italy
2008-02-26,75.93,23.0,99.05,0.3,Italy
2008-02-27,77.77,23.35,98.28,0.31,Italy
2008-02-28,85.44,23.05,99.83,0.34,Italy
2008-02-29,77.3,23.6,100.9,0.34,Italy
2008-03-01,75.84,23.72,101.21,0.34,Italy
2008-03-02,74.38,23.83,101.52,0.35,Italy
2008-03-03,72.92,23.95,101.83,0.35,Italy
2008-03-04,78.04,23.65,98.6,0.35,Italy
2008-03-05,75.38,23.3,100.95,0.34,Italy
2008-03-06,76.34,23.13,103.47,0.35,Italy
2008-03-07,80.46,23.65,104.66,0.38,Italy
2008-03-08,78.33,23.69,104.88,0.38,Italy
2008-03-09,76.21,23.74,105.11,0.39,Italy
2008-03-10,74.08,23.78,105.33,0.39,Italy
2008-03-11,76.73,23.7,106.78,0.4,Italy
2008-03-12,73.95,23.6,107.99,0.4,Italy
2008-03-13,70.58,23.6,109.18,0.42,Italy
2008-03-14,76.55,23.4,109.16,0.44,Italy
2008-03-15,75.4,23.48,107.58,0.46,Italy
2008-03-16,74.25,23.57,105.99,0.48,Italy
2008-03-17,73.1,23.65,104.41,0.5,Italy
2008-03-18,77.23,23.6,105.35,0.54,Italy
2008-03-19,84.92,23.8,102.65,0.54,Italy
2008-03-20,76.98,23.95,99.78,0.57,Italy
2008-03-21,66.93,23.95,99.78,0.56,Italy
2008-03-22,62.71,23.95,100.16,0.56,Italy
2008-03-23,58.49,23.95,100.55,0.55,Italy
2008-03-24,54.27,23.95,100.93,0.55,Italy
2008-03-25,71.64,23.65,99.91,0.6,Italy
2008-03-26,97.53,23.5,102.83,0.61,Italy
2008-03-27,80.9,23.75,103.89,0.6,Italy
2008-03-28,78.67,23.5,102.68,0.59,Italy
2008-03-29,84.24,23.83,102.56,0.58,Italy
2008-03-30,89.81,24.17,102.45,0.58,Italy
2008-03-31,95.38,24.5,102.33,0.57,Italy
2008-04-01,83.83,24.8,98.69,0.58,Italy
2008-04-02,78.16,25.3,98.85,0.56,Italy
2008-04-03,81.12,25.05,102.31,0.53,Italy
2008-04-04,79.25,25.13,102.21,0.51,Italy
2008-04-05,82.86,25.22,103.47,0.5,Italy
2008-04-06,86.46,25.31,104.72,0.49,Italy
2008-04-07,90.07,25.4,105.98,0.48,Italy
2008-04-08,101.17,25.35,105.05,0.46,Italy
2008-04-09,101.21,25.2,107.46,0.45,Italy
2008-04-10,100.59,25.15,107.37,0.43,Italy
2008-04-11,87.96,26.0,107.15,0.43,Italy
2008-04-12,88.14,26.23,107.54,0.42,Italy
2008-04-13,88.33,26.47,107.93,0.41,Italy
2008-04-14,88.51,26.7,108.32,0.4,Italy
2008-04-15,90.55,26.2,110.84,0.39,Italy
2008-04-16,98.42,26.03,110.95,0.41,Italy
2008-04-17,88.57,25.45,111.34,0.41,Italy
2008-04-18,91.2,25.0,110.67,0.4,Italy
2008-04-19,89.09,25.1,110.9,0.4,Italy
2008-04-20,86.98,25.2,111.12,0.39,Italy
2008-04-21,84.87,25.3,111.35,0.39,Italy
2008-04-22,84.64,26.75,113.54,0.38,Italy
2008-04-23,78.17,27.0,115.34,0.37,Italy
2008-04-24,81.43,27.4,114.85,0.38,Italy
2008-04-25,66.68,26.4,116.62,0.37,Italy
2008-04-26,69.93,26.28,116.31,0.36,Italy
2008-04-27,73.19,26.15,116.01,0.35,Italy
2008-04-28,76.44,26.03,115.7,0.35,Italy
2008-04-29,77.79,25.25,113.86,0.34,Italy
2008-04-30,81.48,25.68,111.12,0.33,Italy
2008-05-01,49.19,24.25,107.3,0.31,Italy
2008-05-02,73.64,24.6,111.92,0.31,Italy
2008-05-03,80.52,24.6,113.17,0.3,Italy
2008-05-04,87.41,24.6,114.43,0.29,Italy
2008-05-05,94.29,24.6,115.68,0.29,Italy
2008-05-06,91.43,25.8,119.88,0.26,Italy
2008-05-07,87.16,24.4,120.27,0.25,Italy
2008-05-08,86.38,25.1,119.85,0.23,Italy
2008-05-09,80.47,23.5,123.54,0.24,Italy
2008-05-10,78.67,24.08,123.32,0.24,Italy
2008-05-11,76.87,24.65,123.11,0.23,Italy
2008-05-12,75.07,25.23,122.89,0.22,Italy
2008-05-13,86.52,25.3,123.11,0.21,Italy
2008-05-14,92.6,25.13,121.18,0.2,Italy
2008-05-15,89.65,25.3,122.76,0.18,Italy
2008-05-16,85.52,25.75,122.98,0.17,Italy
2008-05-17,85.39,25.63,122.72,0.17,Italy
2008-05-18,85.25,25.52,122.45,0.16,Italy
2008-05-19,85.12,25.4,122.19,0.16,Italy
2008-05-20,77.25,25.35,124.12,0.19,Italy
2008-05-21,76.7,24.2,127.28,0.23,Italy
2008-05-22,86.06,24.1,129.04,0.24,Italy
2008-05-23,83.83,25.0,129.72,0.26,Italy
2008-05-24,82.61,25.0,129.72,0.26,Italy
2008-05-25,81.39,25.0,129.72,0.26,Italy
2008-05-26,80.17,25.0,129.72,0.26,Italy
2008-05-27,82.18,25.6,128.92,0.26,Italy
2008-05-28,80.16,25.8,128.93,0.26,Italy
2008-05-29,80.36,25.4,129.33,0.27,Italy
2008-05-30,80.09,25.5,127.85,0.26,Italy
2008-05-31,78.46,25.43,128.07,0.26,Italy
2008-06-01,76.83,25.37,128.28,0.26,Italy
2008-06-02,75.2,25.3,128.5,0.26,Italy
2008-06-03,94.86,25.45,126.28,0.27,Italy
2008-06-04,87.48,24.75,121.72,0.27,Italy
2008-06-05,84.09,25.15,122.36,0.26,Italy
2008-06-06,81.92,25.2,132.81,0.31,Italy
2008-06-07,82.08,25.35,133.35,0.33,Italy
2008-06-08,82.25,25.5,133.89,0.35,Italy
2008-06-09,82.41,25.65,134.43,0.37,Italy
2008-06-10,94.56,26.8,135.24,0.41,Italy
2008-06-11,90.1,27.75,134.52,0.43,Italy
2008-06-12,80.42,28.4,132.11,0.43,Italy
2008-06-13,73.8,27.25,134.29,0.43,Italy
2008-06-14,74.16,27.08,134.16,0.43,Italy
2008-06-15,74.53,26.92,134.03,0.43,Italy
2008-06-16,74.89,26.75,133.9,0.42,Italy
2008-06-17,75.08,26.15,131.27,0.41,Italy
2008-06-18,76.92,27.85,129.12,0.41,Italy
2008-06-19,75.09,27.05,131.84,0.42,Italy
2008-06-20,85.08,27.25,134.28,0.44,Italy
2008-06-21,85.04,27.22,134.37,0.43,Italy
2008-06-22,85.01,27.18,134.45,0.43,Italy
2008-06-23,84.97,27.15,134.54,0.43,Italy
2008-06-24,100.45,27.6,135.37,0.41,Italy
2008-06-25,105.49,26.6,131.59,0.4,Italy
2008-06-26,105.71,26.5,136.82,0.42,Italy
2008-06-27,107.55,25.5,139.38,0.39,Italy
2008-06-28,109.35,26.17,139.05,0.39,Italy
2008-06-29,111.15,26.83,138.73,0.38,Italy
2008-06-30,112.95,27.5,138.4,0.38,Italy
2008-07-01,116.5,26.85,140.67,0.37,Italy
2008-07-02,114.26,26.2,141.24,0.36,Italy
2008-07-03,112.41,26.6,143.95,0.37,Italy
2008-07-04,103.88,27.0,143.95,0.38,Italy
2008-07-05,105.95,26.98,142.51,0.38,Italy
2008-07-06,108.03,26.97,141.06,0.38,Italy
2008-07-07,110.1,26.95,139.62,0.38,Italy
2008-07-08,109.15,27.15,134.15,0.37,Italy
2008-07-09,114.21,27.25,133.91,0.35,Italy
2008-07-10,115.2,26.53,135.81,0.34,Italy
2008-07-11,113.95,26.25,143.68,0.34,Italy
2008-07-12,109.46,26.23,143.26,0.33,Italy
2008-07-13,104.97,26.22,142.85,0.33,Italy
2008-07-14,100.48,26.2,142.43,0.32,Italy
2008-07-15,113.06,26.2,136.02,0.3,Italy
2008-07-16,109.49,26.5,133.31,0.29,Italy
2008-07-17,108.88,26.35,134.16,0.28,Italy
2008-07-18,93.86,25.8,129.34,0.29,Italy
2008-07-19,90.87,25.83,129.34,0.29,Italy
2008-07-20,87.88,25.87,129.34,0.29,Italy
2008-07-21,84.89,25.9,129.34,0.29,Italy
2008-07-22,92.43,25.7,127.18,0.28,Italy
2008-07-23,87.37,26.2,126.86,0.27,Italy
2008-07-24,91.89,25.75,125.43,0.3,Italy
2008-07-25,91.45,25.15,124.7,0.3,Italy
2008-07-26,88.01,23.77,125.02,0.31,Italy
2008-07-27,84.57,22.38,125.35,0.31,Italy
2008-07-28,81.13,21.0,125.67,0.31,Italy
2008-07-29,94.2,16.0,125.77,0.3,Italy
2008-07-30,95.11,19.0,122.46,0.3,Italy
2008-07-31,98.25,20.5,124.1,0.29,Italy
2008-08-01,110.81,20.5,124.16,0.29,Italy
2008-08-02,105.08,20.0,123.4,0.29,Italy
2008-08-03,99.34,19.5,122.63,0.29,Italy
2008-08-04,93.61,19.0,121.87,0.29,Italy
2008-08-05,89.63,20.05,116.5,0.28,Italy
2008-08-06,96.63,19.5,114.47,0.26,Italy
2008-08-07,95.86,20.5,116.94,0.26,Italy
2008-08-08,98.03,24.3,113.03,0.29,Italy
2008-08-09,98.36,24.62,112.2,0.3,Italy
2008-08-10,98.69,24.93,111.37,0.31,Italy
2008-08-11,99.02,25.25,110.54,0.32,Italy
2008-08-12,90.43,25.1,108.98,0.36,Italy
2008-08-13,87.67,23.65,110.68,0.39,Italy
2008-08-14,94.76,22.85,111.82,0.4,Italy
2008-08-15,76.21,23.8,108.8,0.4,Italy
2008-08-16,77.0,23.72,108.98,0.39,Italy
2008-08-17,77.8,23.63,109.15,0.39,Italy
2008-08-18,78.59,23.55,109.33,0.39,Italy
2008-08-19,92.01,23.88,109.02,0.39,Italy
2008-08-20,87.63,24.9,108.72,0.37,Italy
2008-08-21,93.45,25.68,117.24,0.38,Italy
2008-08-22,94.49,27.5,113.99,0.38,Italy
2008-08-23,93.54,27.5,112.57,0.39,Italy
2008-08-24,92.6,27.5,111.16,0.39,Italy
2008-08-25,91.65,27.5,109.74,0.4,Italy
2008-08-26,99.97,26.0,112.2,0.39,Italy
2008-08-27,99.64,27.0,113.05,0.4,Italy
2008-08-28,95.48,26.35,113.54,0.38,Italy
2008-08-29,96.0,27.88,113.49,0.36,Italy
2008-08-30,98.42,28.15,113.49,0.36,Italy
2008-08-31,100.83,28.43,113.49,0.36,Italy
2008-09-01,103.25,28.7,113.49,0.36,Italy
2008-09-02,111.77,29.45,104.94,0.36,Italy
2008-09-03,101.35,29.4,103.88,0.35,Italy
2008-09-04,108.0,28.35,103.41,0.47,Italy
2008-09-05,102.4,29.2,102.51,0.49,Italy
2008-09-06,103.94,29.35,102.03,0.5,Italy
2008-09-07,105.47,29.5,101.56,0.51,Italy
2008-09-08,107.01,29.65,101.08,0.51,Italy
2008-09-09,107.93,29.4,98.94,0.51,Italy
2008-09-10,107.23,29.85,96.0,0.52,Italy
2008-09-11,111.25,29.7,96.01,0.51,Italy
2008-09-12,107.58,30.6,94.37,0.54,Italy
2008-09-13,102.94,30.73,93.06,0.55,Italy
2008-09-14,98.29,30.87,91.76,0.55,Italy
2008-09-15,93.65,31.0,90.45,0.56,Italy
2008-09-16,105.58,31.15,85.85,0.55,Italy
2008-09-17,102.32,31.6,86.09,0.56,Italy
2008-09-18,96.38,30.95,90.89,0.52,Italy
2008-09-19,97.87,31.3,93.46,0.51,Italy
2008-09-20,96.94,31.2,95.78,0.52,Italy
2008-09-21,96.01,31.1,98.11,0.53,Italy
2008-09-22,95.08,31.0,100.43,0.53,Italy
2008-09-23,90.64,30.85,100.72,0.56,Italy
2008-09-24,101.34,30.65,102.09,0.57,Italy
2008-09-25,106.3,30.8,100.45,0.58,Italy
2008-09-26,96.04,31.2,100.88,0.6,Italy
2008-09-27,100.34,31.22,99.24,0.62,Italy
2008-09-28,104.63,31.23,97.6,0.65,Italy
2008-09-29,108.93,31.25,95.96,0.67,Italy
2008-09-30,97.14,30.2,93.52,0.7,Italy
2008-10-01,95.82,28.95,92.19,0.71,Italy
2008-10-02,95.71,27.15,88.88,0.75,Italy
2008-10-03,79.35,26.8,88.95,0.75,Italy
2008-10-04,87.75,26.67,87.54,0.77,Italy
2008-10-05,96.14,26.53,86.12,0.79,Italy
2008-10-06,104.54,26.4,84.71,0.8,Italy
2008-10-07,117.77,25.65,83.17,0.82,Italy
2008-10-08,112.2,25.35,80.77,0.86,Italy
2008-10-09,119.39,23.7,81.65,0.87,Italy
2008-10-10,110.19,22.5,74.58,0.89,Italy
2008-10-11,106.3,22.45,74.51,0.89,Italy
2008-10-12,102.4,22.4,74.44,0.89,Italy
2008-10-13,98.51,22.35,74.37,0.88,Italy
2008-10-14,108.03,25.0,74.98,0.89,Italy
2008-10-15,107.62,22.0,66.86,0.9,Italy
2008-10-16,95.23,22.0,64.14,0.9,Italy
2008-10-17,115.92,21.05,66.05,0.9,Italy
2008-10-18,110.83,21.86,66.52,0.89,Italy
2008-10-19,105.74,22.67,66.98,0.89,Italy
2008-10-20,100.65,23.48,67.45,0.88,Italy
2008-10-21,96.62,24.5,65.99,0.89,Italy
2008-10-22,108.57,28.5,62.95,0.92,Italy
2008-10-23,110.62,25.2,65.06,0.92,Italy
2008-10-24,98.57,29.0,60.57,0.92,Italy
2008-10-25,97.79,29.55,60.16,0.92,Italy
2008-10-26,97.02,30.1,59.75,0.92,Italy
2008-10-27,96.24,30.65,59.34,0.93,Italy
2008-10-28,112.88,30.65,58.87,0.91,Italy
2008-10-29,112.44,29.75,64.0,0.91,Italy
2008-10-30,102.03,29.9,60.86,0.9,Italy
2008-10-31,87.32,30.75,60.0,0.91,Italy
2008-11-01,86.01,30.33,60.11,0.91,Italy
2008-11-02,84.7,29.92,60.21,0.91,Italy
2008-11-03,83.39,29.5,60.32,0.91,Italy
2008-11-04,80.2,29.0,62.78,0.91,Italy
2008-11-05,84.86,28.0,61.09,0.91,Italy
2008-11-06,87.09,26.7,56.14,0.92,Italy
2008-11-07,88.57,24.83,56.84,0.92,Italy
2008-11-08,84.8,23.72,56.92,0.91,Italy
2008-11-09,81.02,22.61,57.0,0.91,Italy
2008-11-10,77.25,21.5,57.08,0.91,Italy
2008-11-11,94.62,19.4,54.76,0.9,Italy
2008-11-12,85.18,19.3,52.47,0.91,Italy
2008-11-13,97.98,19.0,51.32,0.91,Italy
2008-11-14,97.31,18.5,50.7,0.91,Italy
2008-11-15,93.11,19.64,50.74,0.91,Italy
2008-11-16,88.9,20.79,50.78,0.91,Italy
2008-11-17,84.7,21.93,50.82,0.91,Italy
2008-11-18,92.4,22.5,49.1,0.9,Italy
2008-11-19,101.76,22.4,48.35,0.93,Italy
2008-11-20,86.93,23.45,45.79,0.94,Italy
2008-11-21,74.94,25.1,44.91,0.94,Italy
2008-11-22,81.1,24.78,46.44,0.94,Italy
2008-11-23,87.26,24.47,47.98,0.94,Italy
2008-11-24,93.42,24.15,49.51,0.94,Italy
2008-11-25,101.12,23.55,47.51,0.93,Italy
2008-11-26,104.78,23.8,49.39,0.93,Italy
2008-11-27,94.72,24.0,49.39,0.92,Italy
2008-11-28,90.25,24.1,47.72,0.92,Italy
2008-11-29,89.38,23.9,47.67,0.93,Italy
2008-11-30,88.52,23.7,47.63,0.93,Italy
2008-12-01,87.65,23.5,47.58,0.94,Italy
2008-12-02,94.08,22.93,45.64,0.93,Italy
2008-12-03,91.84,21.7,44.39,0.91,Italy
2008-12-04,79.45,22.05,43.83,0.92,Italy
2008-12-05,88.04,21.7,37.04,0.93,Italy
2008-12-06,89.6,21.77,38.03,0.93,Italy
2008-12-07,91.16,21.83,39.03,0.93,Italy
2008-12-08,92.72,21.9,40.02,0.94,Italy
2008-12-09,113.6,21.6,39.77,0.93,Italy
2008-12-10,100.15,22.5,39.34,0.93,Italy
2008-12-11,88.31,23.25,43.54,0.93,Italy
2008-12-12,85.88,22.88,42.38,0.93,Italy
2008-12-13,85.43,23.12,43.26,0.93,Italy
2008-12-14,84.97,23.36,44.14,0.93,Italy
2008-12-15,84.52,23.6,45.02,0.93,Italy
2008-12-16,87.07,21.85,42.0,0.93,Italy
2008-12-17,85.28,21.35,41.84,0.93,Italy
2008-12-18,78.29,20.1,40.19,0.93,Italy
2008-12-19,82.01,21.5,39.52,0.93,Italy
2008-12-20,81.0,20.7,39.04,0.93,Italy
2008-12-21,80.0,19.9,38.56,0.93,Italy
2008-12-22,78.99,19.1,38.08,0.93,Italy
2008-12-23,71.36,18.55,35.27,0.92,Italy
2008-12-24,61.0,20.75,34.45,0.91,Italy
2008-12-25,83.29,20.75,34.45,0.9,Italy
2008-12-26,61.6,20.75,33.73,0.89,Italy
2008-12-27,67.62,21.45,33.87,0.88,Italy
2008-12-28,73.64,22.15,34.02,0.88,Italy
2008-12-29,79.66,22.85,34.16,0.88,Italy
2008-12-30,76.8,22.5,35.22,0.87,Italy
2008-12-31,71.2,20.85,35.82,0.86,Italy
2009-01-01,66.94,20.85,35.82,0.83,Italy
2009-01-02,101.94,22.6,42.94,0.84,Italy
2009-01-03,100.54,22.5,43.91,0.85,Italy
2009-01-04,99.13,22.4,44.87,0.85,Italy
2009-01-05,97.73,22.3,45.84,0.85,Italy
2009-01-06,87.69,26.0,48.89,0.85,Italy
2009-01-07,100.17,25.25,46.23,0.84,Italy
2009-01-08,84.71,31.75,42.94,0.85,Italy
2009-01-09,78.47,28.25,42.34,0.88,Italy
2009-01-10,80.73,26.45,41.85,0.88,Italy
2009-01-11,82.98,24.65,41.35,0.88,Italy
2009-01-12,85.24,22.85,40.86,0.88,Italy
2009-01-13,83.1,23.0,43.05,0.89,Italy
2009-01-14,87.58,25.0,42.27,0.91,Italy
2009-01-15,87.38,24.75,42.32,0.91,Italy
2009-01-16,82.99,24.3,43.42,0.91,Italy
2009-01-17,83.76,22.98,43.42,0.91,Italy
2009-01-18,84.53,21.67,43.42,0.91,Italy
2009-01-19,85.3,20.35,43.42,0.9,Italy
2009-01-20,87.91,20.0,41.22,0.9,Italy
2009-01-21,89.93,19.3,39.9,0.9,Italy
2009-01-22,82.44,19.0,42.42,0.91,Italy
2009-01-23,75.59,21.25,43.13,0.9,Italy
2009-01-24,76.23,21.17,44.75,0.9,Italy
2009-01-25,76.87,21.08,46.38,0.9,Italy
2009-01-26,77.51,21.0,48.0,0.9,Italy
2009-01-27,73.47,21.6,42.86,0.9,Italy
2009-01-28,87.97,22.75,42.86,0.89,Italy
2009-01-29,84.13,24.0,43.13,0.89,Italy
2009-01-30,82.48,24.8,44.17,0.89,Italy
2009-01-31,78.45,24.53,43.77,0.89,Italy
2009-02-01,74.41,24.27,43.36,0.88,Italy
2009-02-02,70.38,24.0,42.96,0.88,Italy
2009-02-03,74.96,22.4,43.15,0.88,Italy
2009-02-04,80.05,22.45,43.68,0.86,Italy
2009-02-05,78.89,22.0,43.92,0.86,Italy
2009-02-06,85.71,22.55,44.49,0.85,Italy
2009-02-07,83.71,22.53,45.4,0.85,Italy
2009-02-08,81.7,22.52,46.32,0.84,Italy
2009-02-09,79.7,22.5,47.23,0.84,Italy
2009-02-10,80.25,22.25,45.88,0.84,Italy
2009-02-11,75.59,20.0,44.24,0.85,Italy
2009-02-12,81.32,18.25,47.23,0.86,Italy
2009-02-13,83.62,16.25,43.36,0.85,Italy
2009-02-14,82.26,15.75,43.36,0.85,Italy
2009-02-15,80.91,15.25,43.36,0.85,Italy
2009-02-16,79.55,14.75,43.36,0.85,Italy
2009-02-17,74.67,16.6,39.69,0.86,Italy
2009-02-18,73.9,15.9,39.41,0.86,Italy
2009-02-19,78.14,14.75,42.36,0.86,Italy
2009-02-20,78.17,14.5,42.19,0.87,Italy
2009-02-21,79.01,14.17,41.88,0.87,Italy
2009-02-22,79.84,13.83,41.58,0.87,Italy
2009-02-23,80.68,13.5,41.27,0.86,Italy
2009-02-24,79.13,13.5,40.18,0.86,Italy
2009-02-25,72.86,12.9,42.37,0.84,Italy
2009-02-26,71.78,13.7,45.15,0.84,Italy
2009-02-27,83.03,11.75,44.41,0.83,Italy
2009-02-28,79.74,12.18,43.81,0.83,Italy
2009-03-01,76.46,12.62,43.2,0.84,Italy
2009-03-02,73.17,13.05,42.6,0.84,Italy
2009-03-03,77.08,13.4,42.72,0.83,Italy
2009-03-04,70.58,13.35,46.07,0.82,Italy
2009-03-05,67.69,12.5,44.45,0.83,Italy
2009-03-06,83.78,12.75,43.48,0.84,Italy
2009-03-07,81.2,12.72,43.84,0.84,Italy
2009-03-08,78.62,12.68,44.19,0.83,Italy
2009-03-09,76.04,12.65,44.55,0.83,Italy
2009-03-10,78.87,12.6,44.99,0.82,Italy
2009-03-11,66.92,11.8,43.2,0.84,Italy
2009-03-12,64.77,11.2,42.19,0.84,Italy
2009-03-13,60.67,10.75,44.97,0.82,Italy
2009-03-14,63.31,11.18,44.69,0.81,Italy
2009-03-15,65.95,11.62,44.4,0.81,Italy
2009-03-16,68.59,12.05,44.12,0.8,Italy
2009-03-17,72.08,12.25,45.53,0.78,Italy
2009-03-18,68.14,11.5,45.22,0.83,Italy
2009-03-19,72.77,11.5,48.03,0.84,Italy
2009-03-20,68.0,11.9,49.27,0.84,Italy
2009-03-21,68.11,12.18,50.13,0.84,Italy
2009-03-22,68.22,12.47,50.98,0.85,Italy
2009-03-23,68.33,12.75,51.84,0.85,Italy
2009-03-24,64.05,13.25,51.32,0.84,Italy
2009-03-25,70.89,12.15,51.46,0.82,Italy
2009-03-26,70.18,12.25,51.89,0.81,Italy
2009-03-27,67.59,11.95,50.81,0.84,Italy
2009-03-28,73.71,11.63,50.22,0.84,Italy
2009-03-29,79.82,11.32,49.64,0.84,Italy
2009-03-30,85.94,11.0,49.05,0.84,Italy
2009-03-31,73.11,11.8,46.13,0.84,Italy
2009-04-01,70.76,12.55,45.92,0.83,Italy
2009-04-02,58.01,11.7,50.89,0.84,Italy
2009-04-03,67.22,12.05,50.48,0.84,Italy
2009-04-04,66.67,12.03,50.62,0.83,Italy
2009-04-05,66.11,12.02,50.77,0.83,Italy
2009-04-06,65.56,12.0,50.91,0.82,Italy
2009-04-07,69.22,12.1,50.62,0.82,Italy
2009-04-08,62.11,11.7,52.06,0.81,Italy
2009-04-09,60.1,11.2,52.33,0.79,Italy
2009-04-10,49.73,11.2,52.33,0.77,Italy
2009-04-11,46.65,11.2,51.8,0.77,Italy
2009-04-12,43.58,11.2,51.26,0.76,Italy
2009-04-13,40.5,11.2,50.73,0.76,Italy
2009-04-14,64.14,11.15,52.06,0.76,Italy
2009-04-15,59.04,11.25,51.31,0.76,Italy
2009-04-16,56.89,10.9,51.83,0.74,Italy
2009-04-17,45.16,11.0,52.02,0.73,Italy
2009-04-18,52.88,10.88,51.03,0.73,Italy
2009-04-19,60.59,10.77,50.05,0.74,Italy
2009-04-20,68.31,10.65,49.06,0.74,Italy
2009-04-21,70.99,10.2,48.69,0.73,Italy
2009-04-22,70.99,11.1,48.5,0.7,Italy
2009-04-23,62.98,11.3,48.29,0.7,Italy
2009-04-24,63.67,11.5,50.29,0.68,Italy
2009-04-25,62.16,11.58,49.75,0.68,Italy
2009-04-26,60.65,11.67,49.21,0.68,Italy
2009-04-27,59.14,11.75,48.67,0.68,Italy
2009-04-28,53.82,11.2,48.64,0.68,Italy
2009-04-29,54.0,11.2,50.22,0.66,Italy
2009-04-30,52.02,10.3,50.3,0.64,Italy
2009-05-01,54.71,11.0,51.75,0.63,Italy
2009-05-02,58.65,11.25,52.25,0.63,Italy
2009-05-03,62.59,11.5,52.76,0.63,Italy
2009-05-04,66.53,11.75,53.26,0.63,Italy
2009-05-05,59.87,11.1,53.16,0.61,Italy
2009-05-06,55.91,11.35,55.07,0.57,Italy
2009-05-07,59.04,11.3,56.63,0.59,Italy
2009-05-08,63.62,10.9,56.02,0.59,Italy
2009-05-09,63.68,10.85,56.01,0.6,Italy
2009-05-10,63.74,10.8,56.0,0.6,Italy
2009-05-11,63.8,10.75,55.99,0.6,Italy
2009-05-12,55.66,10.95,56.52,0.6,Italy
2009-05-13,51.73,11.25,56.84,0.61,Italy
2009-05-14,62.08,11.0,56.25,0.6,Italy
2009-05-15,55.07,11.2,56.33,0.61,Italy
2009-05-16,55.68,11.22,56.39,0.62,Italy
2009-05-17,56.28,11.23,56.45,0.62,Italy
2009-05-18,56.89,11.25,56.51,0.62,Italy
2009-05-19,57.71,11.75,57.12,0.62,Italy
2009-05-20,62.88,11.0,59.1,0.61,Italy
2009-05-21,59.68,11.15,58.02,0.59,Italy
2009-05-22,55.81,11.15,58.7,0.6,Italy
2009-05-23,61.22,11.15,58.7,0.6,Italy
2009-05-24,66.62,11.15,58.7,0.6,Italy
2009-05-25,72.03,11.15,58.7,0.59,Italy
2009-05-26,63.53,10.3,59.05,0.55,Italy
2009-05-27,56.29,10.35,61.28,0.57,Italy
2009-05-28,54.8,10.5,63.47,0.56,Italy
2009-05-29,65.26,10.05,64.98,0.55,Italy
2009-05-30,57.8,10.27,65.52,0.56,Italy
2009-05-31,50.34,10.48,66.06,0.56,Italy
2009-06-01,42.88,10.7,66.6,0.56,Italy
2009-06-02,28.9,10.8,67.67,0.56,Italy
2009-06-03,48.16,10.8,66.15,0.58,Italy
2009-06-04,56.41,11.0,67.68,0.56,Italy
2009-06-05,44.08,10.55,67.77,0.56,Italy
2009-06-06,45.23,10.57,67.72,0.56,Italy
2009-06-07,46.37,10.58,67.66,0.56,Italy
2009-06-08,47.52,10.6,67.61,0.56,Italy
2009-06-09,46.03,11.0,68.94,0.54,Italy
2009-06-10,71.52,11.2,70.52,0.53,Italy
2009-06-11,60.65,10.85,71.71,0.51,Italy
2009-06-12,70.31,10.8,70.62,0.49,Italy
2009-06-13,63.0,10.82,69.91,0.51,Italy
2009-06-14,55.69,10.83,69.2,0.53,Italy
2009-06-15,48.38,10.85,68.49,0.55,Italy
2009-06-16,56.16,10.9,70.52,0.54,Italy
2009-06-17,49.66,11.3,68.95,0.53,Italy
2009-06-18,57.66,11.25,69.96,0.53,Italy
2009-06-19,62.02,10.9,70.48,0.51,Italy
2009-06-20,57.6,10.86,69.03,0.51,Italy
2009-06-21,53.17,10.82,67.58,0.52,Italy
2009-06-22,48.75,10.78,66.13,0.52,Italy
2009-06-23,59.52,10.85,66.36,0.53,Italy
2009-06-24,51.98,10.9,68.47,0.53,Italy
2009-06-25,52.83,10.3,68.82,0.56,Italy
2009-06-26,55.51,10.1,68.1,0.57,Italy
2009-06-27,57.61,10.37,68.65,0.57,Italy
2009-06-28,59.71,10.63,69.2,0.57,Italy
2009-06-29,61.81,10.9,69.75,0.57,Italy
2009-06-30,55.52,10.2,68.11,0.56,Italy
2009-07-01,79.9,9.85,68.52,0.57,Italy
2009-07-02,52.5,10.4,65.74,0.62,Italy
2009-07-03,70.88,10.5,65.74,0.61,Italy
2009-07-04,67.76,10.38,64.87,0.61,Italy
2009-07-05,64.63,10.27,63.99,0.61,Italy
2009-07-06,61.51,10.15,63.12,0.61,Italy
2009-07-07,64.16,10.3,61.54,0.6,Italy
2009-07-08,65.94,10.35,59.71,0.6,Italy
2009-07-09,66.01,9.9,59.17,0.61,Italy
2009-07-10,59.87,9.3,58.43,0.61,Italy
2009-07-11,61.72,9.17,58.37,0.61,Italy
2009-07-12,63.56,9.03,58.31,0.6,Italy
2009-07-13,65.41,8.9,58.25,0.6,Italy
2009-07-14,64.93,9.0,60.48,0.59,Italy
2009-07-15,65.38,8.55,61.25,0.62,Italy
2009-07-16,63.3,8.65,62.02,0.59,Italy
2009-07-17,54.14,8.05,63.54,0.57,Italy
2009-07-18,55.32,8.23,63.91,0.57,Italy
2009-07-19,56.5,8.42,64.27,0.57,Italy
2009-07-20,57.68,8.6,64.64,0.56,Italy
2009-07-21,55.18,9.25,65.93,0.53,Italy
2009-07-22,54.6,9.15,65.36,0.49,Italy
2009-07-23,63.02,9.45,68.06,0.49,Italy
2009-07-24,59.44,9.0,68.82,0.47,Italy
2009-07-25,57.64,9.13,69.14,0.46,Italy
2009-07-26,55.83,9.27,69.46,0.45,Italy
2009-07-27,54.03,9.4,69.78,0.44,Italy
2009-07-28,54.83,9.4,68.53,0.43,Italy
2009-07-29,79.9,9.4,65.79,0.42,Italy
2009-07-30,64.19,9.65,68.82,0.42,Italy
2009-07-31,65.7,8.85,70.08,0.43,Italy
2009-08-01,74.65,8.8,71.02,0.43,Italy
2009-08-02,83.61,8.75,71.96,0.43,Italy
2009-08-03,92.56,8.7,72.9,0.44,Italy
2009-08-04,81.56,9.4,73.82,0.4,Italy
2009-08-05,74.27,9.3,74.39,0.38,Italy
2009-08-06,61.48,9.25,74.61,0.38,Italy
2009-08-07,64.45,9.1,74.21,0.42,Italy
2009-08-08,60.89,9.15,74.07,0.42,Italy
2009-08-09,57.33,9.2,73.93,0.43,Italy
2009-08-10,53.77,9.25,73.79,0.43,Italy
2009-08-11,68.57,9.6,71.58,0.43,Italy
2009-08-12,66.2,9.35,74.03,0.42,Italy
2009-08-13,70.33,9.75,73.76,0.4,Italy
2009-08-14,58.73,9.4,71.33,0.41,Italy
2009-08-15,55.41,9.25,70.44,0.41,Italy
2009-08-16,52.08,9.1,69.54,0.42,Italy
2009-08-17,48.76,8.95,68.65,0.42,Italy
2009-08-18,66.85,9.2,68.66,0.43,Italy
2009-08-19,63.56,9.05,72.81,0.43,Italy
2009-08-20,55.19,9.05,73.75,0.42,Italy
2009-08-21,68.29,8.5,73.71,0.43,Italy
2009-08-22,74.67,8.07,73.92,0.42,Italy
2009-08-23,81.04,7.63,74.13,0.42,Italy
2009-08-24,87.42,7.2,74.34,0.41,Italy
2009-08-25,89.16,8.1,73.1,0.38,Italy
2009-08-26,87.98,7.45,70.74,0.36,Italy
2009-08-27,81.8,7.35,70.68,0.34,Italy
2009-08-28,79.46,8.2,72.8,0.32,Italy
2009-08-29,83.83,8.2,71.54,0.31,Italy
2009-08-30,88.2,8.2,70.28,0.31,Italy
2009-08-31,92.57,8.2,69.02,0.3,Italy
2009-09-01,94.99,8.9,68.78,0.29,Italy
2009-09-02,97.56,10.0,67.6,0.27,Italy
2009-09-03,96.84,8.5,66.78,0.26,Italy
2009-09-04,91.56,8.75,65.84,0.24,Italy
2009-09-05,84.34,9.07,65.84,0.24,Italy
2009-09-06,77.11,9.38,65.84,0.23,Italy
2009-09-07,69.89,9.7,65.84,0.23,Italy
2009-09-08,70.22,9.85,69.2,0.2,Italy
2009-09-09,81.58,9.1,69.76,0.19,Italy
2009-09-10,80.04,9.4,68.96,0.2,Italy
2009-09-11,68.51,9.2,68.76,0.19,Italy
2009-09-12,65.62,9.07,68.14,0.2,Italy
2009-09-13,62.74,8.93,67.53,0.2,Italy
2009-09-14,59.85,8.8,66.91,0.2,Italy
2009-09-15,62.6,9.9,66.53,0.21,Italy
2009-09-16,70.01,10.15,68.51,0.22,Italy
2009-09-17,62.02,9.8,71.56,0.23,Italy
2009-09-18,59.97,9.85,70.72,0.22,Italy
2009-09-19,57.81,9.83,69.85,0.22,Italy
2009-09-20,55.64,9.82,68.98,0.22,Italy
2009-09-21,53.48,9.8,68.11,0.22,Italy
2009-09-22,52.77,9.35,69.65,0.21,Italy
2009-09-23,56.51,9.05,67.43,0.2,Italy
2009-09-24,56.84,10.1,64.99,0.22,Italy
2009-09-25,54.9,9.0,64.6,0.22,Italy
2009-09-26,54.95,9.32,64.88,0.23,Italy
2009-09-27,55.0,9.63,65.15,0.23,Italy
2009-09-28,55.05,9.95,65.43,0.24,Italy
2009-09-29,54.86,10.05,64.63,0.24,Italy
2009-09-30,58.34,8.0,65.82,0.23,Italy
2009-10-01,63.97,7.85,67.12,0.24,Italy
2009-10-02,56.6,7.3,66.5,0.26,Italy
2009-10-03,56.56,7.23,66.09,0.26,Italy
2009-10-04,56.51,7.17,65.67,0.26,Italy
2009-10-05,56.47,7.1,65.26,0.26,Italy
2009-10-06,55.44,8.35,68.51,0.27,Italy
2009-10-07,58.8,8.6,67.65,0.27,Italy
2009-10-08,61.58,8.3,68.47,0.25,Italy
2009-10-09,56.76,9.35,69.45,0.27,Italy
2009-10-10,54.02,9.93,69.88,0.27,Italy
2009-10-11,51.27,10.52,70.32,0.27,Italy
2009-10-12,48.53,11.1,70.75,0.27,Italy
2009-10-13,49.23,11.9,70.81,0.26,Italy
2009-10-14,54.35,12.75,72.16,0.27,Italy
2009-10-15,60.93,10.75,73.14,0.31,Italy
2009-10-16,61.03,10.65,74.58,0.31,Italy
2009-10-17,67.87,10.83,75.01,0.31,Italy
2009-10-18,74.72,11.02,75.43,0.31,Italy
2009-10-19,81.56,11.2,75.86,0.31,Italy
2009-10-20,82.4,11.7,76.51,0.31,Italy
2009-10-21,63.51,11.95,77.74,0.31,Italy
2009-10-22,69.15,11.8,78.36,0.31,Italy
2009-10-23,68.05,11.35,77.72,0.31,Italy
2009-10-24,64.38,11.27,77.3,0.31,Italy
2009-10-25,60.7,11.18,76.87,0.31,Italy
2009-10-26,57.03,11.1,76.45,0.31,Italy
2009-10-27,58.3,11.0,76.69,0.32,Italy
2009-10-28,58.03,10.9,75.11,0.36,Italy
2009-10-29,62.6,11.6,77.18,0.37,Italy
2009-10-30,55.84,10.9,74.91,0.39,Italy
2009-10-31,57.5,10.47,75.13,0.39,Italy
2009-11-01,59.16,10.03,75.34,0.39,Italy
2009-11-02,60.82,9.6,75.56,0.39,Italy
2009-11-03,61.65,9.7,75.68,0.41,Italy
2009-11-04,62.0,10.0,78.21,0.42,Italy
2009-11-05,55.93,10.15,78.02,0.42,Italy
2009-11-06,51.88,10.4,75.51,0.41,Italy
2009-11-07,57.78,10.62,76.07,0.41,Italy
2009-11-08,63.69,10.83,76.62,0.41,Italy
2009-11-09,69.59,11.05,77.18,0.41,Italy
2009-11-10,58.0,10.9,77.07,0.41,Italy
2009-11-11,51.44,10.3,76.99,0.4,Italy
2009-11-12,59.36,9.8,75.18,0.4,Italy
2009-11-13,53.35,8.75,74.81,0.39,Italy
2009-11-14,51.92,8.97,75.59,0.39,Italy
2009-11-15,50.48,9.18,76.36,0.38,Italy
2009-11-16,49.05,9.4,77.14,0.38,Italy
2009-11-17,47.31,9.6,77.36,0.37,Italy
2009-11-18,47.75,9.75,78.64,0.36,Italy
2009-11-19,53.78,9.1,76.45,0.37,Italy
2009-11-20,54.55,9.05,75.61,0.35,Italy
2009-11-21,53.53,9.2,76.45,0.35,Italy
2009-11-22,52.52,9.35,77.3,0.35,Italy
2009-11-23,51.5,9.5,78.14,0.35,Italy
2009-11-24,53.7,9.55,75.35,0.33,Italy
2009-11-25,52.74,9.65,76.57,0.33,Italy
2009-11-26,56.29,9.3,76.57,0.4,Italy
2009-11-27,56.75,10.2,76.0,0.4,Italy
2009-11-28,56.01,9.72,76.59,0.4,Italy
2009-11-29,55.26,9.23,77.18,0.4,Italy
2009-11-30,54.52,8.75,77.77,0.4,Italy
2009-12-01,62.19,10.1,78.68,0.4,Italy
2009-12-02,57.42,8.9,76.96,0.39,Italy
2009-12-03,54.73,9.05,77.76,0.38,Italy
2009-12-04,53.11,9.05,77.74,0.4,Italy
2009-12-05,54.42,9.28,77.22,0.39,Italy
2009-12-06,55.74,9.52,76.7,0.38,Italy
2009-12-07,57.05,9.75,76.18,0.38,Italy
2009-12-08,41.68,11.0,74.93,0.39,Italy
2009-12-09,54.29,10.6,73.63,0.39,Italy
2009-12-10,61.56,10.6,70.91,0.37,Italy
2009-12-11,64.66,11.1,70.07,0.37,Italy
2009-12-12,69.26,11.27,70.44,0.36,Italy
2009-12-13,73.86,11.43,70.82,0.35,Italy
2009-12-14,78.46,11.6,71.19,0.35,Italy
2009-12-15,68.73,11.45,71.33,0.34,Italy
2009-12-16,78.46,12.35,73.34,0.33,Italy
2009-12-17,69.51,12.2,71.28,0.34,Italy
2009-12-18,65.48,12.3,71.87,0.33,Italy
2009-12-19,62.61,12.4,72.16,0.33,Italy
2009-12-20,59.73,12.5,72.45,0.32,Italy
2009-12-21,56.86,12.6,72.74,0.32,Italy
2009-12-22,50.99,12.35,71.64,0.3,Italy
2009-12-23,59.49,11.75,73.87,0.3,Italy
2009-12-24,41.14,12.0,75.15,0.29,Italy
2009-12-25,33.58,12.0,75.15,0.26,Italy
2009-12-26,39.17,12.0,75.63,0.25,Italy
2009-12-27,44.77,12.0,76.11,0.24,Italy
2009-12-28,50.36,12.0,76.59,0.23,Italy
2009-12-29,46.15,12.5,76.65,0.2,Italy
2009-12-30,54.02,12.65,77.62,0.19,Italy
2009-12-31,52.33,14.3,77.91,0.18,Italy
2010-01-01,31.67,14.3,77.91,0.17,Italy
2010-01-02,42.41,14.7,78.29,0.17,Italy
2010-01-03,53.15,15.1,78.67,0.17,Italy
2010-01-04,63.89,15.5,79.05,0.18,Italy
2010-01-05,58.18,14.0,79.27,0.17,Italy
2010-01-06,54.95,14.6,80.14,0.17,Italy
2010-01-07,110.94,16.1,80.57,0.16,Italy
2010-01-08,86.45,14.25,80.06,0.15,Italy
2010-01-09,85.65,14.98,80.09,0.15,Italy
2010-01-10,84.85,15.72,80.11,0.15,Italy
2010-01-11,84.05,16.45,80.14,0.14,Italy
2010-01-12,75.99,14.0,79.38,0.14,Italy
2010-01-13,65.78,13.35,77.57,0.15,Italy
2010-01-14,63.02,13.15,77.61,0.15,Italy
2010-01-15,68.07,12.9,76.85,0.15,Italy
2010-01-16,65.68,12.83,76.85,0.15,Italy
2010-01-17,63.28,12.77,76.85,0.15,Italy
2010-01-18,60.89,12.7,76.85,0.15,Italy
2010-01-19,61.44,13.35,75.18,0.15,Italy
2010-01-20,67.07,13.5,75.09,0.18,Italy
2010-01-21,62.36,13.35,74.13,0.21,Italy
2010-01-22,61.2,13.5,72.73,0.23,Italy
2010-01-23,59.55,14.0,72.55,0.23,Italy
2010-01-24,57.91,14.5,72.36,0.24,Italy
2010-01-25,56.26,15.0,72.18,0.24,Italy
2010-01-26,57.73,15.4,72.63,0.25,Italy
2010-01-27,64.71,15.75,72.75,0.25,Italy
2010-01-28,63.63,15.65,70.65,0.25,Italy
2010-01-29,61.84,16.45,71.2,0.25,Italy
2010-01-30,64.42,15.75,71.33,0.24,Italy
2010-01-31,66.99,15.05,71.45,0.24,Italy
2010-02-01,69.57,14.35,71.58,0.24,Italy
2010-02-02,62.3,13.8,73.94,0.23,Italy
2010-02-03,58.81,13.45,75.77,0.21,Italy
2010-02-04,62.27,13.85,71.3,0.24,Italy
2010-02-05,65.43,14.2,70.11,0.23,Italy
2010-02-06,64.03,14.5,69.95,0.22,Italy
2010-02-07,62.63,14.8,69.78,0.22,Italy
2010-02-08,61.23,15.1,69.62,0.22,Italy
2010-02-09,63.01,15.5,70.4,0.22,Italy
2010-02-10,62.99,14.25,70.4,0.23,Italy
2010-02-11,68.25,14.1,72.35,0.24,Italy
2010-02-12,64.06,14.8,71.49,0.24,Italy
2010-02-13,66.17,14.72,71.49,0.24,Italy
2010-02-14,68.27,14.63,71.49,0.23,Italy
2010-02-15,70.38,14.55,71.49,0.23,Italy
2010-02-16,70.39,14.2,74.82,0.25,Italy
2010-02-17,64.99,13.7,74.89,0.26,Italy
2010-02-18,65.85,13.25,76.61,0.25,Italy
2010-02-19,64.04,13.3,76.88,0.25,Italy
2010-02-20,62.6,13.07,76.9,0.25,Italy
2010-02-21,61.15,12.83,76.93,0.24,Italy
2010-02-22,59.71,12.6,76.95,0.24,Italy
2010-02-23,56.17,12.45,76.44,0.27,Italy
2010-02-24,60.16,12.7,77.0,0.26,Italy
2010-02-25,62.43,11.95,74.38,0.28,Italy
2010-02-26,68.4,12.2,76.36,0.28,Italy
2010-02-27,63.71,12.2,76.26,0.28,Italy
2010-02-28,59.03,12.2,76.17,0.28,Italy
2010-03-01,54.34,12.2,76.07,0.28,Italy
2010-03-02,62.12,12.1,77.5,0.27,Italy
2010-03-03,61.39,12.5,78.66,0.25,Italy
2010-03-04,61.25,12.03,77.88,0.24,Italy
2010-03-05,57.65,12.15,79.2,0.26,Italy
2010-03-06,58.59,12.3,79.11,0.26,Italy
2010-03-07,59.53,12.45,79.03,0.25,Italy
2010-03-08,60.47,12.6,78.94,0.24,Italy
2010-03-09,64.08,12.55,78.77,0.23,Italy
2010-03-10,68.97,12.88,80.29,0.22,Italy
2010-03-11,79.51,12.65,79.44,0.21,Italy
2010-03-12,65.9,12.4,79.38,0.19,Italy
2010-03-13,68.49,12.52,78.61,0.19,Italy
2010-03-14,71.09,12.63,77.85,0.18,Italy
2010-03-15,73.68,12.75,77.08,0.18,Italy
2010-03-16,68.81,12.05,79.45,0.18,Italy
2010-03-17,64.92,11.35,80.28,0.17,Italy
2010-03-18,65.21,10.4,80.09,0.16,Italy
2010-03-19,62.62,10.9,78.37,0.16,Italy
2010-03-20,61.82,11.02,78.28,0.16,Italy
2010-03-21,61.01,11.13,78.18,0.15,Italy
2010-03-22,60.21,11.25,78.09,0.15,Italy
2010-03-23,59.04,11.25,79.17,0.13,Italy
2010-03-24,59.9,11.2,78.03,0.13,Italy
2010-03-25,57.36,11.0,78.64,0.12,Italy
2010-03-26,59.04,11.8,77.98,0.13,Italy
2010-03-27,58.52,11.82,78.62,0.12,Italy
2010-03-28,58.01,11.83,79.25,0.12,Italy
2010-03-29,57.49,11.85,79.89,0.12,Italy
2010-03-30,55.37,12.25,79.46,0.13,Italy
2010-03-31,54.25,12.85,80.37,0.13,Italy
2010-04-01,61.97,13.05,82.63,0.14,Italy
2010-04-02,52.34,13.05,82.63,0.14,Italy
2010-04-03,51.02,13.05,83.25,0.14,Italy
2010-04-04,49.7,13.05,83.86,0.14,Italy
2010-04-05,48.38,13.05,84.48,0.14,Italy
2010-04-06,66.27,12.75,85.05,0.13,Italy
2010-04-07,64.22,13.2,84.49,0.13,Italy
2010-04-08,72.14,13.0,82.63,0.12,Italy
2010-04-09,61.02,14.0,82.77,0.13,Italy
2010-04-10,60.54,13.97,83.58,0.13,Italy
2010-04-11,60.05,13.93,84.4,0.14,Italy
2010-04-12,59.57,13.9,85.21,0.15,Italy
2010-04-13,57.66,14.0,83.44,0.14,Italy
2010-04-14,64.68,14.35,85.81,0.13,Italy
2010-04-15,63.88,13.85,86.9,0.14,Italy
2010-04-16,64.89,13.15,84.81,0.15,Italy
2010-04-17,62.42,12.97,84.24,0.15,Italy
2010-04-18,59.94,12.78,83.66,0.15,Italy
2010-04-19,57.47,12.6,83.09,0.15,Italy
2010-04-20,55.83,12.9,84.73,0.15,Italy
2010-04-21,59.08,13.2,84.55,0.16,Italy
2010-04-22,57.79,12.6,84.58,0.17,Italy
2010-04-23,59.57,13.0,86.09,0.18,Italy
2010-04-24,59.77,13.15,86.3,0.18,Italy
2010-04-25,59.97,13.3,86.51,0.18,Italy
2010-04-26,60.17,13.45,86.72,0.18,Italy
2010-04-27,60.82,14.05,85.59,0.23,Italy
2010-04-28,55.09,14.4,84.59,0.25,Italy
2010-04-29,62.37,14.0,86.82,0.26,Italy
2010-04-30,57.05,15.3,86.19,0.27,Italy
2010-05-01,58.2,15.3,86.82,0.27,Italy
2010-05-02,59.36,15.3,87.46,0.27,Italy
2010-05-03,60.51,15.3,88.09,0.27,Italy
2010-05-04,58.19,17.4,85.39,0.33,Italy
2010-05-05,66.74,16.8,82.31,0.37,Italy
2010-05-06,57.27,17.9,80.21,0.4,Italy
2010-05-07,61.41,18.35,76.48,0.43,Italy
2010-05-08,61.5,18.27,77.01,0.43,Italy
2010-05-09,61.58,18.18,77.55,0.43,Italy
2010-05-10,61.67,18.1,78.08,0.43,Italy
2010-05-11,57.48,17.55,79.0,0.46,Italy
2010-05-12,59.11,17.35,78.7,0.46,Italy
2010-05-13,55.2,17.0,79.41,0.47,Italy
2010-05-14,58.66,16.95,76.43,0.49,Italy
2010-05-15,58.55,16.85,75.58,0.49,Italy
2010-05-16,58.43,16.75,74.72,0.5,Italy
2010-05-17,58.32,16.65,73.87,0.5,Italy
2010-05-18,60.72,16.45,75.12,0.48,Italy
2010-05-19,59.26,16.7,71.86,0.51,Italy
2010-05-20,63.43,16.4,69.56,0.53,Italy
2010-05-21,59.13,15.1,70.45,0.54,Italy
2010-05-22,61.52,15.72,70.17,0.54,Italy
2010-05-23,63.9,16.33,69.9,0.55,Italy
2010-05-24,66.29,16.95,69.62,0.55,Italy
2010-05-25,67.37,16.27,67.18,0.57,Italy
2010-05-26,66.51,16.45,70.59,0.58,Italy
2010-05-27,68.92,15.75,73.56,0.58,Italy
2010-05-28,59.55,16.5,73.0,0.59,Italy
2010-05-29,61.91,16.5,73.0,0.58,Italy
2010-05-30,64.26,16.5,73.0,0.58,Italy
2010-05-31,66.62,16.5,73.0,0.58,Italy
2010-06-01,71.48,16.8,73.08,0.59,Italy
2010-06-02,44.5,16.55,72.78,0.59,Italy
2010-06-03,58.15,17.0,73.12,0.58,Italy
2010-06-04,53.31,18.0,71.84,0.62,Italy
2010-06-05,56.54,18.27,71.59,0.62,Italy
2010-06-06,59.78,18.53,71.34,0.61,Italy
2010-06-07,63.01,18.8,71.09,0.61,Italy
2010-06-08,55.54,19.6,71.43,0.62,Italy
2010-06-09,57.43,19.0,73.68,0.6,Italy
2010-06-10,63.13,18.45,74.33,0.6,Italy
2010-06-11,67.09,19.75,73.28,0.59,Italy
2010-06-12,67.01,19.7,73.89,0.59,Italy
2010-06-13,66.92,19.65,74.5,0.59,Italy
2010-06-14,66.84,19.6,75.11,0.59,Italy
2010-06-15,64.46,20.6,75.29,0.56,Italy
2010-06-16,57.22,20.0,76.12,0.54,Italy
2010-06-17,62.54,20.25,77.52,0.52,Italy
2010-06-18,67.11,21.0,77.05,0.49,Italy
2010-06-19,62.36,20.83,77.54,0.49,Italy
2010-06-20,57.6,20.67,78.04,0.48,Italy
2010-06-21,52.85,20.5,78.53,0.47,Italy
2010-06-22,60.35,19.85,78.08,0.46,Italy
2010-06-23,57.51,19.0,75.22,0.46,Italy
2010-06-24,57.48,19.0,75.17,0.46,Italy
2010-06-25,61.59,19.1,76.21,0.43,Italy
2010-06-26,61.41,19.23,76.36,0.44,Italy
2010-06-27,61.24,19.37,76.51,0.44,Italy
2010-06-28,61.06,19.5,76.66,0.44,Italy
2010-06-29,61.15,20.05,74.21,0.5,Italy
2010-06-30,62.72,20.5,74.94,0.49,Italy
2010-07-01,66.43,20.1,71.73,0.52,Italy
2010-07-02,71.11,21.15,71.75,0.51,Italy
2010-07-03,70.54,21.13,71.75,0.5,Italy
2010-07-04,69.98,21.12,71.75,0.5,Italy
2010-07-05,69.41,21.1,71.75,0.5,Italy
2010-07-06,64.82,21.7,73.08,0.49,Italy
2010-07-07,70.08,21.0,72.97,0.47,Italy
2010-07-08,70.8,21.38,74.56,0.46,Italy
2010-07-09,72.54,21.15,75.2,0.42,Italy
2010-07-10,70.68,21.27,74.92,0.41,Italy
2010-07-11,68.83,21.38,74.63,0.4,Italy
2010-07-12,66.97,21.5,74.35,0.4,Italy
2010-07-13,78.22,21.2,76.45,0.4,Italy
2010-07-14,83.64,20.45,76.63,0.38,Italy
2010-07-15,82.02,19.7,75.52,0.37,Italy
2010-07-16,88.48,19.3,75.55,0.41,Italy
2010-07-17,80.68,19.4,75.8,0.4,Italy
2010-07-18,72.88,19.5,76.04,0.4,Italy
2010-07-19,65.08,19.6,76.29,0.39,Italy
2010-07-20,90.92,18.2,76.31,0.38,Italy
2010-07-21,77.78,17.5,75.75,0.36,Italy
2010-07-22,79.26,17.6,77.59,0.36,Italy
2010-07-23,86.94,18.5,77.27,0.36,Italy
2010-07-24,78.45,18.23,77.48,0.36,Italy
2010-07-25,69.97,17.97,77.69,0.36,Italy
2010-07-26,61.48,17.7,77.9,0.35,Italy
2010-07-27,63.9,16.8,75.52,0.35,Italy
2010-07-28,83.25,17.5,76.66,0.32,Italy
2010-07-29,65.65,17.4,78.6,0.31,Italy
2010-07-30,59.68,17.8,77.5,0.31,Italy
2010-07-31,64.17,17.72,78.98,0.32,Italy
2010-08-01,68.65,17.63,80.45,0.33,Italy
2010-08-02,73.14,17.55,81.93,0.34,Italy
2010-08-03,74.52,17.95,83.6,0.34,Italy
2010-08-04,72.88,18.2,83.76,0.33,Italy
2010-08-05,72.82,18.3,82.9,0.32,Italy
2010-08-06,69.63,18.25,81.28,0.32,Italy
2010-08-07,67.96,18.3,81.37,0.31,Italy
2010-08-08,66.28,18.35,81.45,0.31,Italy
2010-08-09,64.61,18.4,81.54,0.3,Italy
2010-08-10,59.51,18.05,79.89,0.28,Italy
2010-08-11,65.0,18.33,77.83,0.41,Italy
2010-08-12,63.46,18.3,76.63,0.42,Italy
2010-08-13,58.44,18.15,75.14,0.42,Italy
2010-08-14,59.35,17.92,74.95,0.42,Italy
2010-08-15,60.25,17.68,74.75,0.42,Italy
2010-08-16,61.16,17.45,74.56,0.41,Italy
2010-08-17,61.0,17.8,76.74,0.42,Italy
2010-08-18,62.42,17.75,75.1,0.41,Italy
2010-08-19,66.63,18.0,74.84,0.41,Italy
2010-08-20,63.98,18.1,73.48,0.42,Italy
2010-08-21,69.14,18.37,73.35,0.41,Italy
2010-08-22,74.29,18.63,73.21,0.41,Italy
2010-08-23,79.45,18.9,73.08,0.4,Italy
2010-08-24,83.42,18.0,70.61,0.44,Italy
2010-08-25,86.78,17.85,70.74,0.42,Italy
2010-08-26,82.33,18.15,74.5,0.4,Italy
2010-08-27,81.99,18.4,75.16,0.38,Italy
2010-08-28,77.86,18.4,75.46,0.38,Italy
2010-08-29,73.72,18.4,75.75,0.38,Italy
2010-08-30,69.59,18.4,76.05,0.38,Italy
2010-08-31,78.7,18.6,75.51,0.37,Italy
2010-09-01,84.09,18.9,75.53,0.42,Italy
2010-09-02,84.45,18.65,74.93,0.4,Italy
2010-09-03,73.34,19.2,75.03,0.4,Italy
2010-09-04,70.04,18.92,75.03,0.39,Italy
2010-09-05,66.73,18.63,75.03,0.39,Italy
2010-09-06,63.43,18.35,75.03,0.38,Italy
2010-09-07,62.22,18.65,75.78,0.45,Italy
2010-09-08,65.93,19.1,77.48,0.44,Italy
2010-09-09,67.37,19.05,77.87,0.43,Italy
2010-09-10,66.52,19.75,77.54,0.42,Italy
2010-09-11,67.3,19.6,77.87,0.42,Italy
2010-09-12,68.08,19.45,78.19,0.43,Italy
2010-09-13,68.86,19.3,78.52,0.43,Italy
2010-09-14,69.61,19.05,78.89,0.41,Italy
2010-09-15,64.82,18.95,78.46,0.43,Italy
2010-09-16,64.06,18.85,78.89,0.43,Italy
2010-09-17,67.55,19.5,77.43,0.42,Italy
2010-09-18,65.23,19.4,78.09,0.41,Italy
2010-09-19,62.91,19.3,78.76,0.41,Italy
2010-09-20,60.59,19.2,79.42,0.41,Italy
2010-09-21,67.36,19.25,78.76,0.39,Italy
2010-09-22,74.47,18.65,77.29,0.44,Italy
2010-09-23,65.83,18.75,77.69,0.44,Italy
2010-09-24,64.9,19.0,78.73,0.45,Italy
2010-09-25,63.85,18.87,78.39,0.44,Italy
2010-09-26,62.79,18.73,78.05,0.43,Italy
2010-09-27,61.74,18.6,77.71,0.43,Italy
2010-09-28,63.03,18.85,79.14,0.42,Italy
2010-09-29,60.11,19.35,78.79,0.39,Italy
2010-09-30,63.19,17.8,80.77,0.36,Italy
2010-10-01,60.73,18.5,82.69,0.32,Italy
2010-10-02,62.5,18.42,82.93,0.32,Italy
2010-10-03,64.27,18.33,83.18,0.33,Italy
2010-10-04,66.04,18.25,83.42,0.33,Italy
2010-10-05,62.68,18.55,83.35,0.36,Italy
2010-10-06,76.96,16.25,85.01,0.36,Italy
2010-10-07,60.92,16.2,83.67,0.35,Italy
2010-10-08,61.11,18.0,83.88,0.33,Italy
2010-10-09,60.88,18.17,83.61,0.32,Italy
2010-10-10,60.66,18.33,83.35,0.31,Italy
2010-10-11,60.43,18.5,83.08,0.3,Italy
2010-10-12,65.94,18.8,82.99,0.29,Italy
2010-10-13,62.36,18.9,84.01,0.29,Italy
2010-10-14,61.1,18.65,83.55,0.28,Italy
2010-10-15,61.95,19.15,81.94,0.29,Italy
2010-10-16,68.69,19.1,82.06,0.29,Italy
2010-10-17,75.42,19.05,82.18,0.28,Italy
2010-10-18,82.16,19.0,82.3,0.27,Italy
2010-10-19,72.78,18.8,81.12,0.28,Italy
2010-10-20,77.83,19.0,81.68,0.29,Italy
2010-10-21,79.34,18.75,81.28,0.3,Italy
2010-10-22,75.73,19.3,80.75,0.27,Italy
2010-10-23,72.72,19.17,81.14,0.27,Italy
2010-10-24,69.72,19.03,81.52,0.27,Italy
2010-10-25,66.71,18.9,81.91,0.26,Italy
2010-10-26,69.05,19.05,82.62,0.26,Italy
2010-10-27,68.36,19.3,81.27,0.24,Italy
2010-10-28,65.45,19.1,82.97,0.22,Italy
2010-10-29,61.73,17.5,82.47,0.21,Italy
2010-10-30,59.35,17.55,83.0,0.2,Italy
2010-10-31,56.98,17.6,83.53,0.2,Italy
2010-11-01,54.6,17.65,84.06,0.2,Italy
2010-11-02,91.34,17.45,84.71,0.2,Italy
2010-11-03,57.49,17.9,85.33,0.2,Italy
2010-11-04,55.76,17.7,86.83,0.2,Italy
2010-11-05,57.07,18.05,87.05,0.23,Italy
2010-11-06,58.2,18.15,87.08,0.23,Italy
2010-11-07,59.34,18.25,87.12,0.23,Italy
2010-11-08,60.47,18.35,87.15,0.23,Italy
2010-11-09,61.71,18.25,87.93,0.23,Italy
2010-11-10,59.63,18.2,87.92,0.24,Italy
2010-11-11,57.62,18.0,88.08,0.25,Italy
2010-11-12,57.95,18.0,86.07,0.25,Italy
2010-11-13,58.31,18.47,85.88,0.25,Italy
2010-11-14,58.67,18.93,85.68,0.25,Italy
2010-11-15,59.03,19.4,85.49,0.25,Italy
2010-11-16,61.47,19.5,83.98,0.26,Italy
2010-11-17,62.18,19.4,83.36,0.26,Italy
2010-11-18,59.92,19.4,83.7,0.29,Italy
2010-11-19,65.21,19.4,83.17,0.29,Italy
2010-11-20,63.2,20.07,82.89,0.29,Italy
2010-11-21,61.2,20.73,82.62,0.29,Italy
2010-11-22,59.19,21.4,82.34,0.29,Italy
2010-11-23,61.88,20.8,82.37,0.37,Italy
2010-11-24,62.45,21.35,84.53,0.38,Italy
2010-11-25,65.74,21.3,84.53,0.38,Italy
2010-11-26,68.19,21.35,84.78,0.37,Italy
2010-11-27,67.52,21.75,85.15,0.38,Italy
2010-11-28,66.84,22.15,85.53,0.38,Italy
2010-11-29,66.17,22.55,85.9,0.39,Italy
2010-11-30,67.6,23.1,86.02,0.43,Italy
2010-12-01,70.61,24.3,88.56,0.47,Italy
2010-12-02,69.04,23.6,89.37,0.48,Italy
2010-12-03,67.07,24.25,90.65,0.48,Italy
2010-12-04,66.88,24.3,90.85,0.47,Italy
2010-12-05,66.68,24.35,91.05,0.47,Italy
2010-12-06,66.49,24.4,91.25,0.47,Italy
2010-12-07,71.46,24.55,90.78,0.47,Italy
2010-12-08,63.59,24.65,89.74,0.45,Italy
2010-12-09,63.97,23.8,89.93,0.43,Italy
2010-12-10,62.15,24.48,89.54,0.43,Italy
2010-12-11,66.96,24.24,89.83,0.43,Italy
2010-12-12,71.76,23.99,90.11,0.43,Italy
2010-12-13,76.57,23.75,90.4,0.43,Italy
2010-12-14,75.12,23.75,90.63,0.41,Italy
2010-12-15,75.35,24.1,91.33,0.4,Italy
2010-12-16,71.0,25.05,91.09,0.37,Italy
2010-12-17,70.67,24.9,91.11,0.35,Italy
2010-12-18,68.24,24.78,91.18,0.35,Italy
2010-12-19,65.81,24.67,91.24,0.35,Italy
2010-12-20,63.38,24.55,91.31,0.35,Italy
2010-12-21,64.92,23.4,93.11,0.32,Italy
2010-12-22,60.94,23.8,93.55,0.3,Italy
2010-12-23,55.19,22.0,93.63,0.26,Italy
2010-12-24,59.95,24.0,93.63,0.22,Italy
2010-12-25,61.81,24.0,93.45,0.22,Italy
2010-12-26,63.66,24.0,93.26,0.22,Italy
2010-12-27,65.52,24.0,93.08,0.21,Italy
2010-12-28,59.64,24.0,93.52,0.2,Italy
2010-12-29,57.77,24.1,93.52,0.19,Italy
2010-12-30,58.03,24.2,92.5,0.19,Italy
2010-12-31,49.32,24.55,93.23,0.18,Italy
2011-01-01,55.25,24.55,94.09,0.18,Italy
2011-01-02,61.18,24.55,94.96,0.18,Italy
2011-01-03,67.11,24.55,95.82,0.18,Italy
2011-01-04,67.11,23.2,93.52,0.18,Italy
2011-01-05,62.81,22.8,95.07,0.19,Italy
2011-01-06,60.72,22.9,94.95,0.18,Italy
2011-01-07,66.36,23.0,94.25,0.19,Italy
2011-01-08,66.04,22.87,94.52,0.19,Italy
2011-01-09,65.72,22.73,94.78,0.19,Italy
2011-01-10,65.4,22.6,95.05,0.19,Italy
2011-01-11,62.08,22.5,96.8,0.2,Italy
2011-01-12,62.46,22.65,97.86,0.26,Italy
2011-01-13,61.66,22.05,97.86,0.29,Italy
2011-01-14,67.83,21.15,97.86,0.3,Italy
2011-01-15,65.36,21.35,97.86,0.3,Italy
2011-01-16,62.89,21.55,97.86,0.3,Italy
2011-01-17,60.42,21.75,97.86,0.3,Italy
2011-01-18,64.99,22.5,97.83,0.3,Italy
2011-01-19,66.34,22.75,98.42,0.29,Italy
2011-01-20,66.34,22.75,96.27,0.29,Italy
2011-01-21,65.32,21.9,96.84,0.28,Italy
2011-01-22,66.62,21.87,96.81,0.27,Italy
2011-01-23,67.92,21.83,96.79,0.27,Italy
2011-01-24,69.22,21.8,96.76,0.26,Italy
2011-01-25,67.6,21.55,96.76,0.25,Italy
2011-01-26,66.99,22.2,96.04,0.23,Italy
2011-01-27,65.26,21.65,96.48,0.21,Italy
2011-01-28,64.47,21.55,97.06,0.23,Italy
2011-01-29,66.31,21.51,97.7,0.23,Italy
2011-01-30,68.14,21.46,98.33,0.23,Italy
2011-01-31,69.98,21.42,98.97,0.23,Italy
2011-02-01,66.28,21.33,100.4,0.26,Italy
2011-02-02,65.76,21.77,101.3,0.24,Italy
2011-02-03,63.14,22.05,101.69,0.26,Italy
2011-02-04,62.53,21.85,99.43,0.24,Italy
2011-02-05,63.31,21.83,99.43,0.24,Italy
2011-02-06,64.1,21.82,99.44,0.23,Italy
2011-02-07,64.88,21.8,99.44,0.22,Italy
2011-02-08,65.1,21.7,99.25,0.2,Italy
2011-02-09,66.79,21.15,100.16,0.19,Italy
2011-02-10,64.81,21.17,100.74,0.19,Italy
2011-02-11,68.2,21.75,99.93,0.17,Italy
2011-02-12,66.43,21.77,100.99,0.17,Italy
2011-02-13,64.67,21.78,102.06,0.17,Italy
2011-02-14,62.9,21.8,103.12,0.17,Italy
2011-02-15,67.42,21.65,102.48,0.15,Italy
2011-02-16,63.27,21.35,102.78,0.15,Italy
2011-02-17,67.89,21.42,103.45,0.13,Italy
2011-02-18,71.7,21.33,102.2,0.13,Italy
2011-02-19,71.6,21.6,102.2,0.12,Italy
2011-02-20,71.49,21.88,102.2,0.11,Italy
2011-02-21,71.39,22.15,102.2,0.11,Italy
2011-02-22,70.96,22.4,106.82,0.1,Italy
2011-02-23,67.51,22.15,109.77,0.09,Italy
2011-02-24,73.84,21.9,113.91,0.1,Italy
2011-02-25,71.03,21.95,111.47,0.09,Italy
2011-02-26,69.71,22.15,111.74,0.09,Italy
2011-02-27,68.38,22.35,112.0,0.09,Italy
2011-02-28,67.06,22.55,112.27,0.09,Italy
2011-03-01,72.53,22.45,113.34,0.09,Italy
2011-03-02,69.24,22.95,116.89,0.08,Italy
2011-03-03,67.18,22.85,114.42,0.09,Italy
2011-03-04,67.04,23.4,115.71,0.08,Italy
2011-03-05,68.37,23.45,116.0,0.09,Italy
2011-03-06,69.69,23.5,116.29,0.09,Italy
2011-03-07,71.02,23.55,116.58,0.1,Italy
2011-03-08,69.98,23.35,112.32,0.1,Italy
2011-03-09,73.22,23.3,115.19,0.1,Italy
2011-03-10,67.89,22.85,114.07,0.09,Italy
2011-03-11,67.51,23.45,114.07,0.1,Italy
2011-03-12,66.76,23.8,113.7,0.1,Italy
2011-03-13,66.02,24.15,113.32,0.1,Italy
2011-03-14,65.27,24.5,112.95,0.1,Italy
2011-03-15,68.99,25.0,111.11,0.18,Italy
2011-03-16,66.81,25.7,110.96,0.23,Italy
2011-03-17,62.8,24.9,114.18,0.27,Italy
2011-03-18,84.66,24.25,114.13,0.3,Italy
2011-03-19,79.26,24.09,114.39,0.31,Italy
2011-03-20,73.87,23.93,114.66,0.31,Italy
2011-03-21,68.47,23.77,114.92,0.32,Italy
2011-03-22,67.07,24.15,115.63,0.32,Italy
2011-03-23,67.71,24.15,115.65,0.31,Italy
2011-03-24,68.78,24.0,115.41,0.34,Italy
2011-03-25,73.08,23.9,115.45,0.34,Italy
2011-03-26,70.47,24.03,115.62,0.34,Italy
2011-03-27,67.87,24.17,115.78,0.33,Italy
2011-03-28,65.26,24.3,115.95,0.32,Italy
2011-03-29,65.15,22.7,115.58,0.32,Italy
2011-03-30,66.15,22.35,115.35,0.3,Italy
2011-03-31,65.0,23.8,116.94,0.29,Italy
2011-04-01,62.23,24.4,118.63,0.28,Italy
2011-04-02,63.95,23.93,119.11,0.28,Italy
2011-04-03,65.67,23.47,119.59,0.27,Italy
2011-04-04,67.39,23.0,120.07,0.27,Italy
2011-04-05,65.15,22.6,122.87,0.27,Italy
2011-04-06,62.58,22.7,123.01,0.26,Italy
2011-04-07,65.48,23.05,122.9,0.24,Italy
2011-04-08,63.06,22.65,126.3,0.24,Italy
2011-04-09,63.0,22.97,126.35,0.23,Italy
2011-04-10,62.93,23.28,126.41,0.23,Italy
2011-04-11,62.87,23.6,126.46,0.23,Italy
2011-04-12,60.6,23.55,121.33,0.24,Italy
2011-04-13,59.5,23.3,122.7,0.22,Italy
2011-04-14,69.87,23.85,122.74,0.23,Italy
2011-04-15,67.7,23.3,124.63,0.22,Italy
2011-04-16,67.18,23.17,123.65,0.24,Italy
2011-04-17,66.66,23.03,122.67,0.26,Italy
2011-04-18,66.14,22.9,121.69,0.28,Italy
2011-04-19,65.09,22.9,121.35,0.31,Italy
2011-04-20,78.34,22.0,124.26,0.35,Italy
2011-04-21,63.52,22.4,123.64,0.35,Italy
2011-04-22,60.13,22.5,123.64,0.33,Italy
2011-04-23,58.86,22.5,123.64,0.32,Italy
2011-04-24,57.58,22.5,123.64,0.31,Italy
2011-04-25,56.31,22.5,123.64,0.3,Italy
2011-04-26,81.36,21.4,124.55,0.3,Italy
2011-04-27,66.29,21.55,124.94,0.3,Italy
2011-04-28,65.7,22.9,126.59,0.28,Italy
2011-04-29,63.93,22.9,126.59,0.27,Italy
2011-04-30,64.63,23.02,126.61,0.26,Italy
2011-05-01,65.33,23.13,126.62,0.25,Italy
2011-05-02,66.03,23.25,126.64,0.24,Italy
2011-05-03,72.1,22.0,124.01,0.22,Italy
2011-05-04,68.27,22.35,121.55,0.21,Italy
2011-05-05,67.34,21.95,111.93,0.27,Italy
2011-05-06,67.56,22.7,113.69,0.3,Italy
2011-05-07,68.05,22.72,113.53,0.31,Italy
2011-05-08,68.53,22.73,113.37,0.32,Italy
2011-05-09,69.02,22.75,113.21,0.32,Italy
2011-05-10,67.53,23.4,117.82,0.33,Italy
2011-05-11,73.22,23.55,115.66,0.32,Italy
2011-05-12,73.37,23.3,112.87,0.31,Italy
2011-05-13,71.64,23.45,113.08,0.29,Italy
2011-05-14,72.29,23.39,113.29,0.28,Italy
2011-05-15,72.93,23.33,113.51,0.28,Italy
2011-05-16,73.58,23.27,113.72,0.27,Italy
2011-05-17,69.67,23.2,109.39,0.26,Italy
2011-05-18,71.37,23.0,112.54,0.24,Italy
2011-05-19,74.72,22.95,113.2,0.22,Italy
2011-05-20,75.06,23.35,111.25,0.23,Italy
2011-05-21,76.67,23.1,110.88,0.24,Italy
2011-05-22,78.27,22.85,110.5,0.25,Italy
2011-05-23,79.88,22.6,110.13,0.27,Italy
2011-05-24,73.52,23.05,112.52,0.27,Italy
2011-05-25,73.51,22.95,114.47,0.26,Italy
2011-05-26,75.08,22.95,115.06,0.25,Italy
2011-05-27,73.96,23.2,114.85,0.26,Italy
2011-05-28,73.84,23.27,114.85,0.25,Italy
2011-05-29,73.72,23.33,114.85,0.25,Italy
2011-05-30,73.6,23.4,114.85,0.24,Italy
2011-05-31,72.3,23.15,117.18,0.27,Italy
2011-06-01,71.08,22.9,116.15,0.27,Italy
2011-06-02,66.04,22.6,114.3,0.29,Italy
2011-06-03,74.6,22.7,115.09,0.29,Italy
2011-06-04,73.32,22.65,115.19,0.28,Italy
2011-06-05,72.03,22.6,115.3,0.28,Italy
2011-06-06,70.75,22.55,115.4,0.27,Italy
2011-06-07,69.0,22.85,116.14,0.25,Italy
2011-06-08,66.8,22.75,118.43,0.25,Italy
2011-06-09,66.64,22.9,119.95,0.23,Italy
2011-06-10,65.82,22.8,118.71,0.25,Italy
2011-06-11,66.67,22.98,119.3,0.25,Italy
2011-06-12,67.53,23.17,119.9,0.25,Italy
2011-06-13,68.38,23.35,120.49,0.25,Italy
2011-06-14,64.83,23.3,120.35,0.25,Italy
2011-06-15,71.87,22.95,114.67,0.29,Italy
2011-06-16,69.52,22.8,114.69,0.32,Italy
2011-06-17,67.86,22.6,113.74,0.32,Italy
2011-06-18,67.54,22.65,113.23,0.32,Italy
2011-06-19,67.22,22.7,112.72,0.32,Italy
2011-06-20,66.9,22.75,112.21,0.31,Italy
2011-06-21,67.86,22.7,112.02,0.32,Italy
2011-06-22,72.57,22.4,113.59,0.31,Italy
2011-06-23,71.26,22.3,108.27,0.33,Italy
2011-06-24,65.95,21.7,104.79,0.33,Italy
2011-06-25,67.27,21.77,104.72,0.33,Italy
2011-06-26,68.58,21.83,104.64,0.33,Italy
2011-06-27,69.9,21.9,104.57,0.34,Italy
2011-06-28,73.55,22.25,107.57,0.34,Italy
2011-06-29,71.53,22.5,111.49,0.33,Italy
2011-06-30,71.34,21.95,111.71,0.31,Italy
2011-07-01,72.88,21.3,109.82,0.28,Italy
2011-07-02,73.6,21.27,109.82,0.26,Italy
2011-07-03,74.32,21.23,109.82,0.25,Italy
2011-07-04,75.04,21.2,109.82,0.24,Italy
2011-07-05,70.87,21.25,113.21,0.23,Italy
2011-07-06,70.41,21.6,113.55,0.25,Italy
2011-07-07,70.18,21.83,117.4,0.24,Italy
2011-07-08,72.49,21.7,117.4,0.3,Italy
2011-07-09,75.26,21.67,117.38,0.34,Italy
2011-07-10,78.02,21.63,117.37,0.37,Italy
2011-07-11,80.79,21.6,117.35,0.41,Italy
2011-07-12,80.53,21.5,117.36,0.45,Italy
2011-07-13,89.0,21.85,118.46,0.46,Italy
2011-07-14,86.98,21.65,117.38,0.47,Italy
2011-07-15,79.25,21.73,118.06,0.47,Italy
2011-07-16,74.92,21.75,117.72,0.47,Italy
2011-07-17,70.58,21.78,117.39,0.48,Italy
2011-07-18,66.25,21.8,117.05,0.48,Italy
2011-07-19,69.92,21.65,118.18,0.47,Italy
2011-07-20,67.7,21.8,118.52,0.45,Italy
2011-07-21,65.02,21.6,118.25,0.46,Italy
2011-07-22,70.02,21.8,118.99,0.44,Italy
2011-07-23,67.57,21.68,118.75,0.44,Italy
2011-07-24,65.11,21.57,118.51,0.43,Italy
2011-07-25,62.66,21.45,118.27,0.43,Italy
2011-07-26,71.63,21.15,118.14,0.42,Italy
2011-07-27,66.92,21.3,117.99,0.44,Italy
2011-07-28,68.42,20.98,118.16,0.43,Italy
2011-07-29,62.08,21.0,115.93,0.43,Italy
2011-07-30,62.37,20.85,116.08,0.44,Italy
2011-07-31,62.66,20.7,116.22,0.44,Italy
2011-08-01,62.95,20.55,116.37,0.45,Italy
2011-08-02,72.8,20.45,116.02,0.46,Italy
2011-08-03,69.21,20.45,113.74,0.47,Italy
2011-08-04,71.95,20.35,110.22,0.5,Italy
2011-08-05,70.35,20.65,106.92,0.48,Italy
2011-08-06,69.74,20.57,105.63,0.5,Italy
2011-08-07,69.13,20.5,104.35,0.51,Italy
2011-08-08,68.52,20.42,103.06,0.53,Italy
2011-08-09,65.41,21.5,103.63,0.57,Italy
2011-08-10,77.91,21.15,103.84,0.63,Italy
2011-08-11,73.46,21.1,107.82,0.64,Italy
2011-08-12,68.3,21.3,108.17,0.64,Italy
2011-08-13,65.49,21.23,108.41,0.65,Italy
2011-08-14,62.68,21.17,108.65,0.66,Italy
2011-08-15,59.87,21.1,108.89,0.67,Italy
2011-08-16,71.34,21.7,109.69,0.67,Italy
2011-08-17,66.5,22.15,111.37,0.66,Italy
2011-08-18,74.95,22.45,108.36,0.69,Italy
2011-08-19,76.84,22.0,109.37,0.69,Italy
2011-08-20,79.27,22.0,109.19,0.68,Italy
2011-08-21,81.7,22.0,109.01,0.67,Italy
2011-08-22,84.13,22.0,108.83,0.66,Italy
2011-08-23,82.45,22.45,110.35,0.64,Italy
2011-08-24,82.26,23.0,111.91,0.62,Italy
2011-08-25,87.29,22.5,111.91,0.58,Italy
2011-08-26,84.96,23.45,112.29,0.57,Italy
2011-08-27,89.33,23.57,112.29,0.56,Italy
2011-08-28,93.7,23.68,112.29,0.55,Italy
2011-08-29,98.07,23.8,112.29,0.54,Italy
2011-08-30,81.59,25.4,115.59,0.51,Italy
2011-08-31,82.44,24.6,116.48,0.48,Italy
2011-09-01,91.58,24.65,116.43,0.46,Italy
2011-09-02,87.15,24.1,115.92,0.48,Italy
2011-09-03,85.93,24.1,115.92,0.49,Italy
2011-09-04,84.7,24.1,115.92,0.49,Italy
2011-09-05,83.48,24.1,115.92,0.5,Italy
2011-09-06,76.67,25.1,113.29,0.49,Italy
2011-09-07,84.12,25.25,117.5,0.48,Italy
2011-09-08,81.93,25.85,117.99,0.52,Italy
2011-09-09,85.69,25.25,115.1,0.58,Italy
2011-09-10,85.88,25.25,114.98,0.59,Italy
2011-09-11,86.08,25.25,114.87,0.61,Italy
2011-09-12,86.27,25.25,114.75,0.62,Italy
2011-09-13,88.46,24.85,114.08,0.62,Italy
2011-09-14,91.9,25.1,113.1,0.62,Italy
2011-09-15,90.48,24.65,116.71,0.64,Italy
2011-09-16,93.77,25.23,116.26,0.63,Italy
2011-09-17,87.09,24.85,115.14,0.64,Italy
2011-09-18,80.41,24.46,114.01,0.64,Italy
2011-09-19,73.73,24.08,112.89,0.65,Italy
2011-09-20,83.66,24.3,114.39,0.64,Italy
2011-09-21,76.94,22.2,114.26,0.65,Italy
2011-09-22,79.57,22.0,109.21,0.67,Italy
2011-09-23,77.41,22.05,109.17,0.67,Italy
2011-09-24,77.88,21.77,108.75,0.66,Italy
2011-09-25,78.35,21.48,108.32,0.65,Italy
2011-09-26,78.82,21.2,107.9,0.65,Italy
2011-09-27,81.95,21.85,109.54,0.63,Italy
2011-09-28,81.38,22.05,108.52,0.6,Italy
2011-09-29,81.18,19.05,107.08,0.58,Italy
2011-09-30,80.68,16.5,105.42,0.66,Italy
2011-10-01,81.02,17.17,104.82,0.67,Italy
2011-10-02,81.37,17.83,104.21,0.68,Italy
2011-10-03,81.71,18.5,103.61,0.69,Italy
2011-10-04,79.68,18.35,101.84,0.72,Italy
2011-10-05,70.26,19.05,103.77,0.71,Italy
2011-10-06,85.61,19.9,104.38,0.71,Italy
2011-10-07,72.77,22.25,106.56,0.69,Italy
2011-10-08,72.22,22.48,107.54,0.69,Italy
2011-10-09,71.67,22.72,108.51,0.7,Italy
2011-10-10,71.12,22.95,109.49,0.71,Italy
2011-10-11,75.39,22.25,109.22,0.7,Italy
2011-10-12,83.55,22.85,112.44,0.7,Italy
2011-10-13,80.55,22.0,112.45,0.69,Italy
2011-10-14,78.79,22.5,114.33,0.69,Italy
2011-10-15,77.19,23.03,113.86,0.68,Italy
2011-10-16,75.6,23.57,113.39,0.68,Italy
2011-10-17,74.0,24.1,112.92,0.68,Italy
2011-10-18,79.78,23.4,112.08,0.67,Italy
2011-10-19,80.19,23.9,111.76,0.65,Italy
2011-10-20,80.79,23.9,109.0,0.64,Italy
2011-10-21,93.3,24.45,111.6,0.62,Italy
2011-10-22,88.67,24.47,111.62,0.61,Italy
2011-10-23,84.03,24.48,111.65,0.6,Italy
2011-10-24,79.4,24.5,111.67,0.59,Italy
2011-10-25,79.82,24.25,112.11,0.56,Italy
2011-10-26,81.41,23.9,110.43,0.53,Italy
2011-10-27,83.35,24.0,112.45,0.63,Italy
2011-10-28,76.98,23.15,110.01,0.62,Italy
2011-10-29,80.26,23.27,109.48,0.63,Italy
2011-10-30,83.55,23.38,108.96,0.64,Italy
2011-10-31,86.83,23.5,108.43,0.66,Italy
2011-11-01,67.62,23.65,106.97,0.68,Italy
2011-11-02,80.03,21.7,110.82,0.68,Italy
2011-11-03,76.16,23.0,110.76,0.66,Italy
2011-11-04,75.93,23.1,112.22,0.61,Italy
2011-11-05,76.79,23.52,113.06,0.62,Italy
2011-11-06,77.64,23.93,113.91,0.63,Italy
2011-11-07,78.5,24.35,114.75,0.63,Italy
2011-11-08,80.32,24.0,115.61,0.63,Italy
2011-11-09,85.35,24.1,115.29,0.71,Italy
2011-11-10,79.26,22.9,113.32,0.69,Italy
2011-11-11,79.17,23.3,114.43,0.69,Italy
2011-11-12,79.19,23.6,113.81,0.69,Italy
2011-11-13,79.22,23.9,113.19,0.69,Italy
2011-11-14,79.24,24.2,112.57,0.69,Italy
2011-11-15,82.16,24.55,111.9,0.67,Italy
2011-11-16,84.05,24.35,111.91,0.65,Italy
2011-11-17,83.04,24.05,109.25,0.64,Italy
2011-11-18,81.71,23.85,107.82,0.63,Italy
2011-11-19,80.37,24.13,107.21,0.63,Italy
2011-11-20,79.02,24.42,106.59,0.64,Italy
2011-11-21,77.68,24.7,105.98,0.65,Italy
2011-11-22,78.56,24.5,107.77,0.62,Italy
2011-11-23,83.26,24.1,106.83,0.64,Italy
2011-11-24,81.29,24.1,106.83,0.62,Italy
2011-11-25,78.02,24.05,106.08,0.61,Italy
2011-11-26,79.47,23.93,107.18,0.61,Italy
2011-11-27,80.92,23.82,108.28,0.6,Italy
2011-11-28,82.37,23.7,109.38,0.6,Italy
2011-11-29,83.55,23.3,111.25,0.59,Italy
2011-11-30,83.73,22.65,111.22,0.58,Italy
2011-12-01,84.97,22.27,108.83,0.55,Italy
2011-12-02,86.21,22.02,109.59,0.53,Italy
2011-12-03,81.93,22.3,109.79,0.52,Italy
2011-12-04,77.65,22.57,109.98,0.51,Italy
2011-12-05,73.37,22.85,110.18,0.5,Italy
2011-12-06,75.04,22.6,110.16,0.47,Italy
2011-12-07,86.38,23.1,110.07,0.46,Italy
2011-12-08,83.21,23.17,108.23,0.44,Italy
2011-12-09,82.72,23.8,107.91,0.45,Italy
2011-12-10,84.25,23.65,107.88,0.46,Italy
2011-12-11,85.77,23.5,107.85,0.47,Italy
2011-12-12,87.3,23.35,107.82,0.48,Italy
2011-12-13,81.2,23.55,109.25,0.49,Italy
2011-12-14,82.33,23.6,105.72,0.51,Italy
2011-12-15,78.65,22.85,104.52,0.52,Italy
2011-12-16,78.92,23.15,104.0,0.5,Italy
2011-12-17,80.46,23.07,104.18,0.5,Italy
2011-12-18,82.0,22.98,104.37,0.49,Italy
2011-12-19,83.54,22.9,104.55,0.49,Italy
2011-12-20,81.82,23.27,107.8,0.48,Italy
2011-12-21,82.24,21.9,108.0,0.46,Italy
2011-12-22,75.69,21.0,108.98,0.44,Italy
2011-12-23,71.75,21.45,109.28,0.42,Italy
2011-12-24,73.68,21.45,109.28,0.41,Italy
2011-12-25,75.6,21.45,109.28,0.4,Italy
2011-12-26,77.53,21.45,109.28,0.4,Italy
2011-12-27,78.98,20.3,109.28,0.38,Italy
2011-12-28,73.78,20.55,107.54,0.36,Italy
2011-12-29,83.18,20.4,106.89,0.37,Italy
2011-12-30,73.16,21.0,108.09,0.35,Italy
2011-12-31,75.63,20.67,108.09,0.35,Italy
2012-01-01,78.09,20.33,108.09,0.36,Italy
2012-01-02,80.56,20.0,108.09,0.37,Italy
2012-01-03,81.78,20.9,111.12,0.35,Italy
2012-01-04,80.8,21.4,113.37,0.35,Italy
2012-01-05,81.83,21.3,113.59,0.38,Italy
2012-01-06,69.91,21.45,111.96,0.38,Italy
2012-01-07,72.93,21.78,111.66,0.38,Italy
2012-01-08,75.96,22.12,111.37,0.38,Italy
2012-01-09,78.98,22.45,111.07,0.38,Italy
2012-01-10,76.37,21.95,113.3,0.38,Italy
2012-01-11,81.17,21.95,111.66,0.37,Italy
2012-01-12,83.2,22.08,112.97,0.36,Italy
2012-01-13,75.6,22.1,109.88,0.41,Italy
2012-01-14,76.59,21.95,109.88,0.41,Italy
2012-01-15,77.57,21.8,109.88,0.42,Italy
2012-01-16,78.56,21.65,109.88,0.42,Italy
2012-01-17,85.2,21.2,110.55,0.43,Italy
2012-01-18,90.41,21.25,109.81,0.42,Italy
2012-01-19,86.45,20.9,109.54,0.44,Italy
2012-01-20,78.89,21.63,108.5,0.47,Italy
2012-01-21,78.88,21.75,108.82,0.48,Italy
2012-01-22,78.87,21.88,109.14,0.49,Italy
2012-01-23,78.86,22.0,109.46,0.49,Italy
2012-01-24,82.3,22.02,108.38,0.49,Italy
2012-01-25,79.89,22.08,108.48,0.48,Italy
2012-01-26,82.27,21.75,109.08,0.48,Italy
2012-01-27,88.43,22.83,110.5,0.5,Italy
2012-01-28,84.78,23.25,110.41,0.51,Italy
2012-01-29,81.12,23.68,110.33,0.52,Italy
2012-01-30,77.47,24.1,110.24,0.53,Italy
2012-01-31,92.14,24.05,110.26,0.52,Italy
2012-02-01,88.43,25.7,111.96,0.52,Italy
2012-02-02,87.06,26.6,110.96,0.49,Italy
2012-02-03,92.14,25.05,112.56,0.48,Italy
2012-02-04,97.16,25.2,113.53,0.46,Italy
2012-02-05,102.17,25.35,114.5,0.44,Italy
2012-02-06,107.19,25.5,115.47,0.43,Italy
2012-02-07,108.15,37.75,116.86,0.45,Italy
2012-02-08,125.86,26.5,117.18,0.44,Italy
2012-02-09,132.48,30.2,118.4,0.42,Italy
2012-02-10,136.67,28.5,118.13,0.43,Italy
2012-02-11,127.11,26.76,118.33,0.42,Italy
2012-02-12,117.55,25.01,118.53,0.41,Italy
2012-02-13,107.99,23.27,118.73,0.4,Italy
2012-02-14,87.2,23.35,118.3,0.37,Italy
2012-02-15,78.61,23.5,120.25,0.34,Italy
2012-02-16,80.28,23.8,121.0,0.33,Italy
2012-02-17,82.65,23.5,120.69,0.32,Italy
2012-02-18,85.91,23.39,120.69,0.32,Italy
2012-02-19,89.16,23.28,120.69,0.31,Italy
2012-02-20,92.42,23.17,120.69,0.31,Italy
2012-02-21,87.66,23.55,120.85,0.29,Italy
2012-02-22,77.79,24.15,123.07,0.28,Italy
2012-02-23,79.02,23.8,124.53,0.27,Italy
2012-02-24,83.84,23.8,124.89,0.26,Italy
2012-02-25,81.17,24.07,125.41,0.26,Italy
2012-02-26,78.5,24.33,125.94,0.26,Italy
2012-02-27,75.83,24.6,126.46,0.26,Italy
2012-02-28,77.49,23.45,124.02,0.25,Italy
2012-02-29,79.33,23.9,122.23,0.24,Italy
2012-03-01,75.73,23.25,125.76,0.26,Italy
2012-03-02,77.88,23.85,125.93,0.27,Italy
2012-03-03,76.95,23.87,126.18,0.27,Italy
2012-03-04,76.03,23.88,126.43,0.27,Italy
2012-03-05,75.1,23.9,126.68,0.27,Italy
2012-03-06,80.07,23.55,125.03,0.32,Italy
2012-03-07,79.57,23.7,125.37,0.33,Italy
2012-03-08,79.87,24.2,127.96,0.34,Italy
2012-03-09,71.59,24.25,128.08,0.35,Italy
2012-03-10,72.21,23.78,127.81,0.35,Italy
2012-03-11,72.83,23.32,127.54,0.34,Italy
2012-03-12,73.45,22.85,127.27,0.34,Italy
2012-03-13,79.41,24.2,128.14,0.35,Italy
2012-03-14,81.19,24.55,126.98,0.36,Italy
2012-03-15,73.99,23.9,123.63,0.36,Italy
2012-03-16,78.56,24.58,125.09,0.36,Italy
2012-03-17,82.35,24.7,125.31,0.36,Italy
2012-03-18,86.13,24.83,125.54,0.36,Italy
2012-03-19,89.92,24.95,125.76,0.36,Italy
2012-03-20,84.88,24.85,124.38,0.34,Italy
2012-03-21,74.42,24.48,123.89,0.32,Italy
2012-03-22,72.47,23.45,122.49,0.33,Italy
2012-03-23,85.2,21.4,125.21,0.32,Italy
2012-03-24,83.29,21.78,125.42,0.32,Italy
2012-03-25,81.37,22.17,125.64,0.32,Italy
2012-03-26,79.46,22.55,125.85,0.33,Italy
2012-03-27,71.26,23.2,125.25,0.31,Italy
2012-03-28,73.79,23.25,124.41,0.32,Italy
2012-03-29,76.94,23.55,123.23,0.32,Italy
2012-03-30,79.4,25.3,123.41,0.32,Italy
2012-03-31,78.85,25.28,123.75,0.32,Italy
2012-04-01,78.31,25.27,124.1,0.32,Italy
2012-04-02,77.76,25.25,124.44,0.33,Italy
2012-04-03,71.22,24.45,124.44,0.32,Italy
2012-04-04,85.18,24.7,123.04,0.32,Italy
2012-04-05,89.74,24.65,123.58,0.32,Italy
2012-04-06,64.26,24.65,123.58,0.31,Italy
2012-04-07,60.21,24.67,123.58,0.3,Italy
2012-04-08,56.15,24.68,123.58,0.3,Italy
2012-04-09,52.1,24.7,123.58,0.29,Italy
2012-04-10,91.08,24.45,121.89,0.34,Italy
2012-04-11,73.15,24.95,120.41,0.34,Italy
2012-04-12,69.72,25.1,120.57,0.34,Italy
2012-04-13,73.86,25.45,120.62,0.34,Italy
2012-04-14,75.52,25.37,119.82,0.33,Italy
2012-04-15,77.17,25.28,119.03,0.33,Italy
2012-04-16,78.83,25.2,118.23,0.32,Italy
2012-04-17,72.5,25.0,117.41,0.32,Italy
2012-04-18,70.89,24.55,115.18,0.3,Italy
2012-04-19,75.08,24.98,117.0,0.3,Italy
2012-04-20,75.18,24.8,118.08,0.28,Italy
2012-04-21,74.15,24.85,117.61,0.28,Italy
2012-04-22,73.12,24.9,117.13,0.28,Italy
2012-04-23,72.09,24.95,116.66,0.29,Italy
2012-04-24,69.16,24.25,117.74,0.29,Italy
2012-04-25,58.5,24.4,117.45,0.3,Italy
2012-04-26,73.83,24.4,119.33,0.3,Italy
2012-04-27,68.36,24.5,119.3,0.29,Italy
2012-04-28,72.23,24.73,119.09,0.29,Italy
2012-04-29,76.11,24.97,118.87,0.29,Italy
2012-04-30,79.98,25.2,118.66,0.29,Italy
2012-05-01,59.15,25.7,119.57,0.28,Italy
2012-05-02,71.22,25.15,117.57,0.27,Italy
2012-05-03,56.75,25.15,115.91,0.27,Italy
2012-05-04,69.19,25.0,111.66,0.27,Italy
2012-05-05,69.95,25.0,111.66,0.27,Italy
2012-05-06,70.71,25.0,111.66,0.26,Italy
2012-05-07,71.47,25.0,111.66,0.26,Italy
2012-05-08,69.64,24.6,110.48,0.27,Italy
2012-05-09,63.3,24.85,111.89,0.26,Italy
2012-05-10,78.34,24.65,112.24,0.26,Italy
2012-05-11,74.59,25.0,112.5,0.25,Italy
2012-05-12,73.31,25.05,111.93,0.25,Italy
2012-05-13,72.03,25.1,111.36,0.24,Italy
2012-05-14,70.75,25.15,110.79,0.24,Italy
2012-05-15,70.61,24.65,111.4,0.24,Italy
2012-05-16,69.84,24.67,109.8,0.24,Italy
2012-05-17,70.87,24.55,109.31,0.25,Italy
2012-05-18,76.62,23.7,108.03,0.24,Italy
2012-05-19,79.21,23.55,108.36,0.24,Italy
2012-05-20,81.79,23.4,108.69,0.24,Italy
2012-05-21,84.38,23.25,109.02,0.24,Italy
2012-05-22,70.51,22.9,109.76,0.23,Italy
2012-05-23,73.92,23.05,106.88,0.27,Italy
2012-05-24,77.56,23.35,107.2,0.3,Italy
2012-05-25,70.86,22.9,107.86,0.29,Italy
2012-05-26,72.87,23.07,107.86,0.29,Italy
2012-05-27,74.88,23.23,107.86,0.29,Italy
2012-05-28,76.89,23.4,107.86,0.28,Italy
2012-05-29,70.26,23.75,107.55,0.27,Italy
2012-05-30,81.32,23.4,103.85,0.3,Italy
2012-05-31,79.92,22.7,103.86,0.33,Italy
2012-06-01,83.98,23.6,98.63,0.33,Italy
2012-06-02,81.69,23.33,98.33,0.34,Italy
2012-06-03,79.41,23.07,98.04,0.34,Italy
2012-06-04,77.12,22.8,97.74,0.35,Italy
2012-06-05,62.84,22.0,98.65,0.35,Italy
2012-06-06,74.92,23.85,101.14,0.38,Italy
2012-06-07,77.2,23.65,100.05,0.38,Italy
2012-06-08,76.92,23.6,97.57,0.38,Italy
2012-06-09,73.01,23.7,97.91,0.37,Italy
2012-06-10,69.09,23.8,98.26,0.37,Italy
2012-06-11,65.18,23.9,98.6,0.36,Italy
2012-06-12,74.37,24.05,96.59,0.36,Italy
2012-06-13,69.13,23.92,97.29,0.34,Italy
2012-06-14,72.12,23.9,96.46,0.34,Italy
2012-06-15,77.44,23.5,97.13,0.36,Italy
2012-06-16,81.22,23.62,96.49,0.36,Italy
2012-06-17,85.01,23.73,95.85,0.36,Italy
2012-06-18,88.79,23.85,95.21,0.36,Italy
2012-06-19,81.12,23.5,95.14,0.36,Italy
2012-06-20,90.78,23.8,93.5,0.37,Italy
2012-06-21,90.32,23.65,89.22,0.35,Italy
2012-06-22,95.28,23.77,89.22,0.35,Italy
2012-06-23,89.81,23.84,89.04,0.36,Italy
2012-06-24,84.33,23.91,88.87,0.38,Italy
2012-06-25,78.86,23.98,88.69,0.4,Italy
2012-06-26,81.18,24.05,90.19,0.4,Italy
2012-06-27,90.97,23.9,92.06,0.4,Italy
2012-06-28,95.48,23.85,91.02,0.39,Italy
2012-06-29,84.85,24.02,94.17,0.44,Italy
2012-06-30,91.0,24.1,94.54,0.44,Italy
2012-07-01,97.14,24.17,94.91,0.45,Italy
2012-07-02,103.29,24.25,95.28,0.45,Italy
2012-07-03,86.23,24.65,99.89,0.44,Italy
2012-07-04,88.23,24.8,99.89,0.43,Italy
2012-07-05,84.12,25.25,101.54,0.43,Italy
2012-07-06,83.01,25.2,98.5,0.43,Italy
2012-07-07,82.81,25.4,98.98,0.43,Italy
2012-07-08,82.6,25.6,99.46,0.43,Italy
2012-07-09,82.4,25.8,99.94,0.44,Italy
2012-07-10,83.24,24.92,99.15,0.45,Italy
2012-07-11,89.3,24.45,99.23,0.44,Italy
2012-07-12,89.69,24.5,99.18,0.44,Italy
2012-07-13,82.45,24.5,101.91,0.43,Italy
2012-07-14,81.48,24.53,101.97,0.42,Italy
2012-07-15,80.5,24.57,102.04,0.41,Italy
2012-07-16,79.53,24.6,102.1,0.41,Italy
2012-07-17,83.02,24.15,104.21,0.38,Italy
2012-07-18,79.56,24.05,105.92,0.37,Italy
2012-07-19,82.67,23.75,107.79,0.35,Italy
2012-07-20,80.38,24.1,106.98,0.38,Italy
2012-07-21,77.36,23.95,105.96,0.38,Italy
2012-07-22,74.34,23.8,104.93,0.38,Italy
2012-07-23,71.32,23.65,103.91,0.38,Italy
2012-07-24,78.48,23.85,103.57,0.38,Italy
2012-07-25,87.5,23.8,102.35,0.36,Italy
2012-07-26,91.83,23.9,104.77,0.39,Italy
2012-07-27,82.47,23.7,106.3,0.39,Italy
2012-07-28,82.64,23.75,106.38,0.39,Italy
2012-07-29,82.82,23.8,106.46,0.38,Italy
2012-07-30,82.99,23.85,106.54,0.38,Italy
2012-07-31,88.27,23.6,105.93,0.37,Italy
2012-08-01,93.45,23.65,106.78,0.35,Italy
2012-08-02,92.03,22.9,107.55,0.35,Italy
2012-08-03,93.62,23.0,109.57,0.4,Italy
2012-08-04,90.64,22.88,109.72,0.4,Italy
2012-08-05,87.67,22.77,109.86,0.4,Italy
2012-08-06,84.69,22.65,110.01,0.4,Italy
2012-08-07,80.48,23.45,112.39,0.4,Italy
2012-08-08,84.85,23.85,113.42,0.39,Italy
2012-08-09,87.5,23.8,113.52,0.38,Italy
2012-08-10,80.6,23.9,113.13,0.37,Italy
2012-08-11,81.76,24.17,113.58,0.36,Italy
2012-08-12,82.92,24.43,114.03,0.35,Italy
2012-08-13,84.08,24.7,114.48,0.34,Italy
2012-08-14,78.6,24.6,113.9,0.31,Italy
2012-08-15,78.7,24.1,115.51,0.29,Italy
2012-08-16,87.07,22.9,116.12,0.28,Italy
2012-08-17,85.52,24.0,115.2,0.26,Italy
2012-08-18,83.48,24.18,115.3,0.25,Italy
2012-08-19,81.43,24.37,115.4,0.25,Italy
2012-08-20,79.39,24.55,115.5,0.24,Italy
2012-08-21,92.76,24.5,116.03,0.22,Italy
2012-08-22,96.39,24.65,115.77,0.23,Italy
2012-08-23,85.69,24.6,117.45,0.23,Italy
2012-08-24,84.04,24.3,115.76,0.22,Italy
2012-08-25,86.28,24.28,115.09,0.21,Italy
2012-08-26,88.53,24.27,114.41,0.21,Italy
2012-08-27,90.77,24.25,113.74,0.21,Italy
2012-08-28,93.9,24.65,112.62,0.2,Italy
2012-08-29,87.12,24.7,112.53,0.19,Italy
2012-08-30,82.93,24.9,112.28,0.19,Italy
2012-08-31,85.59,24.7,113.93,0.18,Italy
2012-09-01,86.94,25.17,113.93,0.18,Italy
2012-09-02,88.28,25.63,113.93,0.18,Italy
2012-09-03,89.63,26.1,113.93,0.18,Italy
2012-09-04,79.65,25.7,114.98,0.18,Italy
2012-09-05,81.24,25.9,113.32,0.18,Italy
2012-09-06,81.99,25.67,114.5,0.2,Italy
2012-09-07,79.93,25.5,113.64,0.15,Italy
2012-09-08,80.57,25.54,113.71,0.15,Italy
2012-09-09,81.21,25.59,113.77,0.15,Italy
2012-09-10,81.85,25.63,113.84,0.15,Italy
2012-09-11,80.32,25.85,114.86,0.15,Italy
2012-09-12,80.55,25.63,114.86,0.15,Italy
2012-09-13,79.5,25.95,116.0,0.16,Italy
2012-09-14,77.23,26.2,117.48,0.15,Italy
2012-09-15,76.78,26.1,117.22,0.15,Italy
2012-09-16,76.33,26.0,116.96,0.16,Italy
2012-09-17,75.88,25.9,116.7,0.16,Italy
2012-09-18,77.96,25.85,113.29,0.17,Italy
2012-09-19,82.18,25.55,108.49,0.16,Italy
2012-09-20,71.83,26.05,109.41,0.16,Italy
2012-09-21,80.6,26.0,111.27,0.14,Italy
2012-09-22,78.3,25.95,110.58,0.14,Italy
2012-09-23,76.01,25.9,109.89,0.14,Italy
2012-09-24,73.71,25.85,109.2,0.14,Italy
2012-09-25,69.03,25.85,110.77,0.13,Italy
2012-09-26,87.43,26.05,108.99,0.16,Italy
2012-09-27,79.76,25.53,111.45,0.16,Italy
2012-09-28,75.73,25.75,111.36,0.17,Italy
2012-09-29,73.06,25.77,111.77,0.16,Italy
2012-09-30,70.4,25.78,112.17,0.16,Italy
2012-10-01,67.73,25.8,112.58,0.15,Italy
2012-10-02,68.11,25.75,112.49,0.15,Italy
2012-10-03,65.84,25.95,109.32,0.14,Italy
2012-10-04,64.24,25.55,110.48,0.13,Italy
2012-10-05,66.62,26.3,112.17,0.14,Italy
2012-10-06,66.3,26.47,112.31,0.14,Italy
2012-10-07,65.99,26.63,112.46,0.14,Italy
2012-10-08,65.67,26.8,112.6,0.14,Italy
2012-10-09,70.25,26.7,114.32,0.12,Italy
2012-10-10,72.54,26.85,116.11,0.12,Italy
2012-10-11,70.59,26.35,116.18,0.11,Italy
2012-10-12,69.89,26.4,115.17,0.11,Italy
2012-10-13,68.9,26.38,115.11,0.11,Italy
2012-10-14,67.91,26.37,115.06,0.11,Italy
2012-10-15,66.92,26.35,115.0,0.11,Italy
2012-10-16,65.43,26.1,115.0,0.11,Italy
2012-10-17,68.11,26.2,113.49,0.12,Italy
2012-10-18,66.34,26.45,112.58,0.11,Italy
2012-10-19,65.69,26.6,111.89,0.11,Italy
2012-10-20,66.33,26.82,111.13,0.11,Italy
2012-10-21,66.96,27.03,110.38,0.11,Italy
2012-10-22,67.6,27.25,109.62,0.11,Italy
2012-10-23,68.37,27.65,107.53,0.12,Italy
2012-10-24,69.58,27.5,107.66,0.11,Italy
2012-10-25,67.76,27.25,107.64,0.1,Italy
2012-10-26,64.53,27.95,108.9,0.11,Italy
2012-10-27,65.88,27.97,109.04,0.11,Italy
2012-10-28,67.23,27.98,109.19,0.11,Italy
2012-10-29,68.58,28.0,109.33,0.12,Italy
2012-10-30,74.92,27.45,109.4,0.12,Italy
2012-10-31,63.11,26.95,109.89,0.12,Italy
2012-11-01,53.15,26.6,108.84,0.12,Italy
2012-11-02,76.32,27.15,106.79,0.11,Italy
2012-11-03,70.42,27.0,106.39,0.12,Italy
2012-11-04,64.51,26.85,105.99,0.12,Italy
2012-11-05,58.61,26.7,105.59,0.12,Italy
2012-11-06,62.89,27.25,109.27,0.12,Italy
2012-11-07,64.27,27.0,108.21,0.13,Italy
2012-11-08,65.06,26.75,107.23,0.13,Italy
2012-11-09,69.89,27.2,108.61,0.13,Italy
2012-11-10,67.5,27.15,109.15,0.13,Italy
2012-11-11,65.1,27.1,109.69,0.13,Italy
2012-11-12,62.71,27.05,110.23,0.13,Italy
2012-11-13,63.9,27.2,108.82,0.12,Italy
2012-11-14,62.98,27.0,109.66,0.1,Italy
2012-11-15,67.31,27.4,110.07,0.11,Italy
2012-11-16,66.89,27.4,106.81,0.12,Italy
2012-11-17,68.64,27.4,107.89,0.12,Italy
2012-11-18,70.4,27.4,108.98,0.13,Italy
2012-11-19,72.15,27.4,110.06,0.13,Italy
2012-11-20,64.31,27.4,110.01,0.13,Italy
2012-11-21,67.29,27.38,110.81,0.14,Italy
2012-11-22,69.09,27.55,110.81,0.13,Italy
2012-11-23,67.25,27.35,110.14,0.13,Italy
2012-11-24,66.9,27.37,110.15,0.13,Italy
2012-11-25,66.55,27.38,110.17,0.13,Italy
2012-11-26,66.2,27.4,110.18,0.13,Italy
2012-11-27,66.21,27.65,109.33,0.13,Italy
2012-11-28,64.93,27.55,108.26,0.11,Italy
2012-11-29,61.0,27.5,110.47,0.11,Italy
2012-11-30,65.54,27.6,110.84,0.1,Italy
2012-12-01,65.86,27.72,110.98,0.1,Italy
2012-12-02,66.17,27.83,111.13,0.09,Italy
2012-12-03,66.49,27.95,111.27,0.09,Italy
2012-12-04,66.16,28.1,109.99,0.08,Italy
2012-12-05,66.33,28.55,108.96,0.07,Italy
2012-12-06,68.62,28.2,108.01,0.06,Italy
2012-12-07,73.63,28.1,107.16,0.06,Italy
2012-12-08,72.28,28.07,107.52,0.06,Italy
2012-12-09,70.93,28.03,107.89,0.06,Italy
2012-12-10,69.58,28.0,108.25,0.06,Italy
2012-12-11,75.15,27.83,107.6,0.05,Italy
2012-12-12,86.03,27.73,110.17,0.05,Italy
2012-12-13,79.78,27.4,110.18,0.05,Italy
2012-12-14,69.67,27.6,109.28,0.05,Italy
2012-12-15,67.65,27.43,109.3,0.05,Italy
2012-12-16,65.64,27.27,109.33,0.05,Italy
2012-12-17,63.62,27.1,109.35,0.05,Italy
2012-12-18,64.6,27.45,109.96,0.04,Italy
2012-12-19,64.89,26.98,109.95,0.04,Italy
2012-12-20,67.39,26.95,110.57,0.04,Italy
2012-12-21,67.16,27.0,109.13,0.04,Italy
2012-12-22,67.25,26.72,108.9,0.04,Italy
2012-12-23,67.34,26.43,108.67,0.04,Italy
2012-12-24,67.43,26.15,108.44,0.03,Italy
2012-12-25,54.6,26.15,108.44,0.04,Italy
2012-12-26,55.85,26.15,110.72,0.04,Italy
2012-12-27,69.46,26.2,110.04,0.03,Italy
2012-12-28,61.66,25.9,110.05,0.02,Italy
2012-12-29,65.21,26.0,110.3,0.02,Italy
2012-12-30,68.77,26.1,110.55,0.02,Italy
2012-12-31,72.32,26.2,110.8,0.02,Italy
2013-01-01,64.33,26.2,110.8,0.03,Italy
2013-01-02,64.75,26.0,112.98,0.01,Italy
2013-01-03,66.0,26.35,113.03,0.02,Italy
2013-01-04,65.61,26.5,112.58,0.03,Italy
2013-01-05,65.82,26.65,112.55,0.03,Italy
2013-01-06,66.03,26.8,112.52,0.03,Italy
2013-01-07,66.24,26.95,112.49,0.03,Italy
2013-01-08,64.24,27.1,113.03,0.04,Italy
2013-01-09,68.43,27.25,113.07,0.04,Italy
2013-01-10,67.78,26.98,112.97,0.03,Italy
2013-01-11,62.78,27.15,110.3,0.03,Italy
2013-01-12,64.5,27.12,110.64,0.03,Italy
2013-01-13,66.21,27.08,110.98,0.03,Italy
2013-01-14,67.93,27.05,111.32,0.03,Italy
2013-01-15,67.68,27.25,111.72,0.03,Italy
2013-01-16,65.22,27.2,110.97,0.03,Italy
2013-01-17,74.97,27.5,111.01,0.03,Italy
2013-01-18,73.49,26.5,111.71,0.03,Italy
2013-01-19,70.51,26.42,111.71,0.03,Italy
2013-01-20,67.53,26.33,111.71,0.03,Italy
2013-01-21,64.55,26.25,111.71,0.03,Italy
2013-01-22,61.73,27.0,112.72,0.03,Italy
2013-01-23,69.59,27.0,113.68,0.02,Italy
2013-01-24,70.54,25.98,114.59,0.02,Italy
2013-01-25,66.84,25.65,113.88,0.03,Italy
2013-01-26,65.79,25.73,113.89,0.03,Italy
2013-01-27,64.73,25.82,113.91,0.03,Italy
2013-01-28,63.68,25.9,113.92,0.03,Italy
2013-01-29,64.15,25.6,115.22,0.03,Italy
2013-01-30,61.8,25.3,115.42,0.03,Italy
2013-01-31,62.8,25.25,115.55,0.04,Italy
2013-02-01,58.5,25.65,115.55,0.05,Italy
2013-02-02,58.87,25.72,115.72,0.06,Italy
2013-02-03,59.24,25.78,115.89,0.07,Italy
2013-02-04,59.61,25.85,116.06,0.08,Italy
2013-02-05,61.39,25.98,117.03,0.09,Italy
2013-02-06,59.97,25.85,116.61,0.1,Italy
2013-02-07,64.39,26.15,117.17,0.12,Italy
2013-02-08,64.33,26.4,118.9,0.13,Italy
2013-02-09,63.33,26.32,118.7,0.13,Italy
2013-02-10,62.34,26.23,118.49,0.13,Italy
2013-02-11,61.34,26.15,118.29,0.13,Italy
2013-02-12,64.7,26.7,117.89,0.12,Italy
2013-02-13,67.1,26.4,118.43,0.12,Italy
2013-02-14,62.84,26.5,118.48,0.11,Italy
2013-02-15,63.13,26.1,117.4,0.11,Italy
2013-02-16,64.69,26.0,117.4,0.1,Italy
2013-02-17,66.25,25.9,117.4,0.1,Italy
2013-02-18,67.81,25.8,117.4,0.1,Italy
2013-02-19,67.7,25.7,117.04,0.09,Italy
2013-02-20,69.82,25.4,116.23,0.09,Italy
2013-02-21,65.83,26.7,114.19,0.1,Italy
2013-02-22,64.05,27.2,113.74,0.11,Italy
2013-02-23,65.09,27.43,114.01,0.11,Italy
2013-02-24,66.12,27.67,114.28,0.11,Italy
2013-02-25,67.16,27.9,114.55,0.1,Italy
2013-02-26,73.43,26.8,112.96,0.13,Italy
2013-02-27,68.85,26.8,112.24,0.14,Italy
2013-02-28,64.87,26.3,112.2,0.15,Italy
2013-03-01,62.78,26.6,110.14,0.15,Italy
2013-03-02,64.08,27.23,110.06,0.15,Italy
2013-03-03,65.39,27.87,109.98,0.16,Italy
2013-03-04,66.69,28.5,109.9,0.16,Italy
2013-03-05,62.32,27.3,110.42,0.16,Italy
2013-03-06,67.61,27.5,110.27,0.15,Italy
2013-03-07,67.9,27.2,110.42,0.15,Italy
2013-03-08,61.04,27.0,108.91,0.14,Italy
2013-03-09,60.31,29.17,108.82,0.14,Italy
2013-03-10,59.59,31.33,108.73,0.14,Italy
2013-03-11,58.86,33.5,108.64,0.13,Italy
2013-03-12,63.8,36.2,108.48,0.12,Italy
2013-03-13,69.8,33.0,107.51,0.11,Italy
2013-03-14,70.98,29.4,108.1,0.1,Italy
2013-03-15,63.96,27.8,109.32,0.09,Italy
2013-03-16,62.98,28.6,109.06,0.09,Italy
2013-03-17,62.01,29.4,108.8,0.09,Italy
2013-03-18,61.03,30.2,108.54,0.09,Italy
2013-03-19,61.44,32.1,106.91,0.1,Italy
2013-03-20,65.86,34.6,108.27,0.11,Italy
2013-03-21,60.64,32.75,106.41,0.11,Italy
2013-03-22,68.45,36.5,106.51,0.11,Italy
2013-03-23,69.47,37.17,106.56,0.11,Italy
2013-03-24,70.48,37.83,106.61,0.11,Italy
2013-03-25,71.5,38.5,106.66,0.11,Italy
2013-03-26,66.56,38.45,107.1,0.11,Italy
2013-03-27,73.74,38.45,108.51,0.12,Italy
2013-03-28,77.19,36.55,108.46,0.11,Italy
2013-03-29,69.44,36.55,108.46,0.1,Italy
2013-03-30,65.54,36.55,108.56,0.1,Italy
2013-03-31,61.63,36.55,108.66,0.1,Italy
2013-04-01,57.73,36.55,108.76,0.1,Italy
2013-04-02,75.51,31.55,109.66,0.09,Italy
2013-04-03,70.73,33.55,107.82,0.09,Italy
2013-04-04,65.23,32.5,105.09,0.1,Italy
2013-04-05,60.21,32.5,103.98,0.11,Italy
2013-04-06,64.44,31.4,103.71,0.12,Italy
2013-04-07,68.67,30.3,103.43,0.12,Italy
2013-04-08,72.9,29.2,103.16,0.13,Italy
2013-04-09,66.82,29.05,104.08,0.12,Italy
2013-04-10,63.64,29.05,104.8,0.13,Italy
2013-04-11,62.43,27.4,103.62,0.13,Italy
2013-04-12,59.93,27.2,100.58,0.13,Italy
2013-04-13,63.41,27.13,100.16,0.13,Italy
2013-04-14,66.89,27.07,99.74,0.13,Italy
2013-04-15,70.37,27.0,99.32,0.13,Italy
2013-04-16,62.32,26.95,97.88,0.11,Italy
2013-04-17,53.73,26.8,96.84,0.12,Italy
2013-04-18,54.46,26.8,97.48,0.12,Italy
2013-04-19,62.71,26.8,98.94,0.13,Italy
2013-04-20,62.59,26.7,98.98,0.13,Italy
2013-04-21,62.46,26.6,99.03,0.13,Italy
2013-04-22,62.34,26.5,99.07,0.13,Italy
2013-04-23,56.42,26.6,99.25,0.14,Italy
2013-04-24,50.25,26.6,100.71,0.13,Italy
2013-04-25,49.88,26.6,101.62,0.11,Italy
2013-04-26,75.39,26.85,102.39,0.11,Italy
2013-04-27,75.34,26.6,102.55,0.11,Italy
2013-04-28,75.29,26.35,102.72,0.1,Italy
2013-04-29,75.24,26.1,102.88,0.1,Italy
2013-04-30,72.25,26.5,101.53,0.09,Italy
2013-05-01,41.93,26.75,98.34,0.08,Italy
2013-05-02,70.84,26.35,100.32,0.07,Italy
2013-05-03,72.59,26.55,104.6,0.07,Italy
2013-05-04,70.01,26.55,104.73,0.06,Italy
2013-05-05,67.44,26.55,104.87,0.06,Italy
2013-05-06,64.86,26.55,105.0,0.06,Italy
2013-05-07,60.45,26.4,105.18,0.05,Italy
2013-05-08,59.22,26.25,103.79,0.05,Italy
2013-05-09,51.21,26.3,103.59,0.04,Italy
2013-05-10,62.71,26.0,101.31,0.03,Italy
2013-05-11,62.04,26.08,101.6,0.03,Italy
2013-05-12,61.38,26.17,101.88,0.03,Italy
2013-05-13,60.71,26.25,102.17,0.03,Italy
2013-05-14,56.93,26.45,102.7,0.03,Italy
2013-05-15,55.35,26.55,101.57,0.03,Italy
2013-05-16,61.63,26.73,104.27,0.02,Italy
2013-05-17,57.06,26.2,103.83,0.02,Italy
2013-05-18,57.08,26.5,104.07,0.02,Italy
2013-05-19,57.09,26.8,104.31,0.02,Italy
2013-05-20,57.11,27.1,104.55,0.02,Italy
2013-05-21,53.72,27.18,103.1,0.02,Italy
2013-05-22,52.29,27.55,102.14,0.01,Italy
2013-05-23,50.76,27.35,100.46,0.02,Italy
2013-05-24,50.36,27.35,101.24,0.01,Italy
2013-05-25,54.63,27.35,101.24,0.01,Italy
2013-05-26,58.89,27.35,101.24,0.01,Italy
2013-05-27,63.16,27.35,101.24,0.01,Italy
2013-05-28,61.5,27.0,103.77,0.01,Italy
2013-05-29,55.5,27.05,102.14,0.01,Italy
2013-05-30,57.96,26.35,101.79,0.01,Italy
2013-05-31,53.87,27.25,100.43,0.01,Italy
2013-06-01,57.12,27.09,100.83,0.01,Italy
2013-06-02,60.38,26.93,101.23,0.01,Italy
2013-06-03,63.63,26.77,101.63,0.01,Italy
2013-06-04,60.46,26.3,102.04,0.01,Italy
2013-06-05,62.11,26.4,103.51,0.01,Italy
2013-06-06,58.01,25.9,103.37,0.02,Italy
2013-06-07,51.51,26.13,104.07,0.02,Italy
2013-06-08,53.5,26.07,104.0,0.02,Italy
2013-06-09,55.5,26.01,103.94,0.02,Italy
2013-06-10,57.49,25.95,103.87,0.02,Italy
2013-06-11,48.69,26.35,101.5,0.03,Italy
2013-06-12,41.9,26.45,103.11,0.03,Italy
2013-06-13,43.68,26.5,103.38,0.03,Italy
2013-06-14,54.83,26.5,105.1,0.04,Italy
2013-06-15,59.7,26.4,105.33,0.04,Italy
2013-06-16,64.57,26.3,105.57,0.04,Italy
2013-06-17,69.44,26.2,105.8,0.04,Italy
2013-06-18,60.64,26.15,105.21,0.04,Italy
2013-06-19,74.07,26.5,105.56,0.04,Italy
2013-06-20,75.6,26.35,102.72,0.08,Italy
2013-06-21,65.33,26.4,100.36,0.1,Italy
2013-06-22,61.7,26.18,100.17,0.11,Italy
2013-06-23,58.06,25.97,99.99,0.11,Italy
2013-06-24,54.43,25.75,99.8,0.12,Italy
2013-06-25,58.1,26.2,101.51,0.12,Italy
2013-06-26,64.13,26.2,100.62,0.12,Italy
2013-06-27,63.79,25.8,102.74,0.11,Italy
2013-06-28,63.31,25.8,102.49,0.12,Italy
2013-06-29,67.88,26.0,102.72,0.12,Italy
2013-06-30,72.45,26.2,102.96,0.12,Italy
2013-07-01,77.02,26.4,103.19,0.12,Italy
2013-07-02,73.2,26.05,103.96,0.12,Italy
2013-07-03,65.97,26.35,106.12,0.14,Italy
2013-07-04,69.51,26.17,106.12,0.13,Italy
2013-07-05,65.17,26.17,107.46,0.13,Italy
2013-07-06,65.16,26.16,107.56,0.13,Italy
2013-07-07,65.16,26.16,107.65,0.13,Italy
2013-07-08,65.15,26.15,107.75,0.12,Italy
2013-07-09,76.19,26.23,107.9,0.11,Italy
2013-07-10,68.67,26.5,108.43,0.1,Italy
2013-07-11,65.88,26.28,108.18,0.1,Italy
2013-07-12,66.33,26.0,109.03,0.1,Italy
2013-07-13,65.6,26.0,109.04,0.1,Italy
2013-07-14,64.88,26.0,109.04,0.1,Italy
2013-07-15,64.15,26.0,109.05,0.1,Italy
2013-07-16,66.2,25.8,109.29,0.09,Italy
2013-07-17,65.95,26.08,109.67,0.08,Italy
2013-07-18,67.4,26.05,109.71,0.08,Italy
2013-07-19,70.12,25.75,109.34,0.07,Italy
2013-07-20,68.12,25.85,109.17,0.07,Italy
2013-07-21,66.12,25.95,108.99,0.06,Italy
2013-07-22,64.12,26.05,108.82,0.06,Italy
2013-07-23,68.55,26.23,109.27,0.05,Italy
2013-07-24,70.55,26.18,108.23,0.06,Italy
2013-07-25,72.03,26.0,108.1,0.05,Italy
2013-07-26,70.95,25.95,107.57,0.04,Italy
2013-07-27,72.7,25.91,107.75,0.04,Italy
2013-07-28,74.45,25.87,107.92,0.04,Italy
2013-07-29,76.2,25.83,108.1,0.04,Italy
2013-07-30,65.96,25.8,107.47,0.03,Italy
2013-07-31,61.91,25.6,107.89,0.03,Italy
2013-08-01,60.81,25.5,109.94,0.03,Italy
2013-08-02,64.67,26.05,109.63,0.02,Italy
2013-08-03,66.56,25.77,109.69,0.02,Italy
2013-08-04,68.44,25.48,109.75,0.02,Italy
2013-08-05,70.33,25.2,109.81,0.02,Italy
2013-08-06,69.07,25.85,108.77,0.02,Italy
2013-08-07,72.35,25.8,108.39,0.01,Italy
2013-08-08,73.4,25.75,107.32,0.01,Italy
2013-08-09,65.28,25.75,108.49,0.01,Italy
2013-08-10,66.17,25.63,108.75,0.01,Italy
2013-08-11,67.06,25.52,109.02,0.01,Italy
2013-08-12,67.95,25.4,109.28,0.01,Italy
2013-08-13,69.29,25.65,110.69,0.01,Italy
2013-08-14,66.18,25.65,110.26,0.01,Italy
2013-08-15,56.28,25.65,111.58,0.0,Italy
2013-08-16,68.24,25.8,111.82,0.01,Italy
2013-08-17,67.55,25.72,111.68,0.01,Italy
2013-08-18,66.86,25.63,111.55,0.01,Italy
2013-08-19,66.17,25.55,111.41,0.01,Italy
2013-08-20,66.43,25.5,110.74,0.0,Italy
2013-08-21,60.48,25.75,110.82,0.0,Italy
2013-08-22,63.87,25.6,110.51,0.0,Italy
2013-08-23,64.63,24.93,112.12,0.0,Italy
2013-08-24,65.01,24.99,112.16,0.0,Italy
2013-08-25,65.38,25.04,112.19,0.0,Italy
2013-08-26,65.76,25.1,112.23,0.0,Italy
2013-08-27,64.31,25.33,115.21,0.01,Italy
2013-08-28,62.33,25.25,116.27,0.02,Italy
2013-08-29,65.24,25.33,116.91,0.02,Italy
2013-08-30,64.26,25.75,115.97,0.02,Italy
2013-08-31,65.41,25.85,115.97,0.02,Italy
2013-09-01,66.56,25.95,115.97,0.02,Italy
2013-09-02,67.71,26.05,115.97,0.02,Italy
2013-09-03,63.34,25.85,115.49,0.02,Italy
2013-09-04,65.8,25.92,115.65,0.02,Italy
2013-09-05,71.94,26.15,115.81,0.02,Italy
2013-09-06,69.91,26.27,117.15,0.01,Italy
2013-09-07,69.49,26.41,116.5,0.01,Italy
2013-09-08,69.07,26.56,115.85,0.01,Italy
2013-09-09,68.65,26.7,115.2,0.01,Italy
2013-09-10,69.28,26.65,112.1,0.02,Italy
2013-09-11,67.22,26.88,112.37,0.02,Italy
2013-09-12,61.81,27.0,113.11,0.02,Italy
2013-09-13,63.81,26.75,113.31,0.01,Italy
2013-09-14,63.47,26.67,112.49,0.01,Italy
2013-09-15,63.12,26.58,111.68,0.02,Italy
2013-09-16,62.78,26.5,110.86,0.02,Italy
2013-09-17,58.08,26.85,109.05,0.02,Italy
2013-09-18,63.78,27.1,109.09,0.01,Italy
2013-09-19,61.62,26.7,110.66,0.02,Italy
2013-09-20,69.71,26.85,110.22,0.01,Italy
2013-09-21,67.47,26.72,109.67,0.01,Italy
2013-09-22,65.22,26.58,109.11,0.01,Italy
2013-09-23,62.98,26.45,108.56,0.01,Italy
2013-09-24,65.65,26.15,107.68,0.01,Italy
2013-09-25,65.13,26.25,109.46,0.01,Italy
2013-09-26,64.0,26.5,108.86,0.01,Italy
2013-09-27,66.07,26.4,109.45,0.01,Italy
2013-09-28,66.39,26.29,108.92,0.01,Italy
2013-09-29,66.7,26.19,108.38,0.01,Italy
2013-09-30,67.02,26.08,107.85,0.01,Italy
2013-10-01,66.79,25.75,107.32,0.01,Italy
2013-10-02,74.45,25.75,109.09,0.01,Italy
2013-10-03,69.66,25.55,109.49,0.01,Italy
2013-10-04,72.25,25.85,109.42,0.01,Italy
2013-10-05,72.84,26.04,109.5,0.01,Italy
2013-10-06,73.43,26.24,109.58,0.0,Italy
2013-10-07,74.02,26.43,109.66,0.0,Italy
2013-10-08,72.65,26.2,110.56,0.0,Italy
2013-10-09,71.68,26.7,109.02,0.0,Italy
2013-10-10,65.61,26.4,111.63,0.0,Italy
2013-10-11,66.38,26.3,110.65,0.0,Italy
2013-10-12,67.1,26.45,110.48,0.0,Italy
2013-10-13,67.81,26.6,110.3,0.0,Italy
2013-10-14,68.53,26.75,110.13,0.0,Italy
2013-10-15,62.56,26.25,110.67,0.0,Italy
2013-10-16,57.02,25.85,110.79,0.0,Italy
2013-10-17,62.57,25.8,109.55,0.0,Italy
2013-10-18,73.45,25.7,109.4,0.0,Italy
2013-10-19,70.59,25.77,109.42,0.0,Italy
2013-10-20,67.74,25.85,109.45,0.0,Italy
2013-10-21,64.88,25.92,109.47,0.0,Italy
2013-10-22,67.41,25.6,109.57,0.0,Italy
2013-10-23,64.7,25.83,107.74,0.0,Italy
2013-10-24,63.43,25.3,106.63,0.0,Italy
2013-10-25,60.31,25.5,105.7,0.0,Italy
2013-10-26,57.72,25.38,106.56,0.0,Italy
2013-10-27,55.12,25.27,107.43,0.0,Italy
2013-10-28,52.53,25.15,108.29,0.0,Italy
2013-10-29,58.06,25.3,108.04,0.0,Italy
2013-10-30,60.93,26.1,108.41,0.0,Italy
2013-10-31,60.76,25.0,107.53,0.01,Italy
2013-11-01,63.01,26.18,105.78,0.01,Italy
2013-11-02,62.48,26.07,105.47,0.01,Italy
2013-11-03,61.96,25.96,105.16,0.01,Italy
2013-11-04,61.43,25.85,104.85,0.0,Italy
2013-11-05,61.79,26.48,105.01,0.01,Italy
2013-11-06,60.41,26.0,105.46,0.0,Italy
2013-11-07,61.68,25.7,103.08,0.01,Italy
2013-11-08,63.85,25.9,104.29,0.01,Italy
2013-11-09,62.55,26.1,104.78,0.01,Italy
2013-11-10,61.26,26.3,105.27,0.01,Italy
2013-11-11,59.96,26.5,105.76,0.01,Italy
2013-11-12,60.99,27.08,106.29,0.01,Italy
2013-11-13,64.23,27.2,106.9,0.01,Italy
2013-11-14,64.15,27.27,108.29,0.0,Italy
2013-11-15,63.98,27.25,108.25,0.0,Italy
2013-11-16,62.84,27.48,108.43,0.0,Italy
2013-11-17,61.69,27.72,108.62,0.0,Italy
2013-11-18,60.55,27.95,108.8,0.0,Italy
2013-11-19,61.04,27.5,108.29,0.01,Italy
2013-11-20,57.88,27.7,108.27,0.01,Italy
2013-11-21,65.0,27.85,109.9,0.01,Italy
2013-11-22,60.59,27.85,111.36,0.01,Italy
2013-11-23,60.72,27.86,111.18,0.01,Italy
2013-11-24,60.86,27.87,111.01,0.01,Italy
2013-11-25,60.99,27.88,110.83,0.02,Italy
2013-11-26,62.12,27.85,112.04,0.02,Italy
2013-11-27,77.16,28.2,111.32,0.02,Italy
2013-11-28,76.26,28.4,111.32,0.02,Italy
2013-11-29,73.07,28.2,111.07,0.02,Italy
2013-11-30,72.4,28.32,111.21,0.02,Italy
2013-12-01,71.73,28.43,111.35,0.02,Italy
2013-12-02,71.06,28.55,111.49,0.02,Italy
2013-12-03,75.92,29.15,113.06,0.05,Italy
2013-12-04,79.47,28.55,113.27,0.05,Italy
2013-12-05,77.55,28.5,112.07,0.05,Italy
2013-12-06,69.75,28.4,111.5,0.05,Italy
2013-12-07,73.19,28.15,111.02,0.04,Italy
2013-12-08,76.64,27.9,110.55,0.04,Italy
2013-12-09,80.08,27.65,110.07,0.04,Italy
2013-12-10,75.66,27.7,108.91,0.04,Italy
2013-12-11,73.85,27.55,109.47,0.04,Italy
2013-12-12,79.84,27.38,108.99,0.04,Italy
2013-12-13,75.37,27.15,108.08,0.04,Italy
2013-12-14,72.49,27.28,108.82,0.04,Italy
2013-12-15,69.62,27.42,109.56,0.04,Italy
2013-12-16,66.74,27.55,110.3,0.04,Italy
2013-12-17,70.64,27.75,108.91,0.03,Italy
2013-12-18,72.9,27.3,109.56,0.04,Italy
2013-12-19,68.13,27.78,110.78,0.03,Italy
2013-12-20,68.69,27.45,112.15,0.02,Italy
2013-12-21,70.25,27.42,111.96,0.02,Italy
2013-12-22,71.8,27.38,111.77,0.02,Italy
2013-12-23,73.36,27.35,111.58,0.02,Italy
2013-12-24,67.94,27.35,111.57,0.01,Italy
2013-12-25,53.03,27.5,111.57,0.01,Italy
2013-12-26,45.2,27.5,111.65,0.01,Italy
2013-12-27,65.25,27.5,112.06,0.02,Italy
2013-12-28,64.72,27.33,111.53,0.02,Italy
2013-12-29,64.18,27.17,111.0,0.02,Italy
2013-12-30,63.65,27.0,110.47,0.02,Italy
2013-12-31,60.02,26.85,109.95,0.02,Italy
2014-01-01,52.88,26.6,109.95,0.02,Italy
2014-01-02,64.7,26.3,107.94,0.03,Italy
2014-01-03,63.36,26.7,106.57,0.03,Italy
2014-01-04,62.89,26.67,106.62,0.03,Italy
2014-01-05,62.42,26.63,106.66,0.03,Italy
2014-01-06,61.95,26.6,106.71,0.02,Italy
2014-01-07,70.55,26.4,107.01,0.02,Italy
2014-01-08,66.22,26.9,107.42,0.01,Italy
2014-01-09,66.66,26.55,107.49,0.01,Italy
2014-01-10,60.51,26.6,106.44,0.01,Italy
2014-01-11,61.53,26.5,106.97,0.01,Italy
2014-01-12,62.54,26.4,107.49,0.01,Italy
2014-01-13,63.56,26.3,108.02,0.01,Italy
2014-01-14,63.51,26.1,107.12,0.01,Italy
2014-01-15,62.92,26.1,108.09,0.01,Italy
2014-01-16,63.56,25.95,107.46,0.02,Italy
2014-01-17,58.21,26.2,108.45,0.02,Italy
2014-01-18,57.11,26.26,108.3,0.02,Italy
2014-01-19,56.01,26.32,108.16,0.01,Italy
2014-01-20,54.91,26.38,108.01,0.01,Italy
2014-01-21,54.64,26.35,109.17,0.01,Italy
2014-01-22,57.81,26.45,109.69,0.01,Italy
2014-01-23,61.72,26.45,109.69,0.01,Italy
2014-01-24,57.82,26.63,109.14,0.03,Italy
2014-01-25,57.27,26.45,109.0,0.03,Italy
2014-01-26,56.71,26.28,108.86,0.03,Italy
2014-01-27,56.16,26.1,108.72,0.03,Italy
2014-01-28,56.78,25.98,109.1,0.03,Italy
2014-01-29,62.76,25.9,108.83,0.02,Italy
2014-01-30,60.59,25.3,109.36,0.03,Italy
2014-01-31,57.81,25.0,108.16,0.03,Italy
2014-02-01,58.08,24.73,107.62,0.04,Italy
2014-02-02,58.34,24.47,107.09,0.04,Italy
2014-02-03,58.61,24.2,106.55,0.04,Italy
2014-02-04,62.55,24.33,107.04,0.04,Italy
2014-02-05,59.46,24.35,106.81,0.03,Italy
2014-02-06,53.27,24.55,108.15,0.03,Italy
2014-02-07,59.23,24.68,110.12,0.03,Italy
2014-02-08,57.18,24.69,110.14,0.02,Italy
2014-02-09,55.12,24.69,110.16,0.02,Italy
2014-02-10,53.07,24.7,110.18,0.02,Italy
2014-02-11,54.06,24.55,109.21,0.02,Italy
2014-02-12,54.93,24.8,108.62,0.02,Italy
2014-02-13,55.68,24.1,108.98,0.01,Italy
2014-02-14,46.98,24.17,108.63,0.01,Italy
2014-02-15,48.05,24.08,108.63,0.01,Italy
2014-02-16,49.13,23.99,108.63,0.01,Italy
2014-02-17,50.2,23.9,108.63,0.01,Italy
2014-02-18,55.05,23.5,110.14,0.01,Italy
2014-02-19,52.36,23.65,110.37,0.01,Italy
2014-02-20,55.96,23.4,109.42,0.01,Italy
2014-02-21,55.82,23.1,109.03,0.01,Italy
2014-02-22,54.9,23.07,109.27,0.01,Italy
2014-02-23,53.99,23.03,109.52,0.01,Italy
2014-02-24,53.07,23.0,109.76,0.01,Italy
2014-02-25,57.46,22.8,109.19,0.01,Italy
2014-02-26,56.79,22.95,109.39,0.01,Italy
2014-02-27,54.04,23.3,108.54,0.01,Italy
2014-02-28,50.88,22.95,108.98,0.01,Italy
2014-03-01,50.1,23.45,109.74,0.02,Italy
2014-03-02,49.33,23.95,110.5,0.03,Italy
2014-03-03,48.55,24.45,111.26,0.04,Italy
2014-03-04,49.18,23.55,109.17,0.03,Italy
2014-03-05,52.96,23.6,108.15,0.02,Italy
2014-03-06,48.68,23.95,107.99,0.03,Italy
2014-03-07,50.36,23.2,109.14,0.03,Italy
2014-03-08,52.59,23.23,108.85,0.02,Italy
2014-03-09,54.82,23.27,108.56,0.02,Italy
2014-03-10,57.05,23.3,108.27,0.02,Italy
2014-03-11,56.82,23.23,108.35,0.02,Italy
2014-03-12,53.3,23.0,107.88,0.01,Italy
2014-03-13,55.45,23.15,107.48,0.02,Italy
2014-03-14,53.96,23.3,108.08,0.01,Italy
2014-03-15,53.14,23.12,107.72,0.01,Italy
2014-03-16,52.32,22.93,107.35,0.01,Italy
2014-03-17,51.5,22.75,106.99,0.01,Italy
2014-03-18,49.34,22.65,106.79,0.01,Italy
2014-03-19,47.37,22.8,105.95,0.01,Italy
2014-03-20,46.54,22.13,105.73,0.01,Italy
2014-03-21,48.47,22.0,107.2,0.01,Italy
2014-03-22,47.04,22.2,107.0,0.01,Italy
2014-03-23,45.62,22.4,106.79,0.01,Italy
2014-03-24,44.19,22.6,106.59,0.01,Italy
2014-03-25,52.07,22.35,107.01,0.01,Italy
2014-03-26,50.32,21.9,105.9,0.0,Italy
2014-03-27,50.2,22.0,106.58,0.0,Italy
2014-03-28,48.5,21.1,106.64,0.0,Italy
2014-03-29,53.17,21.1,106.41,0.0,Italy
2014-03-30,57.85,21.1,106.18,0.0,Italy
2014-03-31,62.52,21.1,105.95,0.0,Italy
2014-04-01,42.31,19.95,105.7,0.0,Italy
2014-04-02,45.33,20.0,103.37,0.0,Italy
2014-04-03,47.21,19.5,104.88,0.0,Italy
2014-04-04,50.47,19.8,106.41,0.0,Italy
2014-04-05,48.19,20.11,105.9,0.0,Italy
2014-04-06,45.92,20.42,105.4,0.0,Italy
2014-04-07,43.64,20.73,104.89,0.0,Italy
2014-04-08,45.27,21.1,105.83,0.01,Italy
2014-04-09,40.17,21.05,107.39,0.01,Italy
2014-04-10,42.95,21.4,107.1,0.01,Italy
2014-04-11,42.43,21.4,107.34,0.01,Italy
2014-04-12,44.15,21.5,107.45,0.01,Italy
2014-04-13,45.87,21.6,107.57,0.01,Italy
2014-04-14,47.59,21.7,107.68,0.01,Italy
2014-04-15,42.63,21.5,109.1,0.01,Italy
2014-04-16,44.71,21.4,109.71,0.01,Italy
2014-04-17,43.18,20.6,109.79,0.01,Italy
2014-04-18,43.6,20.65,109.79,0.01,Italy
2014-04-19,43.7,20.65,109.76,0.0,Italy
2014-04-20,43.79,20.65,109.72,0.0,Italy
2014-04-21,43.89,20.65,109.69,0.0,Italy
2014-04-22,65.54,20.25,108.54,0.0,Italy
2014-04-23,53.5,19.58,108.48,0.0,Italy
2014-04-24,53.8,19.5,109.79,0.0,Italy
2014-04-25,43.84,19.95,109.53,0.0,Italy
2014-04-26,48.51,19.95,109.39,0.0,Italy
2014-04-27,53.19,19.95,109.26,0.0,Italy
2014-04-28,57.86,19.95,109.12,0.0,Italy
2014-04-29,52.52,19.7,109.89,0.0,Italy
2014-04-30,54.89,18.95,108.63,0.0,Italy
2014-05-01,35.75,18.45,108.63,0.0,Italy
2014-05-02,55.83,20.0,109.48,0.0,Italy
2014-05-03,52.56,19.88,109.48,0.0,Italy
2014-05-04,49.3,19.77,109.48,0.0,Italy
2014-05-05,46.03,19.65,109.48,0.0,Italy
2014-05-06,49.64,18.78,108.3,0.0,Italy
2014-05-07,48.18,18.7,108.17,0.0,Italy
2014-05-08,46.05,19.5,108.19,0.0,Italy
2014-05-09,49.3,19.2,108.26,0.0,Italy
2014-05-10,47.65,19.25,108.3,0.0,Italy
2014-05-11,46.01,19.3,108.33,0.0,Italy
2014-05-12,44.36,19.35,108.37,0.0,Italy
2014-05-13,48.19,19.73,108.78,0.0,Italy
2014-05-14,39.14,19.35,109.87,0.0,Italy
2014-05-15,48.93,19.05,109.74,0.01,Italy
2014-05-16,48.83,19.1,110.9,0.01,Italy
2014-05-17,51.44,18.93,110.88,0.01,Italy
2014-05-18,54.05,18.77,110.86,0.01,Italy
2014-05-19,56.66,18.6,110.84,0.01,Italy
2014-05-20,51.95,19.3,110.35,0.01,Italy
2014-05-21,52.19,19.4,111.32,0.01,Italy
2014-05-22,51.58,19.3,110.89,0.01,Italy
2014-05-23,52.26,18.9,110.19,0.0,Italy
2014-05-24,51.25,18.92,110.13,0.0,Italy
2014-05-25,50.25,18.93,110.07,0.0,Italy
2014-05-26,49.24,18.95,110.01,0.0,Italy
2014-05-27,42.16,19.05,109.81,0.0,Italy
2014-05-28,48.67,18.33,109.09,0.0,Italy
2014-05-29,53.22,18.5,109.98,0.0,Italy
2014-05-30,47.41,18.75,109.21,0.0,Italy
2014-05-31,44.99,18.56,109.25,0.0,Italy
2014-06-01,42.57,18.36,109.3,0.0,Italy
2014-06-02,40.15,18.17,109.34,0.0,Italy
2014-06-03,46.62,18.35,108.87,0.0,Italy
2014-06-04,48.12,17.4,109.07,0.0,Italy
2014-06-05,46.71,16.78,108.43,0.0,Italy
2014-06-06,47.54,16.3,109.21,0.01,Italy
2014-06-07,44.02,16.2,109.66,0.01,Italy
2014-06-08,40.49,16.1,110.1,0.01,Italy
2014-06-09,36.97,16.0,110.55,0.01,Italy
2014-06-10,49.6,17.3,109.18,0.01,Italy
2014-06-11,50.83,17.5,109.83,0.01,Italy
2014-06-12,56.96,16.8,112.18,0.01,Italy
2014-06-13,56.89,18.0,113.15,0.0,Italy
2014-06-14,57.04,18.03,113.24,0.0,Italy
2014-06-15,57.19,18.07,113.33,0.0,Italy
2014-06-16,57.34,18.1,113.42,0.0,Italy
2014-06-17,56.27,17.95,114.02,0.0,Italy
2014-06-18,50.79,17.9,114.25,0.0,Italy
2014-06-19,48.26,17.6,115.19,0.0,Italy
2014-06-20,46.97,17.45,114.55,0.0,Italy
2014-06-21,48.11,17.34,114.24,0.0,Italy
2014-06-22,49.24,17.24,113.93,0.0,Italy
2014-06-23,50.38,17.13,113.62,0.0,Italy
2014-06-24,46.23,17.85,113.74,0.0,Italy
2014-06-25,49.9,17.55,112.84,0.01,Italy
2014-06-26,52.87,17.35,112.61,0.01,Italy
2014-06-27,51.22,17.4,112.62,0.0,Italy
2014-06-28,47.95,17.05,112.09,0.01,Italy
2014-06-29,44.69,16.7,111.56,0.01,Italy
2014-06-30,41.42,16.35,111.03,0.01,Italy
2014-07-01,50.15,16.85,110.84,0.01,Italy
2014-07-02,50.31,16.5,110.18,0.01,Italy
2014-07-03,47.31,15.6,108.98,0.01,Italy
2014-07-04,47.41,16.3,108.98,0.01,Italy
2014-07-05,48.75,15.8,108.89,0.01,Italy
2014-07-06,50.08,15.3,108.79,0.01,Italy
2014-07-07,51.42,14.8,108.7,0.01,Italy
2014-07-08,46.63,15.9,107.65,0.01,Italy
2014-07-09,44.5,15.65,106.84,0.01,Italy
2014-07-10,45.44,15.2,106.2,0.01,Italy
2014-07-11,44.03,15.2,105.77,0.01,Italy
2014-07-12,44.56,15.63,105.42,0.01,Italy
2014-07-13,45.08,16.07,105.08,0.01,Italy
2014-07-14,45.61,16.5,104.73,0.01,Italy
2014-07-15,46.92,16.2,104.73,0.01,Italy
2014-07-16,43.63,16.45,105.41,0.01,Italy
2014-07-17,46.44,16.9,106.04,0.01,Italy
2014-07-18,50.27,16.48,106.03,0.01,Italy
2014-07-19,48.7,16.49,105.92,0.01,Italy
2014-07-20,47.12,16.49,105.82,0.01,Italy
2014-07-21,45.55,16.5,105.71,0.01,Italy
2014-07-22,46.92,16.5,106.48,0.01,Italy
2014-07-23,50.24,16.7,106.85,0.01,Italy
2014-07-24,50.07,16.85,105.78,0.01,Italy
2014-07-25,49.58,17.95,106.89,0.01,Italy
2014-07-26,49.76,18.07,106.83,0.01,Italy
2014-07-27,49.95,18.18,106.76,0.01,Italy
2014-07-28,50.13,18.3,106.7,0.01,Italy
2014-07-29,49.18,17.9,106.98,0.01,Italy
2014-07-30,45.55,17.3,106.47,0.01,Italy
2014-07-31,47.6,17.1,104.94,0.01,Italy
2014-08-01,48.64,16.2,103.45,0.01,Italy
2014-08-02,48.23,16.27,103.51,0.01,Italy
2014-08-03,47.82,16.33,103.57,0.01,Italy
2014-08-04,47.41,16.4,103.63,0.01,Italy
2014-08-05,49.0,16.6,102.82,0.01,Italy
2014-08-06,45.56,16.3,104.17,0.01,Italy
2014-08-07,44.52,16.35,104.02,0.02,Italy
2014-08-08,45.03,16.9,103.36,0.02,Italy
2014-08-09,45.98,16.68,103.4,0.02,Italy
2014-08-10,46.93,16.45,103.43,0.02,Italy
2014-08-11,47.88,16.23,103.47,0.02,Italy
2014-08-12,48.23,16.3,101.68,0.02,Italy
2014-08-13,48.26,17.3,102.27,0.02,Italy
2014-08-14,42.83,17.5,101.15,0.01,Italy
2014-08-15,39.17,18.85,101.13,0.02,Italy
2014-08-16,42.18,18.57,100.54,0.02,Italy
2014-08-17,45.19,18.28,99.96,0.02,Italy
2014-08-18,48.2,18.0,99.37,0.02,Italy
2014-08-19,46.94,17.9,99.74,0.01,Italy
2014-08-20,45.11,17.65,99.92,0.01,Italy
2014-08-21,45.5,17.38,100.28,0.01,Italy
2014-08-22,45.85,18.25,100.09,0.01,Italy
2014-08-23,47.79,18.15,100.22,0.01,Italy
2014-08-24,49.74,18.05,100.36,0.01,Italy
2014-08-25,51.68,17.95,100.49,0.01,Italy
2014-08-26,52.82,18.55,100.5,0.01,Italy
2014-08-27,48.9,17.85,100.4,0.01,Italy
2014-08-28,55.88,19.08,100.71,0.01,Italy
2014-08-29,54.96,19.9,101.12,0.01,Italy
2014-08-30,53.23,20.21,101.12,0.01,Italy
2014-08-31,51.49,20.52,101.12,0.01,Italy
2014-09-01,49.76,20.83,101.12,0.01,Italy
2014-09-02,52.91,20.13,100.21,0.02,Italy
2014-09-03,61.8,20.5,100.88,0.02,Italy
2014-09-04,58.1,20.65,101.21,0.02,Italy
2014-09-05,56.53,20.4,99.51,0.02,Italy
2014-09-06,55.53,20.28,99.52,0.02,Italy
2014-09-07,54.52,20.17,99.52,0.02,Italy
2014-09-08,53.52,20.05,99.53,0.02,Italy
2014-09-09,55.66,19.4,98.08,0.02,Italy
2014-09-10,60.38,19.85,96.26,0.01,Italy
2014-09-11,58.62,19.4,96.42,0.01,Italy
2014-09-12,57.0,19.1,96.31,0.01,Italy
2014-09-13,57.43,19.72,96.35,0.01,Italy
2014-09-14,57.87,20.33,96.39,0.01,Italy
2014-09-15,58.3,20.95,96.43,0.01,Italy
2014-09-16,60.51,21.38,97.39,0.01,Italy
2014-09-17,58.46,20.4,97.7,0.01,Italy
2014-09-18,58.62,21.35,96.82,0.01,Italy
2014-09-19,58.95,21.0,96.75,0.02,Italy
2014-09-20,60.01,21.3,96.29,0.02,Italy
2014-09-21,61.07,21.6,95.83,0.02,Italy
2014-09-22,62.13,21.9,95.37,0.02,Italy
2014-09-23,60.73,21.5,94.87,0.02,Italy
2014-09-24,64.65,21.95,94.53,0.02,Italy
2014-09-25,63.38,22.03,95.2,0.02,Italy
2014-09-26,59.51,21.3,95.08,0.03,Italy
2014-09-27,68.87,21.43,95.29,0.03,Italy
2014-09-28,78.24,21.57,95.49,0.02,Italy
2014-09-29,87.6,21.7,95.7,0.02,Italy
2014-09-30,65.08,20.7,94.67,0.02,Italy
2014-10-01,67.05,21.5,94.57,0.03,Italy
2014-10-02,69.61,21.2,91.29,0.03,Italy
2014-10-03,64.65,20.28,90.8,0.03,Italy
2014-10-04,65.74,20.6,90.75,0.03,Italy
2014-10-05,66.82,20.93,90.7,0.03,Italy
2014-10-06,67.91,21.25,90.65,0.03,Italy
2014-10-07,70.24,20.6,90.9,0.03,Italy
2014-10-08,76.82,20.68,90.25,0.03,Italy
2014-10-09,71.21,21.25,90.47,0.03,Italy
2014-10-10,66.74,20.98,88.66,0.03,Italy
2014-10-11,65.87,21.04,88.38,0.03,Italy
2014-10-12,64.99,21.09,88.1,0.03,Italy
2014-10-13,64.12,21.15,87.82,0.03,Italy
2014-10-14,60.14,20.8,86.36,0.03,Italy
2014-10-15,57.93,20.78,84.02,0.07,Italy
2014-10-16,55.98,21.4,84.02,0.09,Italy
2014-10-17,56.95,20.8,85.27,0.09,Italy
2014-10-18,60.45,20.77,84.99,0.09,Italy
2014-10-19,63.94,20.73,84.7,0.09,Italy
2014-10-20,67.44,20.7,84.42,0.09,Italy
2014-10-21,65.46,21.45,85.17,0.08,Italy
2014-10-22,57.97,22.25,86.38,0.07,Italy
2014-10-23,60.03,22.05,85.94,0.05,Italy
2014-10-24,58.73,21.95,86.0,0.05,Italy
2014-10-25,59.63,21.88,85.88,0.04,Italy
2014-10-26,60.53,21.82,85.76,0.04,Italy
2014-10-27,61.43,21.75,85.64,0.04,Italy
2014-10-28,63.68,22.45,85.57,0.03,Italy
2014-10-29,68.66,22.2,86.91,0.03,Italy
2014-10-30,69.14,21.1,85.5,0.03,Italy
2014-10-31,62.76,20.6,84.17,0.02,Italy
2014-11-01,62.62,21.15,84.41,0.02,Italy
2014-11-02,62.47,21.7,84.66,0.02,Italy
2014-11-03,62.33,22.25,84.9,0.02,Italy
2014-11-04,57.76,22.25,82.12,0.02,Italy
2014-11-05,53.78,21.7,82.88,0.01,Italy
2014-11-06,53.28,21.8,82.08,0.01,Italy
2014-11-07,54.44,22.65,83.2,0.01,Italy
2014-11-08,56.33,22.63,83.1,0.01,Italy
2014-11-09,58.21,22.62,83.0,0.01,Italy
2014-11-10,60.1,22.6,82.9,0.01,Italy
2014-11-11,59.12,22.83,80.94,0.01,Italy
2014-11-12,57.42,22.43,80.42,0.01,Italy
2014-11-13,55.58,22.2,77.74,0.01,Italy
2014-11-14,54.52,22.25,77.51,0.01,Italy
2014-11-15,53.79,22.45,77.29,0.01,Italy
2014-11-16,53.06,22.65,77.08,0.01,Italy
2014-11-17,52.33,22.85,76.86,0.01,Italy
2014-11-18,52.42,22.8,77.23,0.01,Italy
2014-11-19,58.85,23.0,77.21,0.0,Italy
2014-11-20,56.1,23.4,77.61,0.0,Italy
2014-11-21,56.6,23.3,79.2,0.01,Italy
2014-11-22,57.84,23.53,79.34,0.01,Italy
2014-11-23,59.08,23.77,79.48,0.01,Italy
2014-11-24,60.32,24.0,79.62,0.01,Italy
2014-11-25,61.7,24.9,77.62,0.01,Italy
2014-11-26,64.99,24.6,77.39,0.0,Italy
2014-11-27,62.6,23.7,77.39,0.0,Italy
2014-11-28,58.38,24.05,71.89,0.0,Italy
2014-11-29,57.52,24.05,71.55,0.01,Italy
2014-11-30,56.67,24.05,71.21,0.01,Italy
2014-12-01,55.81,24.05,70.87,0.01,Italy
2014-12-02,65.77,23.8,71.13,0.01,Italy
2014-12-03,65.45,23.7,70.13,0.01,Italy
2014-12-04,67.64,23.42,68.48,0.01,Italy
2014-12-05,64.8,23.43,68.0,0.01,Italy
2014-12-06,62.13,23.22,67.21,0.01,Italy
2014-12-07,59.46,23.01,66.43,0.01,Italy
2014-12-08,56.79,22.8,65.64,0.01,Italy
2014-12-09,63.74,23.2,66.11,0.01,Italy
2014-12-10,58.98,22.9,63.32,0.01,Italy
2014-12-11,61.18,22.6,63.65,0.01,Italy
2014-12-12,64.82,22.73,61.67,0.02,Italy
2014-12-13,59.7,22.6,61.48,0.02,Italy
2014-12-14,54.57,22.46,61.28,0.02,Italy
2014-12-15,49.45,22.33,61.09,0.02,Italy
2014-12-16,64.18,22.48,60.26,0.02,Italy
2014-12-17,64.25,22.2,59.84,0.02,Italy
2014-12-18,62.39,22.3,58.81,0.02,Italy
2014-12-19,60.42,22.3,58.87,0.03,Italy
2014-12-20,60.83,22.04,58.68,0.02,Italy
2014-12-21,61.25,21.79,58.5,0.02,Italy
2014-12-22,61.66,21.53,58.31,0.02,Italy
2014-12-23,58.24,21.58,59.07,0.02,Italy
2014-12-24,59.19,22.2,58.67,0.02,Italy
2014-12-25,49.15,22.2,58.67,0.01,Italy
2014-12-26,48.99,22.7,58.72,0.01,Italy
2014-12-27,50.72,22.43,58.43,0.01,Italy
2014-12-28,52.44,22.17,58.15,0.01,Italy
2014-12-29,54.17,21.9,57.86,0.01,Italy
2014-12-30,59.05,21.23,55.6,0.01,Italy
2014-12-31,59.9,20.4,55.27,0.01,Italy
2015-01-01,45.47,20.7,55.27,0.01,Italy
2015-01-02,56.99,20.3,55.38,0.01,Italy
2015-01-03,55.78,20.13,53.95,0.01,Italy
2015-01-04,54.58,19.97,52.51,0.01,Italy
2015-01-05,53.37,19.8,51.08,0.01,Italy
2015-01-06,61.62,19.2,50.12,0.03,Italy
2015-01-07,60.38,19.15,49.06,0.03,Italy
2015-01-08,60.8,19.4,49.43,0.03,Italy
2015-01-09,56.33,19.15,47.64,0.03,Italy
2015-01-10,54.17,19.33,47.39,0.03,Italy
2015-01-11,52.0,19.52,47.15,0.03,Italy
2015-01-12,49.84,19.7,46.9,0.03,Italy
2015-01-13,55.1,20.15,45.13,0.02,Italy
2015-01-14,51.12,20.1,45.82,0.02,Italy
2015-01-15,53.06,19.9,47.66,0.03,Italy
2015-01-16,52.05,19.8,47.38,0.04,Italy
2015-01-17,52.14,19.55,47.38,0.04,Italy
2015-01-18,52.24,19.3,47.38,0.04,Italy
2015-01-19,52.33,19.05,47.38,0.04,Italy
2015-01-20,54.03,19.13,46.49,0.04,Italy
2015-01-21,53.49,19.3,46.5,0.04,Italy
2015-01-22,52.77,19.4,46.09,0.08,Italy
2015-01-23,52.66,19.5,46.69,0.11,Italy
2015-01-24,51.92,19.5,46.48,0.11,Italy
2015-01-25,51.18,19.5,46.28,0.12,Italy
2015-01-26,50.44,19.5,46.07,0.12,Italy
2015-01-27,52.0,20.08,46.55,0.12,Italy
2015-01-28,52.21,20.45,47.07,0.12,Italy
2015-01-29,51.75,20.7,46.61,0.12,Italy
2015-01-30,48.81,20.15,47.52,0.11,Italy
2015-01-31,50.22,20.53,48.93,0.11,Italy
2015-02-01,51.63,20.9,50.33,0.11,Italy
2015-02-02,53.04,21.28,51.74,0.11,Italy
2015-02-03,60.24,21.15,54.41,0.13,Italy
2015-02-04,56.67,21.0,55.07,0.13,Italy
2015-02-05,56.48,21.65,55.98,0.12,Italy
2015-02-06,53.14,21.1,55.88,0.11,Italy
2015-02-07,54.39,21.35,56.25,0.11,Italy
2015-02-08,55.65,21.6,56.63,0.1,Italy
2015-02-09,56.9,21.85,57.0,0.1,Italy
2015-02-10,58.91,22.5,55.79,0.1,Italy
2015-02-11,60.06,23.5,53.48,0.09,Italy
2015-02-12,61.95,24.5,56.23,0.09,Italy
2015-02-13,56.33,23.85,60.33,0.09,Italy
2015-02-14,56.15,23.63,60.74,0.08,Italy
2015-02-15,55.96,23.42,61.16,0.08,Italy
2015-02-16,55.78,23.2,61.57,0.07,Italy
2015-02-17,52.42,22.85,60.78,0.08,Italy
2015-02-18,55.65,22.85,60.72,0.08,Italy
2015-02-19,57.13,22.08,58.78,0.07,Italy
2015-02-20,56.41,22.3,60.99,0.06,Italy
2015-02-21,55.33,22.18,60.59,0.06,Italy
2015-02-22,54.24,22.07,60.18,0.06,Italy
2015-02-23,53.16,21.95,59.78,0.06,Italy
2015-02-24,52.97,22.73,60.33,0.05,Italy
2015-02-25,52.73,23.13,59.77,0.03,Italy
2015-02-26,55.2,23.95,61.39,0.05,Italy
2015-02-27,57.7,23.9,61.89,0.04,Italy
2015-02-28,53.75,23.61,61.51,0.04,Italy
2015-03-01,49.8,23.31,61.13,0.04,Italy
2015-03-02,45.85,23.02,60.75,0.03,Italy
2015-03-03,56.6,22.05,61.18,0.02,Italy
2015-03-04,53.16,22.45,59.18,0.03,Italy
2015-03-05,51.29,21.92,60.33,0.03,Italy
2015-03-06,49.4,22.45,59.15,0.03,Italy
2015-03-07,49.65,22.27,58.99,0.03,Italy
2015-03-08,49.89,22.08,58.83,0.03,Italy
2015-03-09,50.14,21.9,58.67,0.03,Italy
2015-03-10,53.42,22.08,55.95,0.06,Italy
2015-03-11,52.0,22.23,56.46,0.11,Italy
2015-03-12,46.86,22.2,56.66,0.13,Italy
2015-03-13,48.21,21.5,54.8,0.15,Italy
2015-03-14,50.55,21.45,53.87,0.15,Italy
2015-03-15,52.89,21.4,52.93,0.15,Italy
2015-03-16,55.23,21.35,52.0,0.15,Italy
2015-03-17,53.48,21.3,52.17,0.15,Italy
2015-03-18,52.51,21.5,52.59,0.17,Italy
2015-03-19,50.01,21.0,52.96,0.17,Italy
2015-03-20,61.57,21.0,53.88,0.19,Italy
2015-03-21,59.29,21.1,53.86,0.19,Italy
2015-03-22,57.01,21.2,53.84,0.19,Italy
2015-03-23,54.73,21.3,53.82,0.19,Italy
2015-03-24,57.33,21.7,53.61,0.2,Italy
2015-03-25,56.97,21.35,54.18,0.18,Italy
2015-03-26,54.04,22.2,57.02,0.18,Italy
2015-03-27,49.42,21.95,56.44,0.17,Italy
2015-03-28,46.91,21.97,55.62,0.17,Italy
2015-03-29,44.39,21.98,54.81,0.17,Italy
2015-03-30,41.88,22.0,53.99,0.17,Italy
2015-03-31,43.97,22.4,53.69,0.17,Italy
2015-04-01,42.8,23.2,55.73,0.16,Italy
2015-04-02,51.42,22.9,55.73,0.17,Italy
2015-04-03,43.82,22.45,55.73,0.15,Italy
2015-04-04,40.15,22.58,55.73,0.14,Italy
2015-04-05,36.47,22.72,55.73,0.13,Italy
2015-04-06,32.8,22.85,55.73,0.12,Italy
2015-04-07,47.92,22.7,57.55,0.13,Italy
2015-04-08,46.65,22.17,56.42,0.11,Italy
2015-04-09,49.39,22.35,56.04,0.12,Italy
2015-04-10,48.56,23.1,56.82,0.11,Italy
2015-04-11,50.19,22.85,56.93,0.11,Italy
2015-04-12,51.83,22.6,57.03,0.11,Italy
2015-04-13,53.46,22.35,57.14,0.11,Italy
2015-04-14,48.89,22.1,57.69,0.09,Italy
2015-04-15,48.51,22.25,59.32,0.07,Italy
2015-04-16,49.5,22.17,60.13,0.06,Italy
2015-04-17,46.37,21.43,61.31,0.07,Italy
2015-04-18,48.24,21.55,61.27,0.07,Italy
2015-04-19,50.11,21.68,61.24,0.07,Italy
2015-04-20,51.98,21.8,61.2,0.07,Italy
2015-04-21,43.4,21.75,60.12,0.07,Italy
2015-04-22,48.11,21.45,60.12,0.06,Italy
2015-04-23,49.83,21.6,62.66,0.07,Italy
2015-04-24,51.45,21.75,62.96,0.07,Italy
2015-04-25,52.57,21.73,62.93,0.07,Italy
2015-04-26,53.68,21.72,62.89,0.07,Italy
2015-04-27,54.8,21.7,62.86,0.07,Italy
2015-04-28,44.02,21.6,62.61,0.07,Italy
2015-04-29,49.64,21.3,63.97,0.08,Italy
2015-04-30,46.03,20.75,63.9,0.1,Italy
2015-05-01,37.67,20.1,64.13,0.11,Italy
2015-05-02,45.97,20.33,64.29,0.12,Italy
2015-05-03,54.26,20.57,64.46,0.12,Italy
2015-05-04,62.56,20.8,64.62,0.12,Italy
2015-05-05,54.26,20.2,65.44,0.12,Italy
2015-05-06,59.04,20.25,66.22,0.14,Italy
2015-05-07,53.36,20.2,64.93,0.13,Italy
2015-05-08,52.35,20.33,63.82,0.14,Italy
2015-05-09,49.88,20.59,63.49,0.14,Italy
2015-05-10,47.42,20.84,63.15,0.14,Italy
2015-05-11,44.95,21.1,62.82,0.14,Italy
2015-05-12,53.79,20.9,65.09,0.13,Italy
2015-05-13,54.31,20.7,66.33,0.13,Italy
2015-05-14,46.62,20.73,65.58,0.12,Italy
2015-05-15,49.83,20.4,64.69,0.12,Italy
2015-05-16,49.96,20.5,64.84,0.12,Italy
2015-05-17,50.08,20.6,65.0,0.11,Italy
2015-05-18,50.21,20.7,65.15,0.11,Italy
2015-05-19,49.95,20.55,63.48,0.13,Italy
2015-05-20,47.59,20.53,63.52,0.12,Italy
2015-05-21,48.53,20.53,64.7,0.11,Italy
2015-05-22,46.05,20.45,64.7,0.11,Italy
2015-05-23,46.46,20.48,64.7,0.1,Italy
2015-05-24,46.88,20.52,64.7,0.1,Italy
2015-05-25,47.29,20.55,64.7,0.1,Italy
2015-05-26,49.88,20.55,61.65,0.1,Italy
2015-05-27,45.51,20.7,61.35,0.1,Italy
2015-05-28,44.7,20.65,60.12,0.09,Italy
2015-05-29,48.31,20.6,63.16,0.09,Italy
2015-05-30,49.08,20.58,63.06,0.09,Italy
2015-05-31,49.85,20.55,62.97,0.09,Italy
2015-06-01,50.62,20.53,62.87,0.09,Italy
2015-06-02,44.7,20.35,63.14,0.11,Italy
2015-06-03,52.89,20.28,62.78,0.12,Italy
2015-06-04,54.42,20.25,60.34,0.12,Italy
2015-06-05,51.9,20.3,60.36,0.13,Italy
2015-06-06,52.1,20.47,60.68,0.13,Italy
2015-06-07,52.3,20.63,61.01,0.14,Italy
2015-06-08,52.5,20.8,61.33,0.14,Italy
2015-06-09,50.75,20.65,63.23,0.14,Italy
2015-06-10,49.77,20.68,64.68,0.15,Italy
2015-06-11,49.54,20.25,63.76,0.15,Italy
2015-06-12,55.71,20.23,63.19,0.15,Italy
2015-06-13,53.82,20.25,62.46,0.15,Italy
2015-06-14,51.93,20.28,61.72,0.16,Italy
2015-06-15,50.04,20.3,60.99,0.16,Italy
2015-06-16,54.36,20.55,60.75,0.16,Italy
2015-06-17,56.24,20.33,60.75,0.16,Italy
2015-06-18,47.13,20.4,61.37,0.16,Italy
2015-06-19,47.14,20.63,59.41,0.15,Italy
2015-06-20,46.58,20.69,59.79,0.15,Italy
2015-06-21,46.03,20.74,60.16,0.15,Italy
2015-06-22,45.47,20.8,60.54,0.16,Italy
2015-06-23,45.44,21.0,61.67,0.17,Italy
2015-06-24,48.16,20.9,61.63,0.16,Italy
2015-06-25,48.62,20.58,60.24,0.15,Italy
2015-06-26,46.65,20.48,60.14,0.15,Italy
2015-06-27,47.15,20.45,59.77,0.16,Italy
2015-06-28,47.64,20.41,59.4,0.16,Italy
2015-06-29,48.14,20.38,59.03,0.17,Italy
2015-06-30,51.36,20.78,60.31,0.19,Italy
2015-07-01,48.87,20.7,61.65,0.2,Italy
2015-07-02,52.24,21.03,61.73,0.2,Italy
2015-07-03,52.92,20.9,59.06,0.2,Italy
2015-07-04,55.7,20.93,58.44,0.2,Italy
2015-07-05,58.48,20.97,57.81,0.21,Italy
2015-07-06,61.26,21.0,57.19,0.21,Italy
2015-07-07,67.89,20.85,54.72,0.23,Italy
2015-07-08,70.68,20.55,55.7,0.23,Italy
2015-07-09,75.51,21.0,57.83,0.23,Italy
2015-07-10,66.56,20.83,57.72,0.23,Italy
2015-07-11,64.22,20.9,57.69,0.24,Italy
2015-07-12,61.88,20.98,57.66,0.25,Italy
2015-07-13,59.54,21.05,57.63,0.26,Italy
2015-07-14,68.3,21.1,57.2,0.26,Italy
2015-07-15,76.37,21.4,57.34,0.26,Italy
2015-07-16,77.74,21.05,57.31,0.26,Italy
2015-07-17,76.97,21.05,56.38,0.25,Italy
2015-07-18,74.94,21.07,56.39,0.24,Italy
2015-07-19,72.92,21.08,56.41,0.24,Italy
2015-07-20,70.89,21.1,56.42,0.23,Italy
2015-07-21,80.49,21.0,55.94,0.23,Italy
2015-07-22,105.16,20.83,56.36,0.21,Italy
2015-07-23,127.46,20.5,55.76,0.2,Italy
2015-07-24,90.3,20.45,54.29,0.18,Italy
2015-07-25,81.59,20.48,54.22,0.19,Italy
2015-07-26,72.88,20.52,54.14,0.19,Italy
2015-07-27,64.17,20.55,54.07,0.2,Italy
2015-07-28,68.22,20.77,54.3,0.19,Italy
2015-07-29,73.43,20.73,54.73,0.19,Italy
2015-07-30,69.59,20.9,54.29,0.18,Italy
2015-07-31,68.31,20.4,53.29,0.16,Italy
2015-08-01,65.78,20.43,52.02,0.16,Italy
2015-08-02,63.25,20.45,50.76,0.15,Italy
2015-08-03,60.72,20.48,49.49,0.15,Italy
2015-08-04,60.61,19.95,49.08,0.14,Italy
2015-08-05,59.48,20.28,49.04,0.14,Italy
2015-08-06,65.0,20.45,47.8,0.13,Italy
2015-08-07,62.53,19.95,47.54,0.12,Italy
2015-08-08,60.77,19.97,47.79,0.12,Italy
2015-08-09,59.01,20.0,48.05,0.12,Italy
2015-08-10,57.25,20.02,48.3,0.11,Italy
2015-08-11,55.85,19.95,47.33,0.11,Italy
2015-08-12,53.76,19.55,48.29,0.13,Italy
2015-08-13,51.54,19.65,48.01,0.13,Italy
2015-08-14,51.51,19.65,47.79,0.13,Italy
2015-08-15,51.51,19.6,47.78,0.13,Italy
2015-08-16,51.51,19.55,47.78,0.13,Italy
2015-08-17,51.51,19.5,47.77,0.13,Italy
2015-08-18,49.5,19.6,47.0,0.13,Italy
2015-08-19,48.68,19.2,45.75,0.13,Italy
2015-08-20,42.54,19.15,45.63,0.16,Italy
2015-08-21,45.24,19.08,43.84,0.2,Italy
2015-08-22,47.06,18.93,43.09,0.21,Italy
2015-08-23,48.88,18.78,42.34,0.23,Italy
2015-08-24,50.7,18.63,41.59,0.24,Italy
2015-08-25,48.64,18.88,41.86,0.26,Italy
2015-08-26,51.66,18.9,41.76,0.29,Italy
2015-08-27,49.0,19.25,44.46,0.28,Italy
2015-08-28,53.13,19.48,47.97,0.29,Italy
2015-08-29,54.18,19.49,47.97,0.29,Italy
2015-08-30,55.24,19.49,47.97,0.29,Italy
2015-08-31,56.29,19.5,47.97,0.29,Italy
2015-09-01,60.13,19.8,48.8,0.3,Italy
2015-09-02,58.27,19.85,47.67,0.31,Italy
2015-09-03,56.39,20.1,50.41,0.3,Italy
2015-09-04,55.54,19.35,48.59,0.31,Italy
2015-09-05,54.93,19.33,47.87,0.31,Italy
2015-09-06,54.31,19.3,47.14,0.31,Italy
2015-09-07,53.7,19.28,46.42,0.31,Italy
2015-09-08,51.28,19.38,48.88,0.3,Italy
2015-09-09,51.99,19.4,48.04,0.29,Italy
2015-09-10,50.11,19.25,47.77,0.29,Italy
2015-09-11,54.04,19.4,46.87,0.29,Italy
2015-09-12,52.57,19.3,46.54,0.29,Italy
2015-09-13,51.11,19.2,46.2,0.28,Italy
2015-09-14,49.64,19.1,45.87,0.28,Italy
2015-09-15,51.17,19.0,45.91,0.28,Italy
2015-09-16,51.98,19.25,49.35,0.27,Italy
2015-09-17,57.94,19.1,48.27,0.26,Italy
2015-09-18,50.52,18.98,47.28,0.32,Italy
2015-09-19,48.21,18.99,47.4,0.32,Italy
2015-09-20,45.9,18.99,47.52,0.33,Italy
2015-09-21,43.59,19.0,47.64,0.33,Italy
2015-09-22,51.57,19.08,46.69,0.37,Italy
2015-09-23,48.2,19.2,48.0,0.38,Italy
2015-09-24,47.45,18.6,47.06,0.38,Italy
2015-09-25,47.01,18.75,47.28,0.37,Italy
2015-09-26,46.25,18.7,46.87,0.37,Italy
2015-09-27,45.49,18.65,46.45,0.37,Italy
2015-09-28,44.73,18.6,46.04,0.37,Italy
2015-09-29,46.99,18.65,47.58,0.35,Italy
2015-09-30,45.08,18.4,47.29,0.34,Italy
2015-10-01,46.82,18.0,47.48,0.31,Italy
2015-10-02,51.73,17.7,46.55,0.3,Italy
2015-10-03,49.93,17.72,47.52,0.29,Italy
2015-10-04,48.13,17.73,48.48,0.28,Italy
2015-10-05,46.33,17.75,49.45,0.28,Italy
2015-10-06,47.13,18.15,51.34,0.27,Italy
2015-10-07,45.9,18.42,51.66,0.27,Italy
2015-10-08,49.67,18.67,52.13,0.25,Italy
2015-10-09,48.15,18.75,52.08,0.24,Italy
2015-10-10,48.27,18.73,51.7,0.24,Italy
2015-10-11,48.38,18.7,51.33,0.24,Italy
2015-10-12,48.5,18.68,50.95,0.23,Italy
2015-10-13,50.14,18.4,48.94,0.23,Italy
2015-10-14,50.96,18.25,48.25,0.24,Italy
2015-10-15,49.7,18.5,47.87,0.22,Italy
2015-10-16,54.69,18.33,48.96,0.21,Italy
2015-10-17,54.66,18.47,48.48,0.21,Italy
2015-10-18,54.64,18.61,47.99,0.2,Italy
2015-10-19,54.61,18.75,47.51,0.2,Italy
2015-10-20,53.43,18.35,46.93,0.2,Italy
2015-10-21,52.37,18.25,46.72,0.2,Italy
2015-10-22,47.07,18.3,46.59,0.22,Italy
2015-10-23,48.05,18.25,46.3,0.22,Italy
2015-10-24,48.7,18.13,46.39,0.22,Italy
2015-10-25,49.36,18.02,46.48,0.22,Italy
2015-10-26,50.01,17.9,46.57,0.22,Italy
2015-10-27,52.94,17.98,45.54,0.22,Italy
2015-10-28,54.68,18.0,47.6,0.23,Italy
2015-10-29,50.32,18.15,48.04,0.23,Italy
2015-10-30,46.72,17.83,48.0,0.22,Italy
2015-10-31,46.56,17.79,47.97,0.22,Italy
2015-11-01,46.39,17.74,47.94,0.22,Italy
2015-11-02,46.23,17.7,47.91,0.21,Italy
2015-11-03,48.37,17.5,48.0,0.2,Italy
2015-11-04,51.45,17.4,46.96,0.19,Italy
2015-11-05,49.97,17.08,47.19,0.18,Italy
2015-11-06,49.97,17.2,46.09,0.19,Italy
2015-11-07,49.97,16.96,45.85,0.19,Italy
2015-11-08,49.97,16.72,45.62,0.2,Italy
2015-11-09,49.97,16.48,45.38,0.2,Italy
2015-11-10,60.21,16.63,46.44,0.19,Italy
2015-11-11,57.4,16.35,44.98,0.18,Italy
2015-11-12,58.8,16.2,44.98,0.2,Italy
2015-11-13,59.98,15.98,41.98,0.2,Italy
2015-11-14,59.22,16.25,41.41,0.21,Italy
2015-11-15,58.46,16.53,40.85,0.21,Italy
2015-11-16,57.7,16.8,40.28,0.21,Italy
2015-11-17,60.37,17.05,41.28,0.21,Italy
2015-11-18,72.34,17.3,41.45,0.2,Italy
2015-11-19,72.35,17.3,42.22,0.19,Italy
2015-11-20,61.03,17.5,42.49,0.18,Italy
2015-11-21,64.57,17.53,42.89,0.17,Italy
2015-11-22,68.1,17.57,43.3,0.17,Italy
2015-11-23,71.64,17.6,43.7,0.17,Italy
2015-11-24,68.09,17.7,44.38,0.17,Italy
2015-11-25,64.48,17.88,43.56,0.16,Italy
2015-11-26,60.31,17.7,43.55,0.14,Italy
2015-11-27,60.43,17.7,43.07,0.12,Italy
2015-11-28,59.74,17.87,43.29,0.12,Italy
2015-11-29,59.05,18.03,43.51,0.11,Italy
2015-11-30,58.36,18.2,43.73,0.11,Italy
2015-12-01,65.08,17.95,42.97,0.09,Italy
2015-12-02,68.34,17.85,41.92,0.08,Italy
2015-12-03,55.71,17.15,42.0,0.18,Italy
2015-12-04,68.5,17.15,41.44,0.21,Italy
2015-12-05,64.2,17.03,40.86,0.21,Italy
2015-12-06,59.89,16.9,40.27,0.22,Italy
2015-12-07,55.59,16.78,39.69,0.23,Italy
2015-12-08,50.33,16.75,39.44,0.26,Italy
2015-12-09,61.66,16.65,39.04,0.27,Italy
2015-12-10,57.83,16.5,38.65,0.28,Italy
2015-12-11,57.86,16.23,36.99,0.3,Italy
2015-12-12,58.82,16.18,36.83,0.3,Italy
2015-12-13,59.77,16.13,36.67,0.3,Italy
2015-12-14,60.73,16.08,36.51,0.3,Italy
2015-12-15,64.55,15.95,37.66,0.3,Italy
2015-12-16,69.66,15.25,36.96,0.29,Italy
2015-12-17,63.15,15.5,36.29,0.28,Italy
2015-12-18,63.16,14.9,36.76,0.28,Italy
2015-12-19,61.3,14.72,36.29,0.28,Italy
2015-12-20,59.45,14.53,35.81,0.28,Italy
2015-12-21,57.59,14.35,35.34,0.28,Italy
2015-12-22,54.56,13.85,35.26,0.28,Italy
2015-12-23,54.56,13.93,35.79,0.27,Italy
2015-12-24,47.79,14.2,37.22,0.26,Italy
2015-12-25,40.32,14.2,37.22,0.25,Italy
2015-12-26,42.85,14.27,37.17,0.25,Italy
2015-12-27,45.37,14.35,37.13,0.24,Italy
2015-12-28,47.9,14.42,37.08,0.24,Italy
2015-12-29,45.2,15.4,36.85,0.23,Italy
2015-12-30,43.86,14.3,35.65,0.22,Italy
2015-12-31,48.59,14.4,36.61,0.2,Italy
2016-01-01,44.24,14.62,36.61,0.18,Italy
2016-01-02,44.09,14.64,36.5,0.18,Italy
2016-01-03,43.94,14.66,36.39,0.19,Italy
2016-01-04,43.79,14.68,36.28,0.2,Italy
2016-01-05,43.79,14.7,35.56,0.18,Italy
2016-01-06,46.57,15.18,33.89,0.18,Italy
2016-01-07,53.12,15.38,33.57,0.21,Italy
2016-01-08,49.38,14.57,31.67,0.23,Italy
2016-01-09,47.55,14.54,31.16,0.24,Italy
2016-01-10,45.71,14.51,30.65,0.24,Italy
2016-01-11,43.88,14.48,30.14,0.24,Italy
2016-01-12,47.24,14.05,29.14,0.24,Italy
2016-01-13,45.44,14.25,28.58,0.23,Italy
2016-01-14,48.96,13.82,28.84,0.23,Italy
2016-01-15,44.88,13.43,28.8,0.26,Italy
2016-01-16,46.59,13.5,28.32,0.26,Italy
2016-01-17,48.3,13.56,27.84,0.26,Italy
2016-01-18,50.01,13.63,27.36,0.26,Italy
2016-01-19,64.08,13.7,27.36,0.25,Italy
2016-01-20,62.65,13.05,26.01,0.27,Italy
2016-01-21,60.14,12.98,27.59,0.27,Italy
2016-01-22,53.57,13.5,30.46,0.26,Italy
2016-01-23,51.67,13.26,30.25,0.26,Italy
2016-01-24,49.77,13.01,30.03,0.26,Italy
2016-01-25,47.87,12.77,29.82,0.26,Italy
2016-01-26,47.72,13.05,30.94,0.26,Italy
2016-01-27,47.29,13.4,31.83,0.25,Italy
2016-01-28,47.76,13.75,33.01,0.26,Italy
2016-01-29,47.3,13.0,33.14,0.24,Italy
2016-01-30,45.83,12.94,32.91,0.24,Italy
2016-01-31,44.35,12.88,32.68,0.24,Italy
2016-02-01,42.88,12.82,32.45,0.23,Italy
2016-02-02,44.62,13.05,30.98,0.24,Italy
2016-02-03,40.08,13.15,32.38,0.25,Italy
2016-02-04,37.83,12.45,32.76,0.26,Italy
2016-02-05,39.28,12.7,32.35,0.27,Italy
2016-02-06,39.28,12.55,32.11,0.29,Italy
2016-02-07,39.27,12.4,31.88,0.3,Italy
2016-02-08,39.27,12.25,31.64,0.32,Italy
2016-02-09,37.32,12.18,30.15,0.33,Italy
2016-02-10,34.89,12.18,29.64,0.3,Italy
2016-02-11,37.66,12.0,28.82,0.34,Italy
2016-02-12,38.21,12.15,31.8,0.35,Italy
2016-02-13,38.59,12.27,31.8,0.36,Italy
2016-02-14,38.97,12.38,31.8,0.36,Italy
2016-02-15,39.35,12.5,31.8,0.36,Italy
2016-02-16,40.11,12.58,31.09,0.35,Italy
2016-02-17,39.55,12.32,33.21,0.33,Italy
2016-02-18,38.76,12.35,33.2,0.32,Italy
2016-02-19,36.3,12.23,31.66,0.31,Italy
2016-02-20,36.48,12.37,32.3,0.31,Italy
2016-02-21,36.66,12.51,32.95,0.31,Italy
2016-02-22,36.84,12.65,33.59,0.32,Italy
2016-02-23,36.02,12.7,31.9,0.31,Italy
2016-02-24,36.18,12.48,31.5,0.31,Italy
2016-02-25,37.12,12.27,32.83,0.29,Italy
2016-02-26,37.32,12.25,35.76,0.28,Italy
2016-02-27,35.99,12.42,35.81,0.28,Italy
2016-02-28,34.67,12.58,35.87,0.29,Italy
2016-02-29,33.34,12.75,35.92,0.29,Italy
2016-03-01,34.82,12.55,35.73,0.3,Italy
2016-03-02,35.02,12.6,36.38,0.32,Italy
2016-03-03,32.74,12.5,35.75,0.31,Italy
2016-03-04,35.56,12.28,37.61,0.3,Italy
2016-03-05,36.24,12.35,38.08,0.3,Italy
2016-03-06,36.92,12.41,38.55,0.3,Italy
2016-03-07,37.6,12.48,39.02,0.3,Italy
2016-03-08,39.34,12.35,39.16,0.29,Italy
2016-03-09,37.89,12.3,40.26,0.29,Italy
2016-03-10,40.09,12.13,38.63,0.3,Italy
2016-03-11,36.55,12.4,39.41,0.32,Italy
2016-03-12,35.74,12.38,38.96,0.32,Italy
2016-03-13,34.94,12.35,38.51,0.32,Italy
2016-03-14,34.13,12.33,38.06,0.31,Italy
2016-03-15,40.48,12.25,37.49,0.31,Italy
2016-03-16,42.09,12.4,38.38,0.31,Italy
2016-03-17,36.52,12.38,39.29,0.32,Italy
2016-03-18,33.49,12.28,39.26,0.31,Italy
2016-03-19,33.79,12.19,39.48,0.3,Italy
2016-03-20,34.1,12.09,39.69,0.3,Italy
2016-03-21,34.4,12.0,39.91,0.29,Italy
2016-03-22,34.37,12.15,40.54,0.28,Italy
2016-03-23,33.98,12.05,38.84,0.26,Italy
2016-03-24,31.51,11.95,38.33,0.25,Italy
2016-03-25,31.17,12.13,38.33,0.23,Italy
2016-03-26,32.09,12.16,38.33,0.22,Italy
2016-03-27,33.01,12.19,38.33,0.22,Italy
2016-03-28,33.93,12.22,38.33,0.21,Italy
2016-03-29,35.24,11.93,36.75,0.2,Italy
2016-03-30,32.76,12.1,36.75,0.2,Italy
2016-03-31,31.95,12.4,36.75,0.2,Italy
2016-04-01,33.76,11.53,36.42,0.2,Italy
2016-04-02,33.9,11.49,36.3,0.19,Italy
2016-04-03,34.05,11.44,36.17,0.19,Italy
2016-04-04,34.19,11.4,36.05,0.19,Italy
2016-04-05,31.85,11.35,35.88,0.19,Italy
2016-04-06,30.98,11.32,37.77,0.19,Italy
2016-04-07,30.85,11.43,37.15,0.19,Italy
2016-04-08,30.85,11.2,40.71,0.2,Italy
2016-04-09,30.4,11.12,41.0,0.2,Italy
2016-04-10,29.95,11.03,41.29,0.2,Italy
2016-04-11,29.5,10.95,41.58,0.2,Italy
2016-04-12,30.89,11.5,43.02,0.18,Italy
2016-04-13,33.02,11.35,42.81,0.19,Italy
2016-04-14,31.7,11.28,43.02,0.18,Italy
2016-04-15,30.17,11.27,41.32,0.17,Italy
2016-04-16,31.46,11.27,41.43,0.17,Italy
2016-04-17,32.76,11.27,41.53,0.17,Italy
2016-04-18,34.05,11.27,41.64,0.16,Italy
2016-04-19,29.18,11.27,43.02,0.16,Italy
2016-04-20,24.99,11.95,43.09,0.16,Italy
2016-04-21,33.62,11.95,43.48,0.15,Italy
2016-04-22,31.93,13.28,43.97,0.16,Italy
2016-04-23,30.63,13.27,43.64,0.16,Italy
2016-04-24,29.34,13.26,43.3,0.17,Italy
2016-04-25,28.04,13.25,42.97,0.17,Italy
2016-04-26,33.78,13.6,43.94,0.17,Italy
2016-04-27,34.67,14.45,44.17,0.17,Italy
2016-04-28,40.23,13.08,45.6,0.18,Italy
2016-04-29,35.54,12.9,45.64,0.22,Italy
2016-04-30,36.22,12.82,45.7,0.21,Italy
2016-05-01,36.9,12.73,45.76,0.21,Italy
2016-05-02,37.58,12.65,45.82,0.21,Italy
2016-05-03,33.48,12.18,43.09,0.25,Italy
2016-05-04,34.91,12.3,43.08,0.26,Italy
2016-05-05,35.57,12.6,44.39,0.26,Italy
2016-05-06,37.22,12.75,44.6,0.25,Italy
2016-05-07,37.06,12.82,43.88,0.25,Italy
2016-05-08,36.91,12.88,43.15,0.25,Italy
2016-05-09,36.75,12.95,42.43,0.24,Italy
2016-05-10,41.73,12.82,44.01,0.24,Italy
2016-05-11,41.73,13.0,46.08,0.23,Italy
2016-05-12,35.55,12.73,46.43,0.21,Italy
2016-05-13,33.84,12.9,47.05,0.2,Italy
2016-05-14,34.16,12.97,47.53,0.19,Italy
2016-05-15,34.48,13.03,48.01,0.18,Italy
2016-05-16,34.8,13.1,48.49,0.18,Italy
2016-05-17,37.94,13.07,48.71,0.16,Italy
2016-05-18,37.94,13.15,48.93,0.16,Italy
2016-05-19,37.74,12.9,47.01,0.15,Italy
2016-05-20,35.11,12.85,48.54,0.14,Italy
2016-05-21,34.27,12.84,48.28,0.14,Italy
2016-05-22,33.42,12.84,48.03,0.14,Italy
2016-05-23,32.58,12.83,47.77,0.14,Italy
2016-05-24,29.98,13.02,48.42,0.16,Italy
2016-05-25,34.6,13.18,48.87,0.17,Italy
2016-05-26,39.84,13.6,49.52,0.17,Italy
2016-05-27,31.58,14.1,49.09,0.16,Italy
2016-05-28,35.0,14.08,49.09,0.16,Italy
2016-05-29,38.42,14.06,49.09,0.16,Italy
2016-05-30,41.84,14.04,49.09,0.16,Italy
2016-05-31,38.79,14.18,49.26,0.16,Italy
2016-06-01,42.2,14.35,48.81,0.16,Italy
2016-06-02,33.53,14.68,49.05,0.16,Italy
2016-06-03,40.01,14.28,48.5,0.14,Italy
2016-06-04,39.35,14.39,48.65,0.14,Italy
2016-06-05,38.68,14.49,48.79,0.15,Italy
2016-06-06,38.02,14.6,48.94,0.15,Italy
2016-06-07,40.84,14.93,49.76,0.15,Italy
2016-06-08,39.13,14.53,50.73,0.15,Italy
2016-06-09,41.41,14.32,50.59,0.15,Italy
2016-06-10,40.72,13.85,49.7,0.19,Italy
2016-06-11,38.76,13.83,49.59,0.2,Italy
2016-06-12,36.8,13.8,49.47,0.2,Italy
2016-06-13,34.84,13.78,49.36,0.21,Italy
2016-06-14,32.88,14.13,47.88,0.23,Italy
2016-06-15,37.9,14.1,47.47,0.23,Italy
2016-06-16,34.1,14.27,45.66,0.25,Italy
2016-06-17,31.64,14.35,46.57,0.25,Italy
2016-06-18,32.83,14.57,47.27,0.25,Italy
2016-06-19,34.03,14.78,47.98,0.26,Italy
2016-06-20,35.22,15.0,48.68,0.26,Italy
2016-06-21,36.36,14.82,48.18,0.27,Italy
2016-06-22,39.78,15.05,48.43,0.26,Italy
2016-06-23,36.76,15.15,48.63,0.28,Italy
2016-06-24,45.4,14.45,46.69,0.36,Italy
2016-06-25,43.49,14.32,46.15,0.38,Italy
2016-06-26,41.59,14.18,45.61,0.4,Italy
2016-06-27,39.68,14.05,45.07,0.42,Italy
2016-06-28,37.21,14.13,46.29,0.45,Italy
2016-06-29,38.89,14.33,48.4,0.46,Italy
2016-06-30,47.42,14.0,48.05,0.47,Italy
2016-07-01,41.25,14.35,47.65,0.46,Italy
2016-07-02,42.89,14.37,47.77,0.46,Italy
2016-07-03,44.54,14.38,47.9,0.46,Italy
2016-07-04,46.18,14.4,48.02,0.46,Italy
2016-07-05,45.04,14.15,45.64,0.47,Italy
2016-07-06,44.98,14.07,45.7,0.46,Italy
2016-07-07,45.97,14.3,45.93,0.45,Italy
2016-07-08,47.95,14.0,44.53,0.43,Italy
2016-07-09,50.05,13.96,44.37,0.42,Italy
2016-07-10,52.14,13.92,44.2,0.42,Italy
2016-07-11,54.24,13.88,44.04,0.41,Italy
2016-07-12,71.75,14.3,46.72,0.41,Italy
2016-07-13,49.06,14.2,44.67,0.4,Italy
2016-07-14,42.88,14.25,46.01,0.38,Italy
2016-07-15,39.53,14.2,46.25,0.38,Italy
2016-07-16,39.55,14.18,45.95,0.37,Italy
2016-07-17,39.57,14.17,45.65,0.37,Italy
2016-07-18,39.59,14.15,45.35,0.37,Italy
2016-07-19,40.8,14.25,45.7,0.36,Italy
2016-07-20,40.96,14.52,45.82,0.35,Italy
2016-07-21,46.56,14.8,44.99,0.33,Italy
2016-07-22,42.81,14.55,44.24,0.32,Italy
2016-07-23,43.04,14.58,44.08,0.32,Italy
2016-07-24,43.27,14.6,43.92,0.31,Italy
2016-07-25,43.5,14.63,43.76,0.31,Italy
2016-07-26,43.36,14.5,43.56,0.29,Italy
2016-07-27,42.47,14.23,42.78,0.3,Italy
2016-07-28,43.71,13.8,41.87,0.29,Italy
2016-07-29,41.27,13.55,40.76,0.28,Italy
2016-07-30,40.97,13.58,40.56,0.27,Italy
2016-07-31,40.66,13.62,40.37,0.27,Italy
2016-08-01,40.36,13.65,40.17,0.26,Italy
2016-08-02,40.9,13.5,40.0,0.29,Italy
2016-08-03,40.87,13.15,40.45,0.27,Italy
2016-08-04,41.32,13.35,41.33,0.29,Italy
2016-08-05,40.68,12.45,42.47,0.29,Italy
2016-08-06,40.17,12.47,42.73,0.29,Italy
2016-08-07,39.66,12.5,42.98,0.29,Italy
2016-08-08,39.15,12.52,43.24,0.28,Italy
2016-08-09,37.2,12.65,43.37,0.28,Italy
2016-08-10,34.01,12.68,42.19,0.27,Italy
2016-08-11,36.08,12.0,44.23,0.25,Italy
2016-08-12,33.78,11.7,45.12,0.24,Italy
2016-08-13,33.95,11.52,45.85,0.23,Italy
2016-08-14,34.12,11.33,46.58,0.23,Italy
2016-08-15,34.29,11.15,47.31,0.23,Italy
2016-08-16,38.26,11.5,48.27,0.21,Italy
2016-08-17,36.2,11.6,48.58,0.2,Italy
2016-08-18,35.05,11.43,49.46,0.19,Italy
2016-08-19,37.67,10.58,49.39,0.19,Italy
2016-08-20,36.99,10.74,48.96,0.19,Italy
2016-08-21,36.32,10.89,48.53,0.19,Italy
2016-08-22,35.64,11.05,48.1,0.19,Italy
2016-08-23,34.15,11.35,48.7,0.19,Italy
2016-08-24,35.35,11.05,47.56,0.18,Italy
2016-08-25,34.78,11.1,49.25,0.17,Italy
2016-08-26,38.86,11.5,49.66,0.16,Italy
2016-08-27,39.72,11.68,49.66,0.16,Italy
2016-08-28,40.57,11.87,49.66,0.15,Italy
2016-08-29,41.43,12.05,49.66,0.15,Italy
2016-08-30,42.39,11.8,47.94,0.15,Italy
2016-08-31,44.14,11.75,47.94,0.15,Italy
2016-09-01,48.23,11.88,45.05,0.15,Italy
2016-09-02,49.78,12.25,45.96,0.13,Italy
2016-09-03,47.94,12.2,46.21,0.13,Italy
2016-09-04,46.1,12.15,46.47,0.13,Italy
2016-09-05,44.26,12.1,46.72,0.12,Italy
2016-09-06,45.45,11.9,46.21,0.12,Italy
2016-09-07,59.96,11.2,47.0,0.12,Italy
2016-09-08,46.62,11.18,49.23,0.12,Italy
2016-09-09,41.53,11.15,48.37,0.11,Italy
2016-09-10,42.93,11.0,48.19,0.11,Italy
2016-09-11,44.34,10.85,48.0,0.11,Italy
2016-09-12,45.74,10.7,47.82,0.12,Italy
2016-09-13,45.59,11.05,46.48,0.14,Italy
2016-09-14,44.32,10.93,45.65,0.14,Italy
2016-09-15,45.97,11.55,45.83,0.13,Italy
2016-09-16,44.02,11.88,45.26,0.14,Italy
2016-09-17,42.55,12.39,45.52,0.14,Italy
2016-09-18,41.07,12.89,45.78,0.14,Italy
2016-09-19,39.6,13.4,46.04,0.14,Italy
2016-09-20,41.86,12.43,45.24,0.14,Italy
2016-09-21,43.12,13.1,45.99,0.13,Italy
2016-09-22,41.79,13.18,47.21,0.16,Italy
2016-09-23,44.96,13.5,46.71,0.18,Italy
2016-09-24,44.18,13.48,46.68,0.18,Italy
2016-09-25,43.39,13.47,46.64,0.19,Italy
2016-09-26,42.61,13.45,46.61,0.2,Italy
2016-09-27,42.93,12.85,44.95,0.21,Italy
2016-09-28,44.22,13.5,45.49,0.2,Italy
2016-09-29,42.94,13.55,48.43,0.2,Italy
2016-09-30,43.51,13.48,48.24,0.19,Italy
2016-10-01,44.14,13.15,48.36,0.19,Italy
2016-10-02,44.78,12.83,48.49,0.19,Italy
2016-10-03,45.41,12.5,48.61,0.19,Italy
2016-10-04,45.22,13.82,48.81,0.17,Italy
2016-10-05,45.55,15.1,49.57,0.18,Italy
2016-10-06,50.15,15.38,50.14,0.17,Italy
2016-10-07,53.53,15.45,50.49,0.17,Italy
2016-10-08,53.11,15.48,50.84,0.17,Italy
2016-10-09,52.7,15.52,51.19,0.17,Italy
2016-10-10,52.28,15.55,51.54,0.17,Italy
2016-10-11,58.84,15.55,50.48,0.16,Italy
2016-10-12,54.74,15.35,49.53,0.15,Italy
2016-10-13,56.21,15.65,49.29,0.15,Italy
2016-10-14,53.63,15.5,48.87,0.16,Italy
2016-10-15,54.01,15.67,49.02,0.16,Italy
2016-10-16,54.39,15.83,49.16,0.16,Italy
2016-10-17,54.77,16.0,49.31,0.16,Italy
2016-10-18,59.83,16.75,49.81,0.18,Italy
2016-10-19,59.85,16.95,51.85,0.17,Italy
2016-10-20,65.47,17.05,50.42,0.17,Italy
2016-10-21,65.78,17.0,50.28,0.15,Italy
2016-10-22,65.77,17.12,50.12,0.15,Italy
2016-10-23,65.75,17.23,49.96,0.15,Italy
2016-10-24,65.74,17.35,49.8,0.15,Italy
2016-10-25,70.18,17.7,49.08,0.14,Italy
2016-10-26,66.84,17.27,48.98,0.14,Italy
2016-10-27,56.93,17.35,49.13,0.14,Italy
2016-10-28,55.24,16.9,47.78,0.14,Italy
2016-10-29,53.17,17.2,47.25,0.14,Italy
2016-10-30,51.1,17.5,46.73,0.14,Italy
2016-10-31,49.03,17.8,46.2,0.15,Italy
2016-11-01,50.95,16.58,45.77,0.14,Italy
2016-11-02,58.96,18.2,44.26,0.15,Italy
2016-11-03,60.48,18.8,43.84,0.17,Italy
2016-11-04,65.81,18.25,43.06,0.17,Italy
2016-11-05,67.31,18.13,42.98,0.17,Italy
2016-11-06,68.82,18.0,42.91,0.16,Italy
2016-11-07,70.32,17.88,42.83,0.16,Italy
2016-11-08,65.09,17.85,43.47,0.16,Italy
2016-11-09,64.96,18.02,43.88,0.16,Italy
2016-11-10,61.61,18.1,43.67,0.17,Italy
2016-11-11,56.56,18.18,41.61,0.17,Italy
2016-11-12,63.85,17.99,41.68,0.17,Italy
2016-11-13,71.13,17.79,41.76,0.17,Italy
2016-11-14,78.42,17.6,41.83,0.16,Italy
2016-11-15,80.05,17.92,44.15,0.17,Italy
2016-11-16,68.28,17.45,45.07,0.17,Italy
2016-11-17,61.38,17.78,44.57,0.17,Italy
2016-11-18,58.23,17.98,44.41,0.17,Italy
2016-11-19,57.12,17.75,44.93,0.17,Italy
2016-11-20,56.01,17.53,45.44,0.16,Italy
2016-11-21,54.9,17.3,45.96,0.16,Italy
2016-11-22,56.76,17.65,46.1,0.17,Italy
2016-11-23,53.4,17.73,46.54,0.17,Italy
2016-11-24,53.3,17.88,47.54,0.16,Italy
2016-11-25,52.68,17.78,46.32,0.16,Italy
2016-11-26,54.26,17.99,46.43,0.16,Italy
2016-11-27,55.85,18.19,46.53,0.16,Italy
2016-11-28,57.43,18.4,46.64,0.16,Italy
2016-11-29,56.55,18.4,44.68,0.16,Italy
2016-11-30,67.31,18.2,47.95,0.15,Italy
2016-12-01,74.46,18.08,52.28,0.15,Italy
2016-12-02,67.37,17.6,52.35,0.17,Italy
2016-12-03,67.37,17.37,52.67,0.17,Italy
2016-12-04,67.37,17.15,52.98,0.17,Italy
2016-12-05,67.37,16.92,53.3,0.16,Italy
2016-12-06,64.11,16.48,52.31,0.17,Italy
2016-12-07,57.99,16.43,51.9,0.17,Italy
2016-12-08,51.75,16.6,51.6,0.17,Italy
2016-12-09,54.34,16.6,52.19,0.19,Italy
2016-12-10,55.29,16.8,52.79,0.19,Italy
2016-12-11,56.24,17.0,53.39,0.19,Italy
2016-12-12,57.19,17.2,53.99,0.19,Italy
2016-12-13,59.47,17.3,53.28,0.19,Italy
2016-12-14,63.34,17.0,53.15,0.2,Italy
2016-12-15,63.87,17.0,51.72,0.2,Italy
2016-12-16,59.81,17.5,54.15,0.2,Italy
2016-12-17,60.29,17.6,53.94,0.2,Italy
2016-12-18,60.77,17.7,53.74,0.2,Italy
2016-12-19,61.25,17.8,53.53,0.2,Italy
2016-12-20,61.83,17.73,54.56,0.2,Italy
2016-12-21,63.39,17.95,53.01,0.19,Italy
2016-12-22,65.13,18.13,54.04,0.18,Italy
2016-12-23,56.05,18.4,53.93,0.17,Italy
2016-12-24,53.27,18.4,53.93,0.17,Italy
2016-12-25,50.49,18.4,53.93,0.16,Italy
2016-12-26,47.71,18.4,53.93,0.16,Italy
2016-12-27,56.36,18.6,53.93,0.14,Italy
2016-12-28,48.72,18.78,54.95,0.13,Italy
2016-12-29,46.25,18.92,54.97,0.12,Italy
2016-12-30,56.19,19.75,54.96,0.12,Italy
2016-12-31,57.12,19.63,54.96,0.11,Italy
2017-01-01,58.06,19.52,54.96,0.11,Italy
2017-01-02,58.99,19.4,54.96,0.1,Italy
2017-01-03,55.91,18.5,55.05,0.11,Italy
2017-01-04,60.91,19.38,54.57,0.1,Italy
2017-01-05,54.36,18.77,54.99,0.1,Italy
2017-01-06,54.42,18.65,55.9,0.1,Italy
2017-01-07,58.12,18.83,55.4,0.1,Italy
2017-01-08,61.83,19.02,54.89,0.1,Italy
2017-01-09,65.53,19.2,54.39,0.1,Italy
2017-01-10,82.56,20.1,53.2,0.1,Italy
2017-01-11,77.57,20.6,53.61,0.1,Italy
2017-01-12,82.54,20.8,54.51,0.1,Italy
2017-01-13,77.48,20.17,54.37,0.09,Italy
2017-01-14,78.55,19.81,54.35,0.09,Italy
2017-01-15,79.61,19.44,54.32,0.09,Italy
2017-01-16,80.68,19.08,54.3,0.09,Italy
2017-01-17,92.56,20.05,54.68,0.1,Italy
2017-01-18,81.8,20.05,53.77,0.1,Italy
2017-01-19,82.6,20.67,53.18,0.1,Italy
2017-01-20,84.75,20.75,55.04,0.1,Italy
2017-01-21,85.51,21.23,54.96,0.1,Italy
2017-01-22,86.26,21.72,54.88,0.1,Italy
2017-01-23,87.02,22.2,54.8,0.11,Italy
2017-01-24,99.72,21.83,54.7,0.1,Italy
2017-01-25,101.56,20.65,54.34,0.1,Italy
2017-01-26,94.57,20.25,55.89,0.1,Italy
2017-01-27,72.85,19.7,54.8,0.1,Italy
2017-01-28,73.64,20.03,54.79,0.1,Italy
2017-01-29,74.44,20.37,54.78,0.1,Italy
2017-01-30,75.23,20.7,54.77,0.1,Italy
2017-01-31,75.82,21.2,55.25,0.11,Italy
2017-02-01,73.93,22.27,55.79,0.11,Italy
2017-02-02,64.68,22.0,55.94,0.12,Italy
2017-02-03,62.98,23.0,55.92,0.12,Italy
2017-02-04,64.04,23.0,55.62,0.12,Italy
2017-02-05,65.1,23.0,55.32,0.13,Italy
2017-02-06,66.16,23.0,55.02,0.13,Italy
2017-02-07,60.8,21.88,53.79,0.13,Italy
2017-02-08,63.03,20.55,54.42,0.14,Italy
2017-02-09,61.61,20.6,53.98,0.13,Italy
2017-02-10,65.12,20.1,55.2,0.12,Italy
2017-02-11,61.58,19.76,54.85,0.12,Italy
2017-02-12,58.03,19.42,54.5,0.11,Italy
2017-02-13,54.49,19.08,54.15,0.11,Italy
2017-02-14,53.95,18.6,54.96,0.1,Italy
2017-02-15,52.18,18.8,54.57,0.1,Italy
2017-02-16,55.22,18.9,54.16,0.09,Italy
2017-02-17,53.36,18.23,54.48,0.09,Italy
2017-02-18,56.71,18.2,54.74,0.09,Italy
2017-02-19,60.06,18.18,54.99,0.09,Italy
2017-02-20,63.41,18.15,55.25,0.09,Italy
2017-02-21,53.11,17.77,56.34,0.08,Italy
2017-02-22,49.4,17.8,54.9,0.08,Italy
2017-02-23,50.79,18.45,55.82,0.08,Italy
2017-02-24,49.7,17.55,54.69,0.08,Italy
2017-02-25,50.21,17.44,54.68,0.08,Italy
2017-02-26,50.73,17.34,54.66,0.08,Italy
2017-02-27,51.24,17.23,54.65,0.08,Italy
2017-02-28,48.97,17.1,53.36,0.08,Italy
2017-03-01,47.36,17.15,55.72,0.08,Italy
2017-03-02,50.18,17.02,54.16,0.08,Italy
2017-03-03,48.25,16.7,54.12,0.08,Italy
2017-03-04,46.8,16.74,54.32,0.08,Italy
2017-03-05,45.36,16.79,54.53,0.08,Italy
2017-03-06,43.91,16.83,54.73,0.08,Italy
2017-03-07,46.51,16.4,54.61,0.09,Italy
2017-03-08,44.28,16.45,53.3,0.09,Italy
2017-03-09,44.32,16.05,50.65,0.08,Italy
2017-03-10,45.25,16.0,50.63,0.09,Italy
2017-03-11,45.96,15.94,50.45,0.09,Italy
2017-03-12,46.66,15.89,50.28,0.09,Italy
2017-03-13,47.37,15.83,50.1,0.09,Italy
2017-03-14,45.34,15.95,49.6,0.09,Italy
2017-03-15,44.36,15.77,50.63,0.08,Italy
2017-03-16,42.55,15.73,50.56,0.09,Italy
2017-03-17,46.58,15.7,50.58,0.08,Italy
2017-03-18,47.85,15.6,50.61,0.08,Italy
2017-03-19,49.12,15.5,50.64,0.08,Italy
2017-03-20,50.39,15.4,50.67,0.08,Italy
2017-03-21,47.92,15.52,50.14,0.07,Italy
2017-03-22,47.23,15.45,49.56,0.07,Italy
2017-03-23,43.25,15.2,50.17,0.06,Italy
2017-03-24,45.37,14.9,49.97,0.06,Italy
2017-03-25,43.7,14.84,50.02,0.06,Italy
2017-03-26,42.04,14.79,50.07,0.06,Italy
2017-03-27,40.37,14.73,50.12,0.05,Italy
2017-03-28,42.59,14.6,50.72,0.05,Italy
2017-03-29,42.23,15.0,51.36,0.05,Italy
2017-03-30,40.05,15.68,52.25,0.05,Italy
2017-03-31,42.63,15.32,52.2,0.05,Italy
2017-04-01,42.78,15.58,52.15,0.05,Italy
2017-04-02,42.94,15.84,52.09,0.06,Italy
2017-04-03,43.09,16.1,52.04,0.06,Italy
2017-04-04,47.28,16.05,53.08,0.07,Italy
2017-04-05,51.9,16.3,53.41,0.07,Italy
2017-04-06,44.56,15.98,53.62,0.07,Italy
2017-04-07,44.37,15.6,54.24,0.07,Italy
2017-04-08,43.87,15.6,54.42,0.07,Italy
2017-04-09,43.38,15.6,54.61,0.07,Italy
2017-04-10,42.88,15.6,54.79,0.06,Italy
2017-04-11,41.45,15.65,54.73,0.05,Italy
2017-04-12,44.6,15.73,54.75,0.06,Italy
2017-04-13,40.31,15.7,55.05,0.05,Italy
2017-04-14,41.25,15.7,55.05,0.05,Italy
2017-04-15,39.54,15.79,54.96,0.05,Italy
2017-04-16,37.83,15.88,54.88,0.05,Italy
2017-04-17,36.12,15.97,54.79,0.05,Italy
2017-04-18,42.84,16.4,52.6,0.05,Italy
2017-04-19,42.99,16.25,52.43,0.04,Italy
2017-04-20,42.68,16.1,50.66,0.04,Italy
2017-04-21,45.81,16.58,49.93,0.05,Italy
2017-04-22,47.79,16.48,49.77,0.04,Italy
2017-04-23,49.78,16.37,49.61,0.04,Italy
2017-04-24,51.76,16.27,49.45,0.04,Italy
2017-04-25,39.94,16.08,49.37,0.06,Italy
2017-04-26,45.92,16.4,49.99,0.07,Italy
2017-04-27,46.88,16.15,49.46,0.08,Italy
2017-04-28,43.4,16.55,49.46,0.09,Italy
2017-04-29,42.21,16.61,49.78,0.08,Italy
2017-04-30,41.02,16.66,50.09,0.08,Italy
2017-05-01,39.83,16.72,50.41,0.08,Italy
2017-05-02,50.24,16.7,49.31,0.08,Italy
2017-05-03,49.49,16.6,48.82,0.07,Italy
2017-05-04,48.18,16.1,47.53,0.08,Italy
2017-05-05,46.15,16.0,47.45,0.07,Italy
2017-05-06,46.51,15.94,47.17,0.07,Italy
2017-05-07,46.88,15.88,46.89,0.07,Italy
2017-05-08,47.24,15.82,46.61,0.06,Italy
2017-05-09,43.2,15.85,47.06,0.06,Italy
2017-05-10,48.11,15.95,48.09,0.05,Italy
2017-05-11,45.55,15.3,49.18,0.04,Italy
2017-05-12,41.9,15.58,49.08,0.04,Italy
2017-05-13,41.85,15.55,49.82,0.04,Italy
2017-05-14,41.8,15.51,50.55,0.04,Italy
2017-05-15,41.75,15.48,51.29,0.04,Italy
2017-05-16,39.83,15.57,51.21,0.03,Italy
2017-05-17,41.15,15.5,51.76,0.04,Italy
2017-05-18,46.4,15.6,51.71,0.04,Italy
2017-05-19,39.87,15.3,52.78,0.04,Italy
2017-05-20,41.39,15.28,52.97,0.04,Italy
2017-05-21,42.91,15.27,53.16,0.04,Italy
2017-05-22,44.43,15.25,53.35,0.04,Italy
2017-05-23,45.19,15.55,53.19,0.03,Italy
2017-05-24,45.27,15.2,53.29,0.02,Italy
2017-05-25,46.82,15.0,52.25,0.02,Italy
2017-05-26,44.16,15.1,50.84,0.02,Italy
2017-05-27,43.41,15.18,51.31,0.02,Italy
2017-05-28,42.65,15.26,51.78,0.02,Italy
2017-05-29,41.9,15.34,52.25,0.02,Italy
2017-05-30,49.34,15.58,50.65,0.01,Italy
2017-05-31,48.29,15.3,49.4,0.01,Italy
2017-06-01,50.2,15.07,50.41,0.01,Italy
2017-06-02,41.68,14.65,48.46,0.01,Italy
2017-06-03,45.04,14.78,48.39,0.01,Italy
2017-06-04,48.39,14.92,48.32,0.01,Italy
2017-06-05,51.75,15.05,48.25,0.01,Italy
2017-06-06,49.39,14.85,48.11,0.0,Italy
2017-06-07,44.73,14.98,47.08,0.01,Italy
2017-06-08,43.28,15.08,46.3,0.0,Italy
2017-06-09,46.23,15.07,46.64,0.01,Italy
2017-06-10,47.62,15.09,46.82,0.01,Italy
2017-06-11,49.01,15.11,47.0,0.01,Italy
2017-06-12,50.4,15.13,47.18,0.01,Italy
2017-06-13,49.02,15.18,46.95,0.01,Italy
2017-06-14,55.42,15.1,45.47,0.01,Italy
2017-06-15,54.49,14.7,45.61,0.01,Italy
2017-06-16,55.45,15.18,45.7,0.01,Italy
2017-06-17,53.4,15.25,45.78,0.01,Italy
2017-06-18,51.36,15.31,45.85,0.01,Italy
2017-06-19,49.31,15.38,45.93,0.01,Italy
2017-06-20,56.83,15.38,43.98,0.01,Italy
2017-06-21,59.31,15.38,44.62,0.01,Italy
2017-06-22,59.59,15.23,44.46,0.01,Italy
2017-06-23,61.39,15.07,44.14,0.01,Italy
2017-06-24,58.15,15.18,44.12,0.01,Italy
2017-06-25,54.91,15.29,44.11,0.01,Italy
2017-06-26,51.67,15.4,44.09,0.01,Italy
2017-06-27,49.61,15.32,46.17,0.01,Italy
2017-06-28,48.02,15.43,46.45,0.01,Italy
2017-06-29,46.47,14.98,47.02,0.02,Italy
2017-06-30,47.29,15.35,47.08,0.02,Italy
2017-07-01,45.46,15.5,47.76,0.02,Italy
2017-07-02,43.62,15.65,48.45,0.02,Italy
2017-07-03,41.79,15.8,49.13,0.02,Italy
2017-07-04,46.6,15.35,49.15,0.01,Italy
2017-07-05,49.42,15.35,47.58,0.01,Italy
2017-07-06,49.45,15.13,48.53,0.01,Italy
2017-07-07,51.47,15.02,46.47,0.01,Italy
2017-07-08,51.65,15.02,46.5,0.01,Italy
2017-07-09,51.82,15.03,46.54,0.01,Italy
2017-07-10,52.0,15.03,46.57,0.01,Italy
2017-07-11,55.71,14.7,46.68,0.01,Italy
2017-07-12,63.58,14.75,46.73,0.01,Italy
2017-07-13,58.32,15.05,47.65,0.01,Italy
2017-07-14,56.72,15.0,47.89,0.01,Italy
2017-07-15,54.17,14.97,47.81,0.01,Italy
2017-07-16,51.61,14.93,47.74,0.01,Italy
2017-07-17,49.06,14.9,47.66,0.01,Italy
2017-07-18,52.47,14.98,47.92,0.01,Italy
2017-07-19,56.62,15.03,48.34,0.01,Italy
2017-07-20,56.57,15.3,48.54,0.01,Italy
2017-07-21,57.53,15.07,47.47,0.01,Italy
2017-07-22,55.25,15.03,47.58,0.01,Italy
2017-07-23,52.97,14.99,47.7,0.01,Italy
2017-07-24,50.69,14.95,47.81,0.01,Italy
2017-07-25,46.68,15.1,49.19,0.01,Italy
2017-07-26,50.68,15.4,50.08,0.01,Italy
2017-07-27,53.68,15.05,50.67,0.01,Italy
2017-07-28,50.85,15.0,52.0,0.01,Italy
2017-07-29,55.72,15.02,52.0,0.01,Italy
2017-07-30,60.6,15.03,51.99,0.0,Italy
2017-07-31,65.47,15.05,51.99,0.0,Italy
2017-08-01,63.79,14.75,50.77,0.01,Italy
2017-08-02,77.47,14.93,52.09,0.0,Italy
2017-08-03,104.73,15.13,52.88,0.01,Italy
2017-08-04,94.7,15.18,52.48,0.0,Italy
2017-08-05,80.42,15.3,52.13,0.0,Italy
2017-08-06,66.15,15.43,51.77,0.0,Italy
2017-08-07,51.87,15.55,51.42,0.0,Italy
2017-08-08,51.78,15.48,52.18,0.01,Italy
2017-08-09,61.43,15.88,52.16,0.01,Italy
2017-08-10,50.57,16.15,52.59,0.01,Italy
2017-08-11,44.39,16.2,51.47,0.01,Italy
2017-08-12,44.11,16.08,51.41,0.01,Italy
2017-08-13,43.82,15.95,51.35,0.01,Italy
2017-08-14,43.54,15.83,51.29,0.01,Italy
2017-08-15,41.9,15.8,49.9,0.01,Italy
2017-08-16,51.8,16.2,50.39,0.01,Italy
2017-08-17,50.43,16.1,50.37,0.01,Italy
2017-08-18,49.64,16.4,50.96,0.01,Italy
2017-08-19,49.29,16.37,51.29,0.01,Italy
2017-08-20,48.94,16.33,51.61,0.01,Italy
2017-08-21,48.59,16.3,51.94,0.01,Italy
2017-08-22,51.39,16.25,52.29,0.01,Italy
2017-08-23,51.03,16.58,52.31,0.0,Italy
2017-08-24,51.04,16.3,51.73,0.0,Italy
2017-08-25,53.77,16.45,51.87,0.0,Italy
2017-08-26,60.15,16.56,51.87,0.0,Italy
2017-08-27,66.54,16.66,51.87,0.0,Italy
2017-08-28,72.92,16.77,51.87,0.0,Italy
2017-08-29,60.42,16.45,51.64,0.0,Italy
2017-08-30,65.99,16.83,51.91,0.0,Italy
2017-08-31,56.78,16.33,52.69,0.0,Italy
2017-09-01,56.18,16.48,53.15,0.0,Italy
2017-09-02,54.02,16.49,52.97,0.0,Italy
2017-09-03,51.85,16.51,52.78,0.0,Italy
2017-09-04,49.69,16.52,52.6,0.0,Italy
2017-09-05,53.71,16.95,53.63,0.0,Italy
2017-09-06,49.88,17.0,54.48,0.0,Italy
2017-09-07,53.35,16.7,54.16,0.0,Italy
2017-09-08,51.4,17.05,54.55,0.0,Italy
2017-09-09,50.15,17.11,54.43,0.0,Italy
2017-09-10,48.9,17.17,54.32,0.0,Italy
2017-09-11,47.65,17.23,54.2,0.0,Italy
2017-09-12,46.07,17.25,55.06,0.01,Italy
2017-09-13,52.74,17.68,55.52,0.01,Italy
2017-09-14,46.74,17.98,56.76,0.01,Italy
2017-09-15,49.55,17.8,56.18,0.01,Italy
2017-09-16,48.98,17.87,55.95,0.01,Italy
2017-09-17,48.42,17.93,55.73,0.01,Italy
2017-09-18,47.85,18.0,55.5,0.01,Italy
2017-09-19,45.71,17.58,56.58,0.01,Italy
2017-09-20,45.22,17.5,57.2,0.01,Italy
2017-09-21,52.72,17.23,57.73,0.01,Italy
2017-09-22,54.18,17.23,58.16,0.01,Italy
2017-09-23,53.84,17.45,58.58,0.01,Italy
2017-09-24,53.49,17.66,59.0,0.01,Italy
2017-09-25,53.15,17.88,59.42,0.0,Italy
2017-09-26,52.33,17.7,59.77,0.01,Italy
2017-09-27,50.7,17.5,58.74,0.0,Italy
2017-09-28,52.15,17.7,58.8,0.01,Italy
2017-09-29,53.1,16.4,57.02,0.01,Italy
2017-09-30,53.5,16.44,56.57,0.01,Italy
2017-10-01,53.91,16.49,56.12,0.01,Italy
2017-10-02,54.31,16.53,55.67,0.01,Italy
2017-10-03,54.09,17.4,56.12,0.01,Italy
2017-10-04,55.76,17.48,56.0,0.01,Italy
2017-10-05,56.66,17.9,57.09,0.01,Italy
2017-10-06,55.22,17.73,55.5,0.01,Italy
2017-10-07,56.44,17.79,55.43,0.01,Italy
2017-10-08,57.66,17.84,55.36,0.01,Italy
2017-10-09,58.88,17.9,55.29,0.01,Italy
2017-10-10,65.03,17.63,56.62,0.01,Italy
2017-10-11,60.75,17.2,56.13,0.01,Italy
2017-10-12,57.57,16.98,56.13,0.01,Italy
2017-10-13,56.34,16.55,56.86,0.01,Italy
2017-10-14,55.28,16.42,57.07,0.01,Italy
2017-10-15,54.22,16.28,57.28,0.01,Italy
2017-10-16,53.16,16.15,57.49,0.01,Italy
2017-10-17,57.09,16.85,57.63,0.01,Italy
2017-10-18,57.72,16.83,58.05,0.0,Italy
2017-10-19,58.76,16.45,57.82,0.0,Italy
2017-10-20,57.98,16.35,57.89,0.0,Italy
2017-10-21,55.69,16.53,57.82,0.0,Italy
2017-10-22,53.41,16.7,57.76,0.0,Italy
2017-10-23,51.12,16.88,57.69,0.0,Italy
2017-10-24,54.73,16.58,57.84,0.0,Italy
2017-10-25,60.78,16.98,58.45,0.0,Italy
2017-10-26,61.33,17.05,58.75,0.01,Italy
2017-10-27,60.45,17.08,60.15,0.01,Italy
2017-10-28,58.58,17.35,60.32,0.01,Italy
2017-10-29,56.71,17.61,60.48,0.01,Italy
2017-10-30,54.84,17.88,60.65,0.01,Italy
2017-10-31,59.16,17.9,61.35,0.01,Italy
2017-11-01,55.83,18.38,60.98,0.01,Italy
2017-11-02,59.66,18.1,60.79,0.01,Italy
2017-11-03,60.36,18.3,61.42,0.01,Italy
2017-11-04,61.58,18.51,62.37,0.01,Italy
2017-11-05,62.79,18.72,63.32,0.01,Italy
2017-11-06,64.01,18.93,64.27,0.01,Italy
2017-11-07,64.74,19.25,64.36,0.01,Italy
2017-11-08,73.64,19.3,63.96,0.01,Italy
2017-11-09,86.15,19.33,64.49,0.0,Italy
2017-11-10,82.41,19.85,64.35,0.0,Italy
2017-11-11,81.4,19.89,63.88,0.0,Italy
2017-11-12,80.38,19.94,63.41,0.0,Italy
2017-11-13,79.37,19.98,62.94,0.0,Italy
2017-11-14,79.37,19.33,60.91,0.0,Italy
2017-11-15,74.88,19.02,61.25,0.0,Italy
2017-11-16,74.63,19.17,61.18,0.0,Italy
2017-11-17,58.19,19.05,61.34,0.0,Italy
2017-11-18,60.68,19.21,61.34,0.0,Italy
2017-11-19,63.18,19.36,61.34,0.0,Italy
2017-11-20,65.67,19.52,61.34,0.0,Italy
2017-11-21,68.51,19.65,62.28,0.0,Italy
2017-11-22,70.81,19.6,62.92,0.0,Italy
2017-11-23,68.08,20.25,63.27,0.0,Italy
2017-11-24,54.62,20.5,63.58,0.0,Italy
2017-11-25,61.32,20.63,63.47,0.0,Italy
2017-11-26,68.01,20.77,63.36,0.0,Italy
2017-11-27,74.71,20.9,63.25,0.0,Italy
2017-11-28,77.71,20.65,63.56,0.0,Italy
2017-11-29,69.18,20.8,63.74,0.0,Italy
2017-11-30,78.67,20.7,63.53,0.0,Italy
2017-12-01,69.21,20.85,64.57,0.0,Italy
2017-12-02,76.08,21.08,64.2,0.0,Italy
2017-12-03,82.94,21.32,63.82,0.0,Italy
2017-12-04,89.81,21.55,63.45,0.01,Italy
2017-12-05,87.91,21.4,63.45,0.0,Italy
2017-12-06,80.39,21.15,62.25,0.0,Italy
2017-12-07,66.54,21.4,62.37,0.0,Italy
2017-12-08,64.98,21.0,63.86,0.0,Italy
2017-12-09,67.98,21.26,64.45,0.0,Italy
2017-12-10,70.99,21.51,65.03,0.0,Italy
2017-12-11,73.99,21.77,65.62,0.0,Italy
2017-12-12,110.98,22.17,64.96,0.0,Italy
2017-12-13,76.68,21.5,63.66,0.0,Italy
2017-12-14,62.43,21.6,63.72,0.0,Italy
2017-12-15,57.89,21.53,63.81,0.0,Italy
2017-12-16,60.85,21.42,64.02,0.0,Italy
2017-12-17,63.8,21.31,64.24,0.0,Italy
2017-12-18,66.76,21.2,64.45,0.0,Italy
2017-12-19,77.76,20.17,63.69,0.0,Italy
2017-12-20,67.45,20.38,64.43,0.0,Italy
2017-12-21,65.85,20.2,64.64,0.0,Italy
2017-12-22,46.84,20.0,64.61,0.0,Italy
2017-12-23,47.26,19.97,64.61,0.0,Italy
2017-12-24,47.67,19.93,64.61,0.0,Italy
2017-12-25,48.09,19.9,64.61,0.0,Italy
2017-12-26,45.6,19.85,64.61,0.0,Italy
2017-12-27,46.54,19.95,66.03,0.0,Italy
2017-12-28,49.08,19.78,66.8,0.0,Italy
2017-12-29,45.92,19.35,66.73,0.0,Italy
2017-12-30,43.93,19.42,66.73,0.0,Italy
2017-12-31,41.95,19.48,66.73,0.0,Italy
2018-01-01,39.96,19.55,66.73,0.0,Italy
2018-01-02,52.37,19.15,66.65,0.0,Italy
2018-01-03,43.23,19.05,67.85,0.0,Italy
2018-01-04,52.4,19.1,68.73,0.0,Italy
2018-01-05,47.88,18.77,68.01,0.0,Italy
2018-01-06,50.45,18.83,68.17,0.0,Italy
2018-01-07,53.03,18.89,68.32,0.0,Italy
2018-01-08,55.6,18.95,68.48,0.0,Italy
2018-01-09,51.0,19.42,69.08,0.0,Italy
2018-01-10,54.1,19.43,69.79,0.0,Italy
2018-01-11,51.45,19.27,70.36,0.01,Italy
2018-01-12,48.14,19.6,69.64,0.01,Italy
2018-01-13,48.51,19.4,69.86,0.01,Italy
2018-01-14,48.88,19.2,70.09,0.01,Italy
2018-01-15,49.25,19.0,70.31,0.01,Italy
2018-01-16,44.27,18.8,69.4,0.0,Italy
2018-01-17,49.09,18.42,69.19,0.0,Italy
2018-01-18,51.06,18.73,69.48,0.0,Italy
2018-01-19,51.02,18.3,68.56,0.0,Italy
2018-01-20,51.27,18.37,68.81,0.0,Italy
2018-01-21,51.53,18.43,69.07,0.0,Italy
2018-01-22,51.78,18.5,69.32,0.0,Italy
2018-01-23,53.04,18.0,69.81,0.0,Italy
2018-01-24,54.28,17.85,69.91,0.0,Italy
2018-01-25,51.04,17.83,71.08,0.0,Italy
2018-01-26,48.12,17.4,70.08,0.0,Italy
2018-01-27,48.2,17.42,69.52,0.0,Italy
2018-01-28,48.29,17.43,68.97,0.0,Italy
2018-01-29,48.37,17.45,68.41,0.0,Italy
2018-01-30,52.36,17.4,67.78,0.0,Italy
2018-01-31,46.95,17.83,67.78,0.0,Italy
2018-02-01,48.42,18.1,68.6,0.0,Italy
2018-02-02,44.78,18.27,67.45,0.01,Italy
2018-02-03,47.38,18.1,67.53,0.01,Italy
2018-02-04,49.97,17.92,67.61,0.02,Italy
2018-02-05,52.57,17.75,67.69,0.02,Italy
2018-02-06,51.67,17.98,66.75,0.03,Italy
2018-02-07,54.91,18.35,65.74,0.04,Italy
2018-02-08,51.28,17.98,64.26,0.05,Italy
2018-02-09,48.28,17.95,63.04,0.05,Italy
2018-02-10,49.78,17.98,62.76,0.05,Italy
2018-02-11,51.27,18.02,62.48,0.05,Italy
2018-02-12,52.77,18.05,62.2,0.05,Italy
2018-02-13,54.05,18.43,61.94,0.04,Italy
2018-02-14,51.86,18.23,62.29,0.03,Italy
2018-02-15,57.85,17.98,62.86,0.03,Italy
2018-02-16,49.42,18.23,64.3,0.03,Italy
2018-02-17,51.28,18.69,64.52,0.03,Italy
2018-02-18,53.15,19.14,64.73,0.03,Italy
2018-02-19,55.01,19.6,64.95,0.03,Italy
2018-02-20,55.91,21.13,64.68,0.02,Italy
2018-02-21,60.81,22.05,64.81,0.02,Italy
2018-02-22,69.11,22.0,66.12,0.02,Italy
2018-02-23,69.28,26.6,67.04,0.02,Italy
2018-02-24,81.91,26.2,67.35,0.02,Italy
2018-02-25,94.54,25.8,67.65,0.01,Italy
2018-02-26,107.17,25.4,67.96,0.01,Italy
2018-02-27,84.41,34.4,67.59,0.01,Italy
2018-02-28,91.85,45.1,66.08,0.01,Italy
2018-03-01,97.48,76.0,64.23,0.01,Italy
2018-03-02,67.15,28.5,64.26,0.02,Italy
2018-03-03,64.01,25.77,64.77,0.02,Italy
2018-03-04,60.87,23.03,65.27,0.02,Italy
2018-03-05,57.73,20.3,65.78,0.02,Italy
2018-03-06,51.69,19.6,65.67,0.01,Italy
2018-03-07,51.81,18.8,65.09,0.01,Italy
2018-03-08,52.88,19.4,63.87,0.01,Italy
2018-03-09,48.7,19.95,65.19,0.01,Italy
2018-03-10,50.06,22.08,64.97,0.01,Italy
2018-03-11,51.42,24.22,64.75,0.01,Italy
2018-03-12,52.78,26.35,64.53,0.01,Italy
2018-03-13,53.55,25.0,64.2,0.01,Italy
2018-03-14,58.11,22.65,63.61,0.01,Italy
2018-03-15,53.17,24.3,63.67,0.01,Italy
2018-03-16,54.76,20.2,64.68,0.0,Italy
2018-03-17,56.75,20.35,64.73,0.01,Italy
2018-03-18,58.74,20.5,64.77,0.01,Italy
2018-03-19,60.73,20.65,64.82,0.01,Italy
2018-03-20,56.88,21.42,66.0,0.01,Italy
2018-03-21,66.39,21.8,68.15,0.0,Italy
2018-03-22,54.17,20.65,68.98,0.02,Italy
2018-03-23,50.46,19.6,69.03,0.02,Italy
2018-03-24,52.34,19.2,68.96,0.03,Italy
2018-03-25,54.23,18.8,68.88,0.03,Italy
2018-03-26,56.11,18.4,68.81,0.03,Italy
2018-03-27,54.08,18.63,68.63,0.04,Italy
2018-03-28,51.97,18.5,68.13,0.04,Italy
2018-03-29,53.52,19.5,69.02,0.04,Italy
2018-03-30,39.86,19.5,69.02,0.03,Italy
2018-03-31,44.27,19.59,69.02,0.03,Italy
2018-04-01,48.69,19.68,69.02,0.03,Italy
2018-04-02,53.1,19.77,69.02,0.03,Italy
2018-04-03,58.84,18.65,69.02,0.02,Italy
2018-04-04,51.81,19.1,66.04,0.02,Italy
2018-04-05,54.69,19.08,66.54,0.02,Italy
2018-04-06,49.78,18.83,66.51,0.02,Italy
2018-04-07,50.67,18.89,67.07,0.02,Italy
2018-04-08,51.56,18.94,67.63,0.02,Italy
2018-04-09,52.45,19.0,68.19,0.02,Italy
2018-04-10,57.84,20.2,70.67,0.02,Italy
2018-04-11,55.06,19.53,72.74,0.02,Italy
2018-04-12,54.89,20.77,71.44,0.01,Italy
2018-04-13,45.16,20.2,73.18,0.01,Italy
2018-04-14,47.35,19.9,72.8,0.01,Italy
2018-04-15,49.53,19.6,72.43,0.01,Italy
2018-04-16,51.72,19.3,72.05,0.01,Italy
2018-04-17,49.22,19.0,71.71,0.01,Italy
2018-04-18,45.39,19.15,73.73,0.01,Italy
2018-04-19,45.38,19.92,74.85,0.01,Italy
2018-04-20,48.73,19.63,74.62,0.0,Italy
2018-04-21,50.75,19.69,74.59,0.0,Italy
2018-04-22,52.77,19.74,74.57,0.0,Italy
2018-04-23,54.79,19.8,74.54,0.0,Italy
2018-04-24,41.28,19.68,75.86,0.0,Italy
2018-04-25,51.0,19.88,73.79,0.0,Italy
2018-04-26,47.19,20.13,75.39,0.0,Italy
2018-04-27,43.83,20.15,75.33,0.0,Italy
2018-04-28,43.23,20.36,75.53,0.0,Italy
2018-04-29,42.64,20.57,75.72,0.0,Italy
2018-04-30,42.04,20.78,75.92,0.0,Italy
2018-05-01,48.31,20.15,74.85,0.0,Italy
2018-05-02,48.02,20.38,73.14,0.0,Italy
2018-05-03,58.5,19.98,73.45,0.0,Italy
2018-05-04,50.63,20.42,74.75,0.0,Italy
2018-05-05,50.6,20.5,74.75,0.0,Italy
2018-05-06,50.58,20.59,74.75,0.0,Italy
2018-05-07,50.55,20.67,74.75,0.0,Italy
2018-05-08,56.41,20.7,74.16,0.0,Italy
2018-05-09,55.19,20.6,77.6,0.0,Italy
2018-05-10,58.24,20.9,77.59,0.0,Italy
2018-05-11,47.95,21.25,77.37,0.0,Italy
2018-05-12,49.71,21.34,77.64,0.0,Italy
2018-05-13,51.46,21.44,77.9,0.0,Italy
2018-05-14,53.22,21.53,78.17,0.0,Italy
2018-05-15,53.58,21.38,78.94,0.0,Italy
2018-05-16,61.17,21.75,78.19,0.0,Italy
2018-05-17,57.68,22.3,80.09,0.0,Italy
2018-05-18,51.19,22.08,78.38,0.0,Italy
2018-05-19,52.79,22.13,78.37,0.01,Italy
2018-05-20,54.4,22.18,78.35,0.01,Italy
2018-05-21,56.0,22.23,78.34,0.01,Italy
2018-05-22,58.06,22.8,80.42,0.01,Italy
2018-05-23,57.26,22.8,78.69,0.01,Italy
2018-05-24,57.94,22.7,78.9,0.02,Italy
2018-05-25,49.93,21.8,76.6,0.02,Italy
2018-05-26,54.11,21.8,76.6,0.02,Italy
2018-05-27,58.28,21.8,76.6,0.02,Italy
2018-05-28,62.46,21.8,76.6,0.02,Italy
2018-05-29,59.26,22.6,74.51,0.06,Italy
2018-05-30,64.82,22.75,75.89,0.07,Italy
2018-05-31,62.08,22.45,76.45,0.08,Italy
2018-06-01,53.98,21.85,74.54,0.08,Italy
2018-06-02,55.87,21.95,74.16,0.08,Italy
2018-06-03,57.75,22.05,73.79,0.08,Italy
2018-06-04,59.64,22.15,73.41,0.07,Italy
2018-06-05,58.45,21.85,72.91,0.08,Italy
2018-06-06,61.55,21.6,73.23,0.08,Italy
2018-06-07,60.37,21.75,75.23,0.08,Italy
2018-06-08,48.04,21.7,75.11,0.08,Italy
2018-06-09,51.75,21.67,74.93,0.08,Italy
2018-06-10,55.45,21.63,74.76,0.08,Italy
2018-06-11,59.16,21.6,74.58,0.08,Italy
2018-06-12,57.64,21.93,74.86,0.07,Italy
2018-06-13,60.75,22.48,75.07,0.07,Italy
2018-06-14,54.82,22.77,74.77,0.08,Italy
2018-06-15,52.92,21.88,72.02,0.08,Italy
2018-06-16,54.17,22.1,72.97,0.07,Italy
2018-06-17,55.42,22.33,73.92,0.07,Italy
2018-06-18,56.67,22.55,74.87,0.07,Italy
2018-06-19,61.06,22.13,74.92,0.07,Italy
2018-06-20,64.77,21.88,74.25,0.06,Italy
2018-06-21,62.33,21.7,72.87,0.06,Italy
2018-06-22,49.69,21.8,73.67,0.05,Italy
2018-06-23,51.44,21.73,73.39,0.05,Italy
2018-06-24,53.2,21.67,73.1,0.05,Italy
2018-06-25,54.95,21.6,72.82,0.05,Italy
2018-06-26,58.64,21.63,73.58,0.05,Italy
2018-06-27,59.47,22.15,76.09,0.05,Italy
2018-06-28,60.27,21.9,76.26,0.05,Italy
2018-06-29,54.8,21.58,77.44,0.05,Italy
2018-06-30,56.97,21.76,77.2,0.05,Italy
2018-07-01,59.13,21.95,76.95,0.06,Italy
2018-07-02,61.3,22.13,76.71,0.06,Italy
2018-07-03,72.31,22.25,75.87,0.06,Italy
2018-07-04,63.38,22.35,76.99,0.05,Italy
2018-07-05,62.67,22.35,77.09,0.04,Italy
2018-07-06,55.06,22.23,74.98,0.04,Italy
2018-07-07,58.8,22.36,75.68,0.04,Italy
2018-07-08,62.54,22.5,76.38,0.04,Italy
2018-07-09,66.28,22.63,77.08,0.04,Italy
2018-07-10,65.44,22.78,77.8,0.04,Italy
2018-07-11,65.51,22.52,75.35,0.04,Italy
2018-07-12,68.69,22.1,72.11,0.04,Italy
2018-07-13,58.94,22.48,74.11,0.04,Italy
2018-07-14,60.37,22.34,73.08,0.04,Italy
2018-07-15,61.8,22.19,72.06,0.04,Italy
2018-07-16,63.23,22.05,71.03,0.03,Italy
2018-07-17,68.3,21.95,70.87,0.03,Italy
2018-07-18,64.87,22.2,70.52,0.03,Italy
2018-07-19,68.32,22.23,71.94,0.03,Italy
2018-07-20,63.24,21.95,71.99,0.03,Italy
2018-07-21,62.46,22.04,72.48,0.02,Italy
2018-07-22,61.67,22.14,72.96,0.02,Italy
2018-07-23,60.89,22.23,73.45,0.02,Italy
2018-07-24,62.53,22.15,73.53,0.02,Italy
2018-07-25,65.22,22.23,73.67,0.02,Italy
2018-07-26,67.09,22.27,74.51,0.02,Italy
2018-07-27,63.15,22.15,74.84,0.02,Italy
2018-07-28,64.69,22.2,74.89,0.02,Italy
2018-07-29,66.23,22.25,74.94,0.02,Italy
2018-07-30,67.77,22.3,74.99,0.01,Italy
2018-07-31,72.86,22.05,74.16,0.01,Italy
2018-08-01,73.38,22.13,72.28,0.01,Italy
2018-08-02,72.68,22.15,72.95,0.01,Italy
2018-08-03,66.92,22.18,72.48,0.01,Italy
2018-08-04,67.85,22.28,72.49,0.01,Italy
2018-08-05,68.78,22.38,72.5,0.01,Italy
2018-08-06,69.71,22.48,72.51,0.01,Italy
2018-08-07,73.19,22.73,72.31,0.01,Italy
2018-08-08,67.07,22.63,70.71,0.01,Italy
2018-08-09,68.85,22.67,70.55,0.01,Italy
2018-08-10,63.16,23.1,71.0,0.01,Italy
2018-08-11,63.67,23.27,70.87,0.02,Italy
2018-08-12,64.19,23.43,70.75,0.02,Italy
2018-08-13,64.7,23.6,70.62,0.02,Italy
2018-08-14,64.71,23.55,70.77,0.02,Italy
2018-08-15,66.93,23.4,68.38,0.02,Italy
2018-08-16,63.94,23.63,69.21,0.02,Italy
2018-08-17,61.55,24.1,70.14,0.02,Italy
2018-08-18,64.16,24.12,70.46,0.02,Italy
2018-08-19,66.78,24.15,70.79,0.02,Italy
2018-08-20,69.39,24.17,71.11,0.02,Italy
2018-08-21,70.61,24.2,71.65,0.02,Italy
2018-08-22,69.12,24.63,72.96,0.02,Italy
2018-08-23,67.4,24.85,73.73,0.01,Italy
2018-08-24,66.14,25.15,74.41,0.01,Italy
2018-08-25,66.92,25.15,74.41,0.01,Italy
2018-08-26,67.7,25.15,74.41,0.01,Italy
2018-08-27,68.48,25.15,74.41,0.01,Italy
2018-08-28,70.05,25.75,75.91,0.01,Italy
2018-08-29,74.55,26.3,76.07,0.01,Italy
2018-08-30,73.58,26.25,77.05,0.01,Italy
2018-08-31,66.94,25.9,76.94,0.01,Italy
2018-09-01,68.08,26.05,77.23,0.01,Italy
2018-09-02,69.22,26.2,77.52,0.01,Italy
2018-09-03,70.36,26.35,77.81,0.01,Italy
2018-09-04,74.11,26.95,77.51,0.01,Italy
2018-09-05,74.76,27.2,76.68,0.02,Italy
2018-09-06,76.37,27.45,75.67,0.02,Italy
2018-09-07,69.85,28.2,75.55,0.02,Italy
2018-09-08,72.45,28.53,75.96,0.02,Italy
2018-09-09,75.05,28.85,76.36,0.02,Italy
2018-09-10,77.65,29.18,76.77,0.02,Italy
2018-09-11,87.79,28.7,78.22,0.02,Italy
2018-09-12,91.26,27.6,80.02,0.02,Italy
2018-09-13,83.61,26.55,77.66,0.01,Italy
2018-09-14,74.06,27.25,77.87,0.01,Italy
2018-09-15,76.5,27.35,77.99,0.01,Italy
2018-09-16,78.93,27.45,78.1,0.01,Italy
2018-09-17,81.37,27.55,78.22,0.01,Italy
2018-09-18,80.25,27.4,79.25,0.01,Italy
2018-09-19,80.9,28.25,79.43,0.01,Italy
2018-09-20,92.49,28.23,79.03,0.0,Italy
2018-09-21,78.4,28.52,78.9,0.01,Italy
2018-09-22,77.93,28.84,79.56,0.01,Italy
2018-09-23,77.47,29.16,80.23,0.01,Italy
2018-09-24,77.0,29.48,80.89,0.01,Italy
2018-09-25,79.14,29.33,82.21,0.0,Italy
2018-09-26,77.96,28.05,81.87,0.0,Italy
2018-09-27,74.78,27.5,81.54,0.0,Italy
2018-09-28,67.69,27.0,82.72,0.01,Italy
2018-09-29,71.57,27.07,83.46,0.01,Italy
2018-09-30,75.46,27.13,84.2,0.01,Italy
2018-10-01,79.34,27.2,84.94,0.01,Italy
2018-10-02,77.83,26.9,85.63,0.01,Italy
2018-10-03,77.1,27.0,85.45,0.01,Italy
2018-10-04,76.74,27.0,86.07,0.01,Italy
2018-10-05,80.01,27.35,85.12,0.02,Italy
2018-10-06,81.03,27.2,84.82,0.02,Italy
2018-10-07,82.06,27.05,84.52,0.03,Italy
2018-10-08,83.08,26.9,84.22,0.03,Italy
2018-10-09,78.71,26.42,85.16,0.04,Italy
2018-10-10,77.29,25.63,83.82,0.05,Italy
2018-10-11,73.48,24.78,81.35,0.08,Italy
2018-10-12,68.22,25.35,80.71,0.09,Italy
2018-10-13,71.88,25.54,80.78,0.1,Italy
2018-10-14,75.53,25.73,80.84,0.1,Italy
2018-10-15,79.19,25.92,80.91,0.1,Italy
2018-10-16,87.29,25.53,80.53,0.1,Italy
2018-10-17,76.09,25.35,79.91,0.1,Italy
2018-10-18,78.35,25.17,80.3,0.11,Italy
2018-10-19,69.92,26.3,80.38,0.1,Italy
2018-10-20,70.71,25.85,80.4,0.1,Italy
2018-10-21,71.51,25.4,80.43,0.1,Italy
2018-10-22,72.3,24.95,80.45,0.1,Italy
2018-10-23,74.78,24.63,78.67,0.13,Italy
2018-10-24,74.43,25.05,77.34,0.12,Italy
2018-10-25,72.94,24.45,77.3,0.13,Italy
2018-10-26,65.16,23.88,77.4,0.14,Italy
2018-10-27,67.27,24.09,77.45,0.14,Italy
2018-10-28,69.37,24.31,77.51,0.14,Italy
2018-10-29,71.48,24.52,77.56,0.14,Italy
2018-10-30,72.19,23.73,75.68,0.14,Italy
2018-10-31,60.66,23.4,74.84,0.13,Italy
2018-11-01,66.18,23.3,71.25,0.11,Italy
2018-11-02,60.81,23.6,71.11,0.11,Italy
2018-11-03,61.83,23.49,71.63,0.11,Italy
2018-11-04,62.84,23.39,72.16,0.11,Italy
2018-11-05,63.86,23.28,72.68,0.12,Italy
2018-11-06,61.35,23.2,70.64,0.11,Italy
2018-11-07,63.07,24.3,70.1,0.12,Italy
2018-11-08,63.14,24.05,69.29,0.12,Italy
2018-11-09,60.94,23.83,69.01,0.1,Italy
2018-11-10,62.52,24.39,69.28,0.1,Italy
2018-11-11,64.09,24.94,69.54,0.09,Italy
2018-11-12,65.67,25.5,69.81,0.08,Italy
2018-11-13,64.95,26.3,65.45,0.08,Italy
2018-11-14,66.46,26.45,64.88,0.09,Italy
2018-11-15,68.15,26.5,65.61,0.09,Italy
2018-11-16,65.45,25.7,65.29,0.09,Italy
2018-11-17,70.04,25.23,64.91,0.1,Italy
2018-11-18,74.62,24.77,64.52,0.1,Italy
2018-11-19,79.21,24.3,64.14,0.1,Italy
2018-11-20,75.44,24.63,61.5,0.13,Italy
2018-11-21,86.54,24.67,61.65,0.14,Italy
2018-11-22,79.74,24.8,61.11,0.16,Italy
2018-11-23,66.05,24.85,57.69,0.15,Italy
2018-11-24,68.11,24.75,58.36,0.15,Italy
2018-11-25,70.16,24.65,59.03,0.16,Italy
2018-11-26,72.22,24.55,59.7,0.16,Italy
2018-11-27,60.61,25.1,59.58,0.16,Italy
2018-11-28,63.56,24.33,57.97,0.15,Italy
2018-11-29,71.39,24.55,58.29,0.15,Italy
2018-11-30,69.27,24.15,57.71,0.13,Italy
2018-12-01,68.17,24.3,58.53,0.13,Italy
2018-12-02,67.07,24.45,59.35,0.14,Italy
2018-12-03,65.97,24.6,60.17,0.14,Italy
2018-12-04,65.02,23.88,61.22,0.14,Italy
2018-12-05,72.16,23.3,61.4,0.14,Italy
2018-12-06,69.28,22.6,57.83,0.16,Italy
2018-12-07,50.74,22.6,61.71,0.16,Italy
2018-12-08,55.5,22.77,61.24,0.17,Italy
2018-12-09,60.27,22.93,60.76,0.18,Italy
2018-12-10,65.03,23.1,60.29,0.19,Italy
2018-12-11,75.2,23.5,59.73,0.19,Italy
2018-12-12,74.54,24.0,59.94,0.2,Italy
2018-12-13,76.56,24.13,59.03,0.2,Italy
2018-12-14,65.63,24.55,58.56,0.19,Italy
2018-12-15,66.0,24.55,58.24,0.19,Italy
2018-12-16,66.38,24.55,57.91,0.19,Italy
2018-12-17,66.75,24.55,57.59,0.2,Italy
2018-12-18,77.26,23.88,55.26,0.2,Italy
2018-12-19,72.08,24.4,55.6,0.19,Italy
2018-12-20,69.0,24.77,52.84,0.2,Italy
2018-12-21,60.83,24.48,51.93,0.17,Italy
2018-12-22,56.46,24.34,51.93,0.17,Italy
2018-12-23,52.1,24.19,51.93,0.18,Italy
2018-12-24,47.73,24.05,51.93,0.18,Italy
2018-12-25,57.72,24.1,51.93,0.17,Italy
2018-12-26,65.18,24.1,51.93,0.16,Italy
2018-12-27,64.36,23.33,51.49,0.16,Italy
2018-12-28,60.47,22.02,50.57,0.17,Italy
2018-12-29,55.01,21.7,50.57,0.17,Italy
2018-12-30,49.56,21.37,50.57,0.17,Italy
2018-12-31,44.1,21.05,50.57,0.17,Italy
2019-01-01,59.14,21.05,50.57,0.17,Italy
2019-01-02,59.74,22.3,54.06,0.12,Italy
2019-01-03,67.23,21.8,53.23,0.14,Italy
2019-01-04,68.23,22.05,55.64,0.16,Italy
2019-01-05,69.09,21.58,56.13,0.16,Italy
2019-01-06,69.94,21.12,56.61,0.16,Italy
2019-01-07,70.8,20.65,57.1,0.16,Italy
2019-01-08,72.03,21.78,56.91,0.16,Italy
2019-01-09,71.98,21.13,59.46,0.16,Italy
2019-01-10,70.46,21.93,60.47,0.15,Italy
2019-01-11,66.38,21.38,59.24,0.14,Italy
2019-01-12,68.23,21.38,59.09,0.14,Italy
2019-01-13,70.08,21.38,58.95,0.14,Italy
2019-01-14,71.93,21.38,58.8,0.14,Italy
2019-01-15,72.39,21.2,58.65,0.13,Italy
2019-01-16,69.27,21.7,59.81,0.13,Italy
2019-01-17,71.17,22.68,59.85,0.13,Italy
2019-01-18,69.04,22.25,62.04,0.15,Italy
2019-01-19,69.97,22.1,62.09,0.15,Italy
2019-01-20,70.89,21.95,62.13,0.15,Italy
2019-01-21,71.82,21.8,62.18,0.15,Italy
2019-01-22,77.11,21.67,60.9,0.14,Italy
2019-01-23,83.24,21.95,61.05,0.14,Italy
2019-01-24,69.5,21.2,61.09,0.12,Italy
2019-01-25,61.51,20.8,61.49,0.11,Italy
2019-01-26,64.53,20.72,60.9,0.11,Italy
2019-01-27,67.55,20.63,60.3,0.11,Italy
2019-01-28,70.57,20.55,59.71,0.11,Italy
2019-01-29,71.2,20.8,60.98,0.12,Italy
2019-01-30,63.92,20.15,61.89,0.11,Italy
2019-01-31,65.06,19.95,62.46,0.1,Italy
2019-02-01,55.6,19.23,61.86,0.1,Italy
2019-02-02,56.85,19.27,61.99,0.1,Italy
2019-02-03,58.1,19.31,62.13,0.09,Italy
2019-02-04,59.35,19.35,62.26,0.09,Italy
2019-02-05,56.19,18.65,61.67,0.1,Italy
2019-02-06,64.83,19.0,62.22,0.09,Italy
2019-02-07,62.65,18.58,61.01,0.1,Italy
2019-02-08,65.86,18.27,61.37,0.1,Italy
2019-02-09,63.2,18.27,61.35,0.1,Italy
2019-02-10,60.55,18.27,61.32,0.1,Italy
2019-02-11,57.89,18.27,61.3,0.09,Italy
2019-02-12,54.17,17.45,62.58,0.09,Italy
2019-02-13,57.13,18.1,63.27,0.09,Italy
2019-02-14,55.21,17.75,64.0,0.08,Italy
2019-02-15,53.78,17.95,65.65,0.09,Italy
2019-02-16,56.79,17.75,65.9,0.09,Italy
2019-02-17,59.79,17.55,66.16,0.09,Italy
2019-02-18,62.8,17.35,66.41,0.09,Italy
2019-02-19,59.64,17.88,65.86,0.09,Italy
2019-02-20,62.37,18.1,66.82,0.09,Italy
2019-02-21,58.12,17.5,66.91,0.08,Italy
2019-02-22,50.66,16.93,66.91,0.07,Italy
2019-02-23,53.01,16.9,65.95,0.07,Italy
2019-02-24,55.36,16.88,64.98,0.07,Italy
2019-02-25,57.71,16.85,64.02,0.07,Italy
2019-02-26,54.83,17.33,64.51,0.06,Italy
2019-02-27,59.98,17.78,65.55,0.06,Italy
2019-02-28,54.71,17.75,65.03,0.06,Italy
2019-03-01,50.89,17.42,63.71,0.05,Italy
2019-03-02,53.39,17.46,63.95,0.05,Italy
2019-03-03,55.88,17.49,64.2,0.05,Italy
2019-03-04,58.38,17.53,64.44,0.05,Italy
2019-03-05,59.68,17.08,64.24,0.05,Italy
2019-03-06,54.22,16.93,64.51,0.04,Italy
2019-03-07,58.19,16.92,64.82,0.03,Italy
2019-03-08,53.74,16.78,65.66,0.04,Italy
2019-03-09,52.7,16.81,65.46,0.04,Italy
2019-03-10,51.67,16.85,65.26,0.05,Italy
2019-03-11,50.63,16.88,65.06,0.05,Italy
2019-03-12,59.76,16.5,65.33,0.06,Italy
2019-03-13,57.23,15.9,65.89,0.06,Italy
2019-03-14,57.46,15.52,66.18,0.06,Italy
2019-03-15,46.71,14.85,66.11,0.06,Italy
2019-03-16,51.6,15.03,66.29,0.06,Italy
2019-03-17,56.48,15.22,66.47,0.06,Italy
2019-03-18,61.37,15.4,66.65,0.06,Italy
2019-03-19,54.75,15.23,67.13,0.05,Italy
2019-03-20,51.4,15.08,68.35,0.06,Italy
2019-03-21,51.35,14.55,68.3,0.06,Italy
2019-03-22,46.89,14.2,66.29,0.06,Italy
2019-03-23,48.38,14.25,66.65,0.06,Italy
2019-03-24,49.86,14.3,67.01,0.07,Italy
2019-03-25,51.35,14.35,67.37,0.07,Italy
2019-03-26,50.8,14.7,67.51,0.07,Italy
2019-03-27,49.27,14.95,67.35,0.08,Italy
2019-03-28,55.82,14.2,66.08,0.09,Italy
2019-03-29,49.41,14.68,67.93,0.09,Italy
2019-03-30,52.28,14.49,68.31,0.09,Italy
2019-03-31,55.14,14.29,68.7,0.09,Italy
2019-04-01,58.01,14.1,69.08,0.09,Italy
2019-04-02,60.14,13.75,69.68,0.09,Italy
2019-04-03,56.92,14.45,69.21,0.08,Italy
2019-04-04,52.31,15.08,69.8,0.08,Italy
2019-04-05,52.79,15.82,69.93,0.07,Italy
2019-04-06,54.29,15.84,70.33,0.07,Italy
2019-04-07,55.78,15.86,70.72,0.07,Italy
2019-04-08,57.28,15.88,71.12,0.06,Italy
2019-04-09,60.74,16.85,71.02,0.05,Italy
2019-04-10,61.15,16.2,71.63,0.05,Italy
2019-04-11,61.34,16.08,71.3,0.04,Italy
2019-04-12,55.68,15.94,71.57,0.04,Italy
2019-04-13,56.54,15.63,71.35,0.04,Italy
2019-04-14,57.41,15.31,71.12,0.04,Italy
2019-04-15,58.27,15.0,70.9,0.04,Italy
2019-04-16,59.55,15.35,70.74,0.04,Italy
2019-04-17,55.09,15.05,71.14,0.03,Italy
2019-04-18,50.91,14.93,70.71,0.03,Italy
2019-04-19,46.39,14.93,70.71,0.03,Italy
2019-04-20,50.92,14.93,70.71,0.03,Italy
2019-04-21,55.44,14.93,70.71,0.03,Italy
2019-04-22,59.97,14.93,70.71,0.03,Italy
2019-04-23,55.71,14.43,74.39,0.02,Italy
2019-04-24,55.71,14.18,73.59,0.02,Italy
2019-04-25,51.68,14.75,74.94,0.02,Italy
2019-04-26,45.9,14.3,71.03,0.02,Italy
2019-04-27,48.17,14.39,71.09,0.02,Italy
2019-04-28,50.45,14.48,71.16,0.02,Italy
2019-04-29,52.72,14.57,71.22,0.02,Italy
2019-04-30,46.3,14.35,72.19,0.01,Italy
2019-05-01,60.14,14.4,72.01,0.01,Italy
2019-05-02,60.27,14.65,70.56,0.01,Italy
2019-05-03,57.92,14.75,71.95,0.01,Italy
2019-05-04,57.81,14.79,71.95,0.01,Italy
2019-05-05,57.71,14.84,71.95,0.01,Italy
2019-05-06,57.6,14.88,71.95,0.01,Italy
2019-05-07,62.52,14.48,70.98,0.01,Italy
2019-05-08,57.07,14.48,71.09,0.01,Italy
2019-05-09,56.06,14.55,70.61,0.02,Italy
2019-05-10,53.35,14.06,71.63,0.03,Italy
2019-05-11,53.64,13.97,71.87,0.03,Italy
2019-05-12,53.92,13.89,72.11,0.04,Italy
2019-05-13,54.21,13.8,72.35,0.04,Italy
2019-05-14,55.94,13.8,72.53,0.05,Italy
2019-05-15,53.58,14.0,73.09,0.05,Italy
2019-05-16,53.34,13.4,74.7,0.06,Italy
2019-05-17,46.81,13.07,73.94,0.06,Italy
2019-05-18,47.01,13.01,73.7,0.06,Italy
2019-05-19,47.21,12.96,73.45,0.06,Italy
2019-05-20,47.41,12.9,73.21,0.06,Italy
2019-05-21,50.69,12.8,72.94,0.06,Italy
2019-05-22,50.05,12.93,71.94,0.06,Italy
2019-05-23,47.68,12.45,68.37,0.07,Italy
2019-05-24,44.76,12.3,67.98,0.07,Italy
2019-05-25,44.75,12.3,67.98,0.07,Italy
2019-05-26,44.75,12.3,67.98,0.07,Italy
2019-05-27,44.74,12.3,67.98,0.07,Italy
2019-05-28,41.06,12.5,70.19,0.07,Italy
2019-05-29,45.35,11.75,70.64,0.08,Italy
2019-05-30,47.48,11.27,69.55,0.08,Italy
2019-05-31,40.07,10.35,66.78,0.08,Italy
2019-06-01,40.93,10.28,65.57,0.08,Italy
2019-06-02,41.79,10.2,64.37,0.08,Italy
2019-06-03,42.65,10.13,63.16,0.08,Italy
2019-06-04,47.45,11.3,63.56,0.09,Italy
2019-06-05,49.85,10.65,62.14,0.08,Italy
2019-06-06,52.07,10.43,62.77,0.08,Italy
2019-06-07,48.17,10.98,64.1,0.08,Italy
2019-06-08,48.49,11.18,64.17,0.08,Italy
2019-06-09,48.81,11.37,64.24,0.07,Italy
2019-06-10,49.13,11.57,64.31,0.07,Italy
2019-06-11,51.38,11.2,63.56,0.06,Italy
2019-06-12,50.04,11.2,61.66,0.06,Italy
2019-06-13,50.45,11.43,63.28,0.06,Italy
2019-06-14,43.1,11.27,63.13,0.05,Italy
2019-06-15,46.85,11.31,62.94,0.05,Italy
2019-06-16,50.6,11.34,62.75,0.05,Italy
2019-06-17,54.35,11.38,62.56,0.04,Italy
2019-06-18,56.3,11.1,63.35,0.03,Italy
2019-06-19,56.75,10.32,62.85,0.02,Italy
2019-06-20,51.19,10.23,65.44,0.03,Italy
2019-06-21,44.34,10.3,65.99,0.03,Italy
2019-06-22,45.8,10.13,65.71,0.02,Italy
2019-06-23,47.26,9.97,65.44,0.02,Italy
2019-06-24,48.72,9.8,65.16,0.02,Italy
2019-06-25,58.45,9.13,66.24,0.02,Italy
2019-06-26,65.42,9.4,66.85,0.02,Italy
2019-06-27,55.22,9.13,66.78,0.02,Italy
2019-06-28,48.14,9.5,67.52,0.02,Italy
2019-06-29,53.42,9.73,66.71,0.02,Italy
2019-06-30,58.71,9.97,65.91,0.02,Italy
2019-07-01,63.99,10.2,65.1,0.02,Italy
2019-07-02,61.92,10.27,62.72,0.02,Italy
2019-07-03,61.92,10.27,63.53,0.01,Italy
2019-07-04,57.79,10.35,63.62,0.01,Italy
2019-07-05,50.99,11.13,64.23,0.01,Italy
2019-07-06,52.28,11.39,64.45,0.01,Italy
2019-07-07,53.57,11.64,64.67,0.01,Italy
2019-07-08,54.86,11.9,64.89,0.01,Italy
2019-07-09,51.6,11.55,64.3,0.01,Italy
2019-07-10,53.02,12.5,66.41,0.01,Italy
2019-07-11,55.77,12.75,67.64,0.01,Italy
2019-07-12,46.24,13.0,66.65,0.01,Italy
2019-07-13,46.42,12.95,66.72,0.01,Italy
2019-07-14,46.59,12.9,66.79,0.02,Italy
2019-07-15,46.77,12.85,66.86,0.02,Italy
2019-07-16,47.96,11.25,65.87,0.01,Italy
2019-07-17,47.15,11.15,63.67,0.01,Italy
2019-07-18,55.24,10.7,60.7,0.01,Italy
2019-07-19,44.23,10.75,61.04,0.01,Italy
2019-07-20,47.34,10.6,61.35,0.01,Italy
2019-07-21,50.46,10.45,61.65,0.01,Italy
2019-07-22,53.57,10.3,61.96,0.01,Italy
2019-07-23,59.48,10.65,62.28,0.01,Italy
2019-07-24,62.02,10.35,63.83,0.01,Italy
2019-07-25,62.79,10.3,63.47,0.01,Italy
2019-07-26,49.69,10.05,62.46,0.01,Italy
2019-07-27,49.6,9.87,62.4,0.01,Italy
2019-07-28,49.5,9.68,62.35,0.01,Italy
2019-07-29,49.41,9.5,62.29,0.01,Italy
2019-07-30,54.16,9.73,62.55,0.01,Italy
2019-07-31,51.26,10.15,64.07,0.01,Italy
2019-08-01,47.57,11.25,62.9,0.02,Italy
2019-08-02,46.35,11.3,61.12,0.03,Italy
2019-08-03,47.4,10.89,60.52,0.04,Italy
2019-08-04,48.45,10.48,59.92,0.05,Italy
2019-08-05,49.5,10.07,59.32,0.06,Italy
2019-08-06,52.02,9.77,58.63,0.07,Italy
2019-08-07,49.89,9.73,55.03,0.08,Italy
2019-08-08,50.37,10.05,56.29,0.08,Italy
2019-08-09,52.23,10.13,57.37,0.1,Italy
2019-08-10,51.3,10.23,57.29,0.11,Italy
2019-08-11,50.36,10.33,57.21,0.11,Italy
2019-08-12,49.43,10.43,57.13,0.11,Italy
2019-08-13,39.99,10.73,59.9,0.1,Italy
2019-08-14,37.36,9.65,57.86,0.12,Italy
2019-08-15,42.55,9.5,57.37,0.13,Italy
2019-08-16,40.99,9.6,59.0,0.15,Italy
2019-08-17,42.86,9.58,59.26,0.15,Italy
2019-08-18,44.74,9.57,59.53,0.15,Italy
2019-08-19,46.61,9.55,59.79,0.15,Italy
2019-08-20,46.11,9.93,59.03,0.16,Italy
2019-08-21,45.85,9.93,60.6,0.16,Italy
2019-08-22,47.05,10.05,59.81,0.17,Italy
2019-08-23,44.98,9.65,58.64,0.18,Italy
2019-08-24,50.68,9.73,58.64,0.18,Italy
2019-08-25,56.38,9.8,58.64,0.17,Italy
2019-08-26,62.08,9.88,58.64,0.17,Italy
2019-08-27,70.1,10.45,58.44,0.17,Italy
2019-08-28,65.62,10.1,60.42,0.17,Italy
2019-08-29,59.55,9.9,60.59,0.16,Italy
2019-08-30,50.14,9.0,61.04,0.14,Italy
2019-08-31,51.19,8.62,60.21,0.13,Italy
2019-09-01,52.23,8.23,59.38,0.13,Italy
2019-09-02,53.28,7.85,58.55,0.13,Italy
2019-09-03,49.77,7.18,57.93,0.12,Italy
2019-09-04,52.75,7.5,60.68,0.11,Italy
2019-09-05,52.75,8.07,62.7,0.13,Italy
2019-09-06,52.36,9.4,61.28,0.13,Italy
2019-09-07,51.83,9.44,62.18,0.13,Italy
2019-09-08,51.31,9.48,63.09,0.13,Italy
2019-09-09,50.78,9.52,63.99,0.12,Italy
2019-09-10,48.37,10.9,64.67,0.12,Italy
2019-09-11,48.51,10.23,63.02,0.12,Italy
2019-09-12,48.55,10.9,60.76,0.11,Italy
2019-09-13,44.5,10.57,61.25,0.13,Italy
2019-09-14,46.64,10.78,63.64,0.13,Italy
2019-09-15,48.77,10.99,66.03,0.12,Italy
2019-09-16,50.91,11.2,68.42,0.11,Italy
2019-09-17,57.13,9.7,65.59,0.1,Italy
2019-09-18,61.79,9.55,64.29,0.1,Italy
2019-09-19,61.79,9.3,64.25,0.11,Italy
2019-09-20,53.99,9.9,65.23,0.1,Italy
2019-09-21,53.99,9.95,65.04,0.1,Italy
2019-09-22,53.99,10.0,64.85,0.1,Italy
2019-09-23,53.99,10.05,64.66,0.11,Italy
2019-09-24,60.42,11.15,64.13,0.1,Italy
2019-09-25,56.04,10.15,62.41,0.09,Italy
2019-09-26,62.23,10.18,62.08,0.08,Italy
2019-09-27,61.73,9.4,62.48,0.08,Italy
2019-09-28,64.29,9.01,61.98,0.08,Italy
2019-09-29,66.86,8.62,61.49,0.07,Italy
2019-09-30,69.42,8.23,60.99,0.07,Italy
2019-10-01,70.54,9.95,60.06,0.06,Italy
2019-10-02,64.79,10.1,57.92,0.06,Italy
2019-10-03,68.13,12.5,58.01,0.07,Italy
2019-10-04,60.0,11.25,59.13,0.08,Italy
2019-10-05,63.21,10.92,59.24,0.08,Italy
2019-10-06,66.41,10.58,59.35,0.08,Italy
2019-10-07,69.62,10.25,59.46,0.08,Italy
2019-10-08,67.64,9.45,58.14,0.07,Italy
2019-10-09,65.33,8.15,59.7,0.07,Italy
2019-10-10,68.17,8.9,59.08,0.07,Italy
2019-10-11,56.98,9.35,60.59,0.09,Italy
2019-10-12,60.69,9.93,60.0,0.09,Italy
2019-10-13,64.4,10.52,59.4,0.1,Italy
2019-10-14,68.11,11.1,58.81,0.1,Italy
2019-10-15,66.62,10.9,59.19,0.11,Italy
2019-10-16,69.53,10.55,59.3,0.11,Italy
2019-10-17,70.85,10.0,59.35,0.1,Italy
2019-10-18,70.85,10.6,59.96,0.1,Italy
2019-10-19,67.28,10.43,59.62,0.1,Italy
2019-10-20,63.71,10.27,59.29,0.1,Italy
2019-10-21,60.14,10.1,58.95,0.1,Italy
2019-10-22,58.85,10.32,60.5,0.09,Italy
2019-10-23,58.61,10.45,60.52,0.08,Italy
2019-10-24,52.46,9.9,61.71,0.07,Italy
2019-10-25,49.46,11.35,62.06,0.07,Italy
2019-10-26,52.53,11.33,61.5,0.07,Italy
2019-10-27,55.6,11.32,60.95,0.06,Italy
2019-10-28,58.67,11.3,60.39,0.06,Italy
2019-10-29,59.05,10.32,61.05,0.06,Italy
2019-10-30,56.27,10.32,60.22,0.05,Italy
2019-10-31,51.08,10.0,59.3,0.05,Italy
2019-11-01,51.16,11.45,60.17,0.05,Italy
2019-11-02,50.94,11.98,60.95,0.05,Italy
2019-11-03,50.71,12.52,61.74,0.04,Italy
2019-11-04,50.49,13.05,62.52,0.04,Italy
2019-11-05,60.7,13.33,62.72,0.04,Italy
2019-11-06,53.52,13.0,62.11,0.04,Italy
2019-11-07,58.51,14.38,62.6,0.04,Italy
2019-11-08,58.39,14.7,62.0,0.04,Italy
2019-11-09,58.69,14.67,62.19,0.04,Italy
2019-11-10,58.99,14.63,62.39,0.04,Italy
2019-11-11,59.29,14.6,62.58,0.04,Italy
2019-11-12,63.25,15.0,62.19,0.04,Italy
2019-11-13,63.71,14.9,62.27,0.04,Italy
2019-11-14,63.5,14.63,62.46,0.04,Italy
2019-11-15,55.48,15.15,63.32,0.04,Italy
2019-11-16,60.11,15.02,63.15,0.04,Italy
2019-11-17,64.73,14.9,62.99,0.04,Italy
2019-11-18,69.36,14.77,62.82,0.04,Italy
2019-11-19,66.02,15.2,62.37,0.04,Italy
2019-11-20,64.31,15.18,63.8,0.03,Italy
2019-11-21,60.53,15.7,64.99,0.03,Italy
2019-11-22,53.33,15.65,64.83,0.03,Italy
2019-11-23,55.87,15.97,64.78,0.03,Italy
2019-11-24,58.4,16.28,64.72,0.03,Italy
2019-11-25,60.94,16.6,64.67,0.02,Italy
2019-11-26,55.82,15.55,64.82,0.02,Italy
2019-11-27,60.02,15.95,65.03,0.02,Italy
2019-11-28,57.54,15.6,64.68,0.02,Italy
2019-11-29,58.71,15.65,64.5,0.02,Italy
2019-11-30,60.6,15.58,64.07,0.01,Italy
2019-12-01,62.5,15.5,63.63,0.01,Italy
2019-12-02,64.39,15.43,63.2,0.01,Italy
2019-12-03,63.75,15.02,62.95,0.01,Italy
2019-12-04,65.57,14.88,65.25,0.02,Italy
2019-12-05,61.87,14.1,65.67,0.02,Italy
2019-12-06,59.65,14.2,66.5,0.03,Italy
2019-12-07,58.84,14.04,66.48,0.03,Italy
2019-12-08,58.02,13.89,66.46,0.03,Italy
2019-12-09,57.21,13.73,66.44,0.03,Italy
2019-12-10,59.65,13.65,66.57,0.02,Italy
2019-12-11,61.28,13.18,65.37,0.02,Italy
2019-12-12,57.07,13.4,66.67,0.02,Italy
2019-12-13,51.27,13.0,67.44,0.03,Italy
2019-12-14,52.89,12.87,67.64,0.03,Italy
2019-12-15,54.52,12.73,67.84,0.03,Italy
2019-12-16,56.14,12.6,68.04,0.03,Italy
2019-12-17,56.19,13.2,68.99,0.03,Italy
2019-12-18,280.0,12.77,69.12,0.03,Italy
2019-12-19,51.4,13.18,69.7,0.03,Italy
2019-12-20,29.95,13.0,68.66,0.03,Italy
2019-12-21,29.11,12.46,68.27,0.03,Italy
2019-12-22,28.26,11.92,67.88,0.03,Italy
2019-12-23,27.42,11.38,67.49,0.03,Italy
2019-12-24,21.78,11.35,69.26,0.03,Italy
2019-12-25,34.82,11.0,69.26,0.03,Italy
2019-12-26,45.99,11.0,69.26,0.03,Italy
2019-12-27,35.19,12.7,68.91,0.03,Italy
2019-12-28,38.04,12.58,68.71,0.03,Italy
2019-12-29,40.89,12.47,68.5,0.03,Italy
2019-12-30,43.74,12.35,68.3,0.03,Italy
2019-12-31,35.79,11.57,67.77,0.04,Italy
2020-01-01,45.75,11.6,67.77,0.04,Italy
2020-01-02,43.94,11.85,67.05,0.03,Italy
2020-01-03,44.21,12.73,69.08,0.02,Italy
2020-01-04,47.0,12.56,69.47,0.02,Italy
2020-01-05,49.8,12.4,69.86,0.02,Italy
2020-01-06,52.59,12.23,70.25,0.02,Italy
2020-01-07,47.92,11.77,68.74,0.02,Italy
2020-01-08,55.44,11.8,67.31,0.02,Italy
2020-01-09,52.98,11.8,66.58,0.02,Italy
2020-01-10,45.42,11.8,66.77,0.02,Italy
2020-01-11,49.02,11.87,65.89,0.02,Italy
2020-01-12,52.61,11.93,65.02,0.02,Italy
2020-01-13,56.21,12.0,64.14,0.02,Italy
2020-01-14,56.21,11.25,64.45,0.02,Italy
2020-01-15,50.28,11.18,63.29,0.01,Italy
2020-01-16,50.28,11.05,64.63,0.01,Italy
2020-01-17,51.89,10.85,64.05,0.01,Italy
2020-01-18,50.48,10.8,64.24,0.01,Italy
2020-01-19,49.07,10.75,64.44,0.01,Italy
2020-01-20,47.66,10.7,64.63,0.01,Italy
2020-01-21,50.82,10.95,63.66,0.01,Italy
2020-01-22,50.82,10.5,62.11,0.01,Italy
2020-01-23,51.72,10.43,61.26,0.01,Italy
2020-01-24,45.8,10.5,59.34,0.01,Italy
2020-01-25,45.64,10.49,59.07,0.01,Italy
2020-01-26,45.49,10.49,58.81,0.02,Italy
2020-01-27,45.33,10.48,58.54,0.02,Italy
2020-01-28,45.33,10.88,59.37,0.02,Italy
2020-01-29,45.49,10.23,59.46,0.02,Italy
2020-01-30,44.93,9.9,57.72,0.03,Italy
2020-01-31,40.58,9.85,57.77,0.03,Italy
2020-02-01,40.42,9.72,56.51,0.03,Italy
2020-02-02,40.25,9.58,55.26,0.03,Italy
2020-02-03,40.09,9.45,54.0,0.03,Italy
2020-02-04,39.17,9.8,53.9,0.03,Italy
2020-02-05,40.59,9.55,55.36,0.03,Italy
2020-02-06,48.07,9.27,55.18,0.03,Italy
2020-02-07,41.34,9.2,54.53,0.02,Italy
2020-02-08,40.41,9.09,54.15,0.02,Italy
2020-02-09,39.49,8.99,53.77,0.02,Italy
2020-02-10,38.56,8.88,53.39,0.02,Italy
2020-02-11,42.87,9.05,54.0,0.02,Italy
2020-02-12,42.18,9.38,55.54,0.02,Italy
2020-02-13,38.19,9.0,56.34,0.02,Italy
2020-02-14,36.42,9.15,57.37,0.02,Italy
2020-02-15,37.4,9.23,57.52,0.02,Italy
2020-02-16,38.39,9.3,57.68,0.02,Italy
2020-02-17,39.37,9.38,57.83,0.02,Italy
2020-02-18,40.0,9.65,57.35,0.01,Italy
2020-02-19,38.83,9.8,59.72,0.01,Italy
2020-02-20,46.1,9.82,59.72,0.01,Italy
2020-02-21,37.75,9.5,58.6,0.01,Italy
2020-02-22,38.58,9.41,57.75,0.02,Italy
2020-02-23,39.41,9.31,56.89,0.03,Italy
2020-02-24,40.24,9.22,56.04,0.03,Italy
2020-02-25,34.91,9.25,56.71,0.05,Italy
2020-02-26,38.97,9.5,54.96,0.06,Italy
2020-02-27,40.75,9.2,52.19,0.11,Italy
2020-02-28,40.75,9.4,51.31,0.17,Italy
2020-02-29,38.92,9.4,51.71,0.18,Italy
2020-03-01,37.08,9.4,52.12,0.2,Italy
2020-03-02,35.25,9.4,52.52,0.21,Italy
2020-03-03,38.09,9.55,52.24,0.25,Italy
2020-03-04,41.96,9.27,51.86,0.26,Italy
2020-03-05,45.84,9.4,51.29,0.28,Italy
2020-03-06,36.46,9.15,45.6,0.32,Italy
2020-03-07,38.79,9.02,42.18,0.34,Italy
2020-03-08,41.13,8.88,38.75,0.37,Italy
2020-03-09,43.46,8.75,35.33,0.4,Italy
2020-03-10,39.65,9.15,35.57,0.45,Italy
2020-03-11,39.77,9.18,34.45,0.47,Italy
2020-03-12,39.68,9.43,31.02,0.51,Italy
2020-03-13,34.17,9.4,32.25,0.56,Italy
2020-03-14,34.04,9.23,30.83,0.57,Italy
2020-03-15,33.91,9.05,29.4,0.58,Italy
2020-03-16,33.78,8.88,27.98,0.59,Italy
2020-03-17,29.35,8.5,27.97,0.62,Italy
2020-03-18,30.98,8.45,22.79,0.64,Italy
2020-03-19,30.38,8.7,23.3,0.64,Italy
2020-03-20,26.52,8.75,25.4,0.68,Italy
2020-03-21,26.78,8.57,25.29,0.67,Italy
2020-03-22,27.03,8.38,25.17,0.67,Italy
2020-03-23,27.29,8.2,25.06,0.67,Italy
2020-03-24,25.49,8.15,23.75,0.66,Italy
2020-03-25,24.36,8.0,25.62,0.67,Italy
2020-03-26,29.96,7.63,23.55,0.66,Italy
2020-03-27,31.28,7.43,22.39,0.67,Italy
2020-03-28,29.14,7.34,21.28,0.68,Italy
2020-03-29,27.01,7.24,20.18,0.68,Italy
2020-03-30,24.87,7.15,19.07,0.69,Italy
2020-03-31,25.38,7.18,14.85,0.67,Italy
2020-04-01,28.95,6.97,14.97,0.69,Italy
2020-04-02,27.93,7.03,20.24,0.67,Italy
2020-04-03,19.24,7.05,24.33,0.67,Italy
2020-04-04,23.09,7.08,23.75,0.66,Italy
2020-04-05,26.94,7.1,23.16,0.65,Italy
2020-04-06,30.79,7.13,22.58,0.64,Italy
2020-04-07,27.96,7.32,22.1,0.63,Italy
2020-04-08,25.95,7.1,25.22,0.61,Italy
2020-04-09,22.61,7.05,20.23,0.59,Italy
2020-04-10,23.4,7.05,20.23,0.56,Italy
2020-04-11,20.26,7.05,20.23,0.55,Italy
2020-04-12,17.11,7.05,20.23,0.55,Italy
2020-04-13,13.97,7.05,20.23,0.55,Italy
2020-04-14,19.81,7.05,21.74,0.52,Italy
2020-04-15,22.96,6.85,19.8,0.53,Italy
2020-04-16,30.31,7.07,18.69,0.51,Italy
2020-04-17,29.31,6.35,19.75,0.49,Italy
2020-04-18,28.77,6.32,18.95,0.48,Italy
2020-04-19,28.23,6.28,18.16,0.48,Italy
2020-04-20,27.69,6.25,17.36,0.47,Italy
2020-04-21,32.21,5.95,9.12,0.48,Italy
2020-04-22,26.42,6.05,13.77,0.48,Italy
2020-04-23,27.83,5.65,15.06,0.46,Italy
2020-04-24,14.18,5.6,15.87,0.45,Italy
2020-04-25,19.86,5.78,15.64,0.44,Italy
2020-04-26,25.53,5.95,15.4,0.44,Italy
2020-04-27,31.21,6.13,15.17,0.43,Italy
2020-04-28,26.01,5.98,15.6,0.41,Italy
2020-04-29,20.68,5.65,17.86,0.39,Italy
2020-04-30,24.53,5.55,18.11,0.38,Italy
2020-05-01,10.66,5.55,18.49,0.39,Italy
2020-05-02,16.96,5.53,19.13,0.38,Italy
2020-05-03,23.26,5.52,19.76,0.38,Italy
2020-05-04,29.56,5.5,20.4,0.37,Italy
2020-05-05,25.3,5.3,25.46,0.36,Italy
2020-05-06,25.99,5.53,24.2,0.37,Italy
2020-05-07,22.22,5.25,24.23,0.37,Italy
2020-05-08,22.67,5.25,24.23,0.36,Italy
2020-05-09,23.08,5.46,24.66,0.36,Italy
2020-05-10,23.48,5.67,25.1,0.35,Italy
2020-05-11,23.89,5.88,25.53,0.35,Italy
2020-05-12,22.62,5.13,26.67,0.35,Italy
2020-05-13,28.64,5.07,27.89,0.34,Italy
2020-05-14,22.49,4.85,29.87,0.33,Italy
2020-05-15,21.46,4.78,30.95,0.34,Italy
2020-05-16,22.69,4.69,31.73,0.34,Italy
2020-05-17,23.93,4.59,32.52,0.33,Italy
2020-05-18,25.16,4.5,33.3,0.32,Italy
2020-05-19,27.75,4.22,33.06,0.32,Italy
2020-05-20,24.13,3.95,34.76,0.31,Italy
2020-05-21,17.98,3.1,34.78,0.3,Italy
2020-05-22,20.49,4.03,33.8,0.29,Italy
2020-05-23,19.62,4.03,33.8,0.28,Italy
2020-05-24,18.74,4.03,33.8,0.27,Italy
2020-05-25,17.87,4.03,33.8,0.27,Italy
2020-05-26,24.78,4.0,33.95,0.26,Italy
2020-05-27,21.66,3.55,32.73,0.27,Italy
2020-05-28,20.62,3.2,33.98,0.25,Italy
2020-05-29,28.88,3.42,34.15,0.25,Italy
2020-05-30,25.71,3.48,35.01,0.25,Italy
2020-05-31,22.54,3.54,35.88,0.26,Italy
2020-06-01,19.37,3.6,36.74,0.26,Italy
2020-06-02,20.64,4.3,37.72,0.24,Italy
2020-06-03,26.73,4.9,37.98,0.24,Italy
2020-06-04,24.83,4.47,38.41,0.24,Italy
2020-06-05,23.67,4.88,41.0,0.24,Italy
2020-06-06,26.19,4.87,40.55,0.24,Italy
2020-06-07,28.72,4.86,40.11,0.24,Italy
2020-06-08,31.24,4.85,39.66,0.25,Italy
2020-06-09,30.37,4.65,40.45,0.25,Italy
2020-06-10,27.88,4.57,41.18,0.25,Italy
2020-06-11,25.18,4.72,37.76,0.28,Italy
2020-06-12,26.08,4.95,38.54,0.27,Italy
2020-06-13,27.81,5.09,38.84,0.27,Italy
2020-06-14,29.53,5.24,39.14,0.27,Italy
2020-06-15,31.26,5.38,39.44,0.26,Italy
2020-06-16,31.29,5.1,40.75,0.25,Italy
2020-06-17,31.59,5.1,40.47,0.25,Italy
2020-06-18,30.09,5.2,41.75,0.25,Italy
2020-06-19,30.97,5.45,42.33,0.24,Italy
2020-06-20,30.71,5.37,42.62,0.24,Italy
2020-06-21,30.44,5.3,42.91,0.23,Italy
2020-06-22,30.18,5.22,43.2,0.22,Italy
2020-06-23,31.44,5.72,42.72,0.21,Italy
2020-06-24,35.38,5.61,40.4,0.21,Italy
2020-06-25,38.35,5.03,41.18,0.21,Italy
2020-06-26,36.82,4.97,40.97,0.21,Italy
2020-06-27,35.18,5.2,41.17,0.2,Italy
2020-06-28,33.54,5.42,41.38,0.2,Italy
2020-06-29,31.9,5.65,41.58,0.2,Italy
2020-06-30,38.92,5.5,41.64,0.2,Italy
2020-07-01,44.88,5.57,42.18,0.21,Italy
2020-07-02,44.93,5.18,43.19,0.23,Italy
2020-07-03,39.4,5.0,42.92,0.23,Italy
2020-07-04,37.14,5.14,42.86,0.22,Italy
2020-07-05,34.87,5.29,42.79,0.22,Italy
2020-07-06,32.61,5.43,42.73,0.22,Italy
2020-07-07,34.1,5.65,43.28,0.21,Italy
2020-07-08,41.8,5.5,43.67,0.2,Italy
2020-07-09,40.91,4.75,42.35,0.19,Italy
2020-07-10,39.59,4.75,43.27,0.18,Italy
2020-07-11,38.21,4.62,43.13,0.18,Italy
2020-07-12,36.82,4.48,42.99,0.18,Italy
2020-07-13,35.44,4.35,42.85,0.18,Italy
2020-07-14,37.24,4.22,42.97,0.19,Italy
2020-07-15,40.86,4.72,43.96,0.19,Italy
2020-07-16,41.3,4.45,43.71,0.2,Italy
2020-07-17,37.94,5.15,43.53,0.18,Italy
2020-07-18,37.54,4.91,43.45,0.18,Italy
2020-07-19,37.14,4.67,43.38,0.18,Italy
2020-07-20,36.74,4.43,43.3,0.18,Italy
2020-07-21,38.67,4.63,44.31,0.16,Italy
2020-07-22,39.96,4.7,43.98,0.15,Italy
2020-07-23,42.06,4.85,42.96,0.14,Italy
2020-07-24,36.82,4.78,43.29,0.14,Italy
2020-07-25,37.85,4.65,43.32,0.13,Italy
2020-07-26,38.89,4.51,43.36,0.13,Italy
2020-07-27,39.92,4.38,43.39,0.13,Italy
2020-07-28,41.57,4.68,43.11,0.12,Italy
2020-07-29,51.73,4.93,43.51,0.11,Italy
2020-07-30,49.05,4.93,42.98,0.14,Italy
2020-07-31,57.95,5.2,43.13,0.13,Italy
2020-08-01,52.11,5.2,43.34,0.14,Italy
2020-08-02,46.28,5.2,43.55,0.14,Italy
2020-08-03,40.44,5.2,43.76,0.14,Italy
2020-08-04,38.09,7.1,43.99,0.14,Italy
2020-08-05,42.05,6.68,44.92,0.13,Italy
2020-08-06,37.56,7.05,45.04,0.14,Italy
2020-08-07,38.71,7.0,44.07,0.13,Italy
2020-08-08,39.31,6.97,44.11,0.13,Italy
2020-08-09,39.92,6.93,44.15,0.12,Italy
2020-08-10,40.52,6.9,44.19,0.12,Italy
2020-08-11,41.15,6.9,43.68,0.13,Italy
2020-08-12,42.96,6.35,45.09,0.12,Italy
2020-08-13,41.34,6.47,44.87,0.13,Italy
2020-08-14,38.95,7.0,44.86,0.13,Italy
2020-08-15,40.07,7.15,44.88,0.13,Italy
2020-08-16,41.18,7.3,44.89,0.13,Italy
2020-08-17,42.3,7.45,44.91,0.13,Italy
2020-08-18,43.43,8.1,45.34,0.12,Italy
2020-08-19,44.34,8.05,45.21,0.11,Italy
2020-08-20,44.31,7.25,44.56,0.11,Italy
2020-08-21,39.99,6.8,43.94,0.09,Italy
2020-08-22,41.91,7.21,44.1,0.1,Italy
2020-08-23,43.84,7.61,44.27,0.1,Italy
2020-08-24,45.76,8.02,44.43,0.1,Italy
2020-08-25,40.64,8.25,46.01,0.09,Italy
2020-08-26,49.04,8.95,45.79,0.09,Italy
2020-08-27,52.27,8.82,44.84,0.09,Italy
2020-08-28,46.67,9.73,45.22,0.08,Italy
2020-08-29,49.2,9.86,45.22,0.08,Italy
2020-08-30,51.74,10.0,45.22,0.08,Italy
2020-08-31,54.27,10.13,45.22,0.08,Italy
2020-09-01,49.36,10.7,45.72,0.07,Italy
2020-09-02,50.21,10.48,42.7,0.07,Italy
2020-09-03,47.59,11.13,42.72,0.07,Italy
2020-09-04,45.11,11.68,41.1,0.08,Italy
2020-09-05,46.21,11.57,40.96,0.07,Italy
2020-09-06,47.31,11.46,40.81,0.07,Italy
2020-09-07,48.41,11.35,40.67,0.07,Italy
2020-09-08,48.47,10.88,38.53,0.07,Italy
2020-09-09,50.9,10.65,39.98,0.08,Italy
2020-09-10,52.31,10.3,39.27,0.09,Italy
2020-09-11,56.83,10.43,38.8,0.1,Italy
2020-09-12,56.05,10.45,38.72,0.1,Italy
2020-09-13,55.27,10.48,38.65,0.11,Italy
2020-09-14,54.49,10.5,38.57,0.11,Italy
2020-09-15,71.32,10.7,39.54,0.1,Italy
2020-09-16,59.52,11.15,41.23,0.09,Italy
2020-09-17,52.56,11.0,42.35,0.09,Italy
2020-09-18,46.12,10.93,42.16,0.1,Italy
2020-09-19,50.63,11.08,41.56,0.11,Italy
2020-09-20,55.13,11.23,40.97,0.12,Italy
2020-09-21,59.64,11.38,40.37,0.13,Italy
2020-09-22,57.93,11.23,40.84,0.13,Italy
2020-09-23,51.93,11.6,41.09,0.13,Italy
2020-09-24,49.29,11.73,41.24,0.13,Italy
2020-09-25,49.3,11.38,40.91,0.13,Italy
2020-09-26,48.78,11.66,41.14,0.13,Italy
2020-09-27,48.25,11.95,41.36,0.13,Italy
2020-09-28,47.73,12.23,41.59,0.13,Italy
2020-09-29,55.12,12.63,40.33,0.12,Italy
2020-09-30,51.94,11.5,40.3,0.12,Italy
2020-10-01,45.79,12.15,39.75,0.13,Italy
2020-10-02,43.62,11.8,38.0,0.13,Italy
2020-10-03,41.22,12.22,38.59,0.12,Italy
2020-10-04,38.82,12.65,39.19,0.12,Italy
2020-10-05,36.42,13.07,39.78,0.11,Italy
2020-10-06,40.99,12.85,41.27,0.11,Italy
2020-10-07,40.21,13.55,40.62,0.1,Italy
2020-10-08,38.35,13.7,42.0,0.1,Italy
2020-10-09,47.48,13.9,41.63,0.09,Italy
2020-10-10,47.88,13.83,41.25,0.09,Italy
2020-10-11,48.27,13.75,40.88,0.09,Italy
2020-10-12,48.67,13.68,40.5,0.09,Italy
2020-10-13,47.46,13.25,41.34,0.08,Italy
2020-10-14,52.82,13.75,41.81,0.08,Italy
2020-10-15,45.33,14.4,41.61,0.09,Italy
2020-10-16,49.11,14.77,41.34,0.1,Italy
2020-10-17,49.96,14.83,41.32,0.09,Italy
2020-10-18,50.82,14.89,41.31,0.09,Italy
2020-10-19,51.67,14.95,41.29,0.09,Italy
2020-10-20,50.01,14.8,41.62,0.08,Italy
2020-10-21,46.97,14.93,40.09,0.09,Italy
2020-10-22,51.34,15.23,41.28,0.09,Italy
2020-10-23,47.93,15.18,40.71,0.1,Italy
2020-10-24,45.79,15.06,40.16,0.1,Italy
2020-10-25,43.65,14.94,39.61,0.11,Italy
2020-10-26,41.51,14.82,39.06,0.11,Italy
2020-10-27,48.38,14.77,39.72,0.11,Italy
2020-10-28,50.05,14.15,37.86,0.13,Italy
2020-10-29,46.16,13.82,36.56,0.12,Italy
2020-10-30,46.2,13.5,36.33,0.12,Italy
2020-10-31,45.52,13.4,36.81,0.12,Italy
2020-11-01,44.85,13.3,37.3,0.12,Italy
2020-11-02,44.17,13.2,37.78,0.12,Italy
2020-11-03,45.43,13.7,38.17,0.12,Italy
2020-11-04,44.52,13.9,39.68,0.12,Italy
2020-11-05,43.62,14.4,39.47,0.11,Italy
2020-11-06,42.71,13.38,38.08,0.11,Italy
2020-11-07,43.73,13.54,39.03,0.09,Italy
2020-11-08,44.75,13.69,39.98,0.07,Italy
2020-11-09,45.77,13.85,40.93,0.06,Italy
2020-11-10,50.52,14.07,42.25,0.07,Italy
2020-11-11,47.97,13.98,42.5,0.07,Italy
2020-11-12,57.86,14.0,42.16,0.09,Italy
2020-11-13,51.21,13.9,41.51,0.1,Italy
2020-11-14,51.41,13.99,41.91,0.1,Italy
2020-11-15,51.62,14.09,42.31,0.1,Italy
2020-11-16,51.82,14.18,42.71,0.1,Italy
2020-11-17,46.48,13.45,42.54,0.1,Italy
2020-11-18,48.09,13.0,42.91,0.1,Italy
2020-11-19,47.29,12.95,43.09,0.1,Italy
2020-11-20,49.86,12.6,43.79,0.09,Italy
2020-11-21,51.35,12.91,44.19,0.09,Italy
2020-11-22,52.84,13.21,44.6,0.09,Italy
2020-11-23,54.33,13.52,45.0,0.09,Italy
2020-11-24,55.51,13.9,46.63,0.07,Italy
2020-11-25,55.33,14.02,47.3,0.06,Italy
2020-11-26,57.91,14.05,46.32,0.06,Italy
2020-11-27,68.73,14.5,46.88,0.06,Italy
2020-11-28,64.93,14.71,46.87,0.06,Italy
2020-11-29,61.14,14.92,46.85,0.06,Italy
2020-11-30,57.34,15.13,46.84,0.05,Italy
2020-12-01,58.87,14.82,47.03,0.03,Italy
2020-12-02,72.64,14.8,47.8,0.03,Italy
2020-12-03,65.01,13.9,48.37,0.03,Italy
2020-12-04,59.22,14.65,49.1,0.03,Italy
2020-12-05,57.76,14.48,48.94,0.03,Italy
2020-12-06,56.3,14.32,48.79,0.03,Italy
2020-12-07,54.84,14.15,48.63,0.03,Italy
2020-12-08,58.38,14.45,48.84,0.02,Italy
2020-12-09,71.92,14.73,48.81,0.02,Italy
2020-12-10,68.67,15.58,50.33,0.02,Italy
2020-12-11,57.42,15.93,50.01,0.02,Italy
2020-12-12,55.73,16.18,50.1,0.02,Italy
2020-12-13,54.03,16.43,50.18,0.02,Italy
2020-12-14,52.34,16.68,50.27,0.02,Italy
2020-12-15,57.85,17.28,50.77,0.03,Italy
2020-12-16,65.17,16.15,50.83,0.02,Italy
2020-12-17,68.66,15.88,51.2,0.02,Italy
2020-12-18,65.15,15.68,52.17,0.02,Italy
2020-12-19,62.38,16.09,51.65,0.02,Italy
2020-12-20,59.61,16.49,51.13,0.02,Italy
2020-12-21,56.84,16.9,50.61,0.03,Italy
2020-12-22,56.32,17.45,49.88,0.03,Italy
2020-12-23,51.38,17.1,51.05,0.03,Italy
2020-12-24,40.47,17.63,50.88,0.03,Italy
2020-12-25,34.26,17.63,50.88,0.03,Italy
2020-12-26,36.87,17.63,50.88,0.03,Italy
2020-12-27,39.47,17.63,50.88,0.03,Italy
2020-12-28,42.08,17.63,50.88,0.03,Italy
2020-12-29,49.92,19.05,50.44,0.03,Italy
2020-12-30,51.92,19.0,50.74,0.03,Italy
2020-12-31,49.62,18.88,51.22,0.02,Italy
2021-01-01,48.81,18.8,51.22,0.02,Italy
2021-01-02,52.19,19.14,50.94,0.02,Italy
2021-01-03,55.56,19.49,50.65,0.02,Italy
2021-01-04,58.94,19.83,50.37,0.02,Italy
2021-01-05,59.16,18.05,53.16,0.02,Italy
2021-01-06,58.24,17.73,53.8,0.02,Italy
2021-01-07,71.69,19.52,53.7,0.02,Italy
2021-01-08,75.39,20.45,55.51,0.02,Italy
2021-01-09,72.44,21.07,55.29,0.02,Italy
2021-01-10,69.48,21.68,55.06,0.02,Italy
2021-01-11,66.53,22.3,54.84,0.02,Italy
2021-01-12,67.63,26.9,55.98,0.01,Italy
2021-01-13,73.78,23.13,55.52,0.01,Italy
2021-01-14,76.71,21.1,55.76,0.02,Italy
2021-01-15,71.88,20.35,54.8,0.01,Italy
2021-01-16,71.22,19.92,54.6,0.01,Italy
2021-01-17,70.56,19.48,54.41,0.01,Italy
2021-01-18,69.9,19.05,54.21,0.01,Italy
2021-01-19,70.23,20.25,55.38,0.01,Italy
2021-01-20,63.02,19.83,55.66,0.01,Italy
2021-01-21,61.12,19.75,55.68,0.01,Italy
2021-01-22,59.76,21.55,55.22,0.01,Italy
2021-01-23,59.54,21.18,55.29,0.01,Italy
2021-01-24,59.33,20.82,55.37,0.01,Italy
2021-01-25,59.11,20.45,55.44,0.01,Italy
2021-01-26,63.1,19.85,55.26,0.01,Italy
2021-01-27,60.49,19.78,55.07,0.01,Italy
2021-01-28,60.82,20.85,54.87,0.02,Italy
2021-01-29,54.05,20.48,55.25,0.02,Italy
2021-01-30,56.12,19.49,55.64,0.02,Italy
2021-01-31,58.2,18.49,56.03,0.02,Italy
2021-02-01,60.27,17.5,56.42,0.02,Italy
2021-02-02,58.98,17.98,57.62,0.02,Italy
2021-02-03,57.81,17.85,58.61,0.03,Italy
2021-02-04,53.81,18.02,58.98,0.02,Italy
2021-02-05,62.82,18.45,59.48,0.02,Italy
2021-02-06,57.74,19.23,59.71,0.02,Italy
2021-02-07,52.67,20.02,59.94,0.02,Italy
2021-02-08,47.59,20.8,60.17,0.02,Italy
2021-02-09,59.25,19.8,60.74,0.02,Italy
2021-02-10,63.88,19.0,61.17,0.02,Italy
2021-02-11,69.02,18.1,61.09,0.02,Italy
2021-02-12,68.41,17.75,62.47,0.02,Italy
2021-02-13,65.0,17.28,62.84,0.02,Italy
2021-02-14,61.58,16.8,63.21,0.02,Italy
2021-02-15,58.17,16.33,63.58,0.02,Italy
2021-02-16,61.87,16.58,63.96,0.01,Italy
2021-02-17,63.13,16.4,65.02,0.01,Italy
2021-02-18,60.38,17.2,64.09,0.01,Italy
2021-02-19,61.81,16.58,62.84,0.01,Italy
2021-02-20,59.95,16.37,63.47,0.01,Italy
2021-02-21,58.08,16.16,64.1,0.01,Italy
2021-02-22,56.22,15.95,64.73,0.01,Italy
2021-02-23,56.22,15.9,65.16,0.01,Italy
2021-02-24,57.27,16.25,66.85,0.01,Italy
2021-02-25,54.94,15.93,66.69,0.01,Italy
2021-02-26,60.91,15.8,65.86,0.01,Italy
2021-02-27,59.17,15.98,65.43,0.01,Italy
2021-02-28,57.42,16.17,64.99,0.01,Italy
2021-03-01,55.68,16.35,64.56,0.02,Italy
2021-03-02,61.32,16.13,63.17,0.02,Italy
2021-03-03,62.52,16.05,64.7,0.02,Italy
2021-03-04,61.88,16.4,67.32,0.01,Italy
2021-03-05,57.71,16.6,69.95,0.01,Italy
2021-03-06,59.44,16.68,69.3,0.01,Italy
2021-03-07,61.17,16.77,68.65,0.02,Italy
2021-03-08,62.9,16.85,68.0,0.02,Italy
2021-03-09,64.31,17.38,67.03,0.02,Italy
2021-03-10,55.62,17.67,67.53,0.02,Italy
2021-03-11,61.28,18.2,69.34,0.01,Italy
2021-03-12,60.59,18.55,68.87,0.01,Italy
2021-03-13,58.27,18.5,68.84,0.01,Italy
2021-03-14,55.95,18.45,68.81,0.01,Italy
2021-03-15,53.63,18.4,68.78,0.01,Italy
2021-03-16,62.54,17.93,67.95,0.01,Italy
2021-03-17,60.42,18.7,67.73,0.01,Italy
2021-03-18,72.01,17.6,62.11,0.01,Italy
2021-03-19,63.8,17.75,64.0,0.01,Italy
2021-03-20,64.34,18.02,63.96,0.01,Italy
2021-03-21,64.89,18.28,63.93,0.01,Italy
2021-03-22,65.43,18.55,63.89,0.01,Italy
2021-03-23,61.65,18.5,59.96,0.0,Italy
2021-03-24,62.35,18.7,63.7,0.0,Italy
2021-03-25,62.74,18.4,61.21,0.0,Italy
2021-03-26,65.69,18.48,63.77,0.0,Italy
2021-03-27,64.86,18.46,63.87,0.0,Italy
2021-03-28,64.04,18.44,63.96,0.0,Italy
2021-03-29,63.21,18.42,64.06,0.0,Italy
2021-03-30,62.42,18.75,63.28,0.0,Italy
2021-03-31,60.58,18.93,63.52,0.0,Italy
2021-04-01,61.29,19.2,63.85,0.0,Italy
2021-04-02,59.32,19.2,63.85,0.0,Italy
2021-04-03,57.31,19.2,63.85,0.0,Italy
2021-04-04,55.31,19.2,63.85,0.0,Italy
2021-04-05,53.3,19.2,63.85,0.0,Italy
2021-04-06,60.52,20.4,61.47,0.01,Italy
2021-04-07,67.18,20.05,61.86,0.01,Italy
2021-04-08,72.1,19.45,62.09,0.01,Italy
2021-04-09,71.32,19.5,61.89,0.01,Italy
2021-04-10,72.01,19.93,62.05,0.01,Italy
2021-04-11,72.71,20.37,62.22,0.01,Italy
2021-04-12,73.4,20.8,62.38,0.01,Italy
2021-04-13,75.69,20.42,62.83,0.01,Italy
2021-04-14,81.55,20.41,66.11,0.0,Italy
2021-04-15,76.19,20.8,66.13,0.01,Italy
2021-04-16,74.16,21.15,65.98,0.01,Italy
2021-04-17,72.15,21.27,66.17,0.01,Italy
2021-04-18,70.15,21.4,66.35,0.01,Italy
2021-04-19,68.14,21.52,66.54,0.01,Italy
2021-04-20,79.26,21.55,65.34,0.02,Italy
2021-04-21,78.4,21.32,64.02,0.02,Italy
2021-04-22,73.74,21.73,65.07,0.01,Italy
2021-04-23,70.8,20.17,65.75,0.01,Italy
2021-04-24,68.78,20.17,65.67,0.01,Italy
2021-04-25,66.75,20.17,65.58,0.01,Italy
2021-04-26,64.73,20.17,65.5,0.01,Italy
2021-04-27,77.04,21.83,66.25,0.01,Italy
2021-04-28,76.13,21.92,67.08,0.01,Italy
2021-04-29,76.47,22.67,68.26,0.01,Italy
2021-04-30,74.85,23.6,67.73,0.01,Italy
2021-05-01,69.1,23.78,67.73,0.01,Italy
2021-05-02,63.36,23.97,67.73,0.01,Italy
2021-05-03,57.61,24.15,67.73,0.01,Italy
2021-05-04,74.41,24.02,68.91,0.01,Italy
2021-05-05,72.77,24.68,69.71,0.01,Italy
2021-05-06,73.85,24.98,68.62,0.01,Italy
2021-05-07,74.63,23.88,68.73,0.01,Italy
2021-05-08,73.61,24.27,68.69,0.01,Italy
2021-05-09,72.58,24.66,68.65,0.01,Italy
2021-05-10,71.56,25.05,68.61,0.01,Italy
2021-05-11,76.36,26.1,68.83,0.01,Italy
2021-05-12,68.37,26.1,69.62,0.01,Italy
2021-05-13,71.21,26.4,67.36,0.01,Italy
2021-05-14,77.18,26.92,69.24,0.01,Italy
2021-05-15,74.21,26.8,69.37,0.01,Italy
2021-05-16,71.24,26.67,69.49,0.01,Italy
2021-05-17,68.27,26.55,69.62,0.01,Italy
2021-05-18,75.09,25.65,69.01,0.0,Italy
2021-05-19,76.55,23.2,66.88,0.0,Italy
2021-05-20,71.22,24.7,65.18,0.0,Italy
2021-05-21,77.7,24.83,66.72,0.0,Italy
2021-05-22,72.65,24.82,67.34,0.0,Italy
2021-05-23,67.6,24.81,67.97,0.0,Italy
2021-05-24,62.55,24.8,68.59,0.0,Italy
2021-05-25,68.44,26.35,68.8,0.0,Italy
2021-05-26,81.96,26.33,68.93,0.01,Italy
2021-05-27,82.94,25.35,69.43,0.01,Italy
2021-05-28,79.17,25.45,69.36,0.01,Italy
2021-05-29,75.69,25.47,69.36,0.01,Italy
2021-05-30,72.22,25.48,69.36,0.01,Italy
2021-05-31,68.74,25.5,69.36,0.01,Italy
2021-06-01,73.16,26.15,70.03,0.01,Italy
2021-06-02,69.51,25.52,70.6,0.01,Italy
2021-06-03,71.03,25.83,70.71,0.01,Italy
2021-06-04,79.78,25.83,71.3,0.01,Italy
2021-06-05,76.42,26.11,71.16,0.01,Italy
2021-06-06,73.07,26.39,71.03,0.01,Italy
2021-06-07,69.71,26.67,70.89,0.01,Italy
2021-06-08,77.93,28.13,71.39,0.01,Italy
2021-06-09,75.87,27.9,71.31,0.01,Italy
2021-06-10,83.4,27.8,71.65,0.01,Italy
2021-06-11,84.27,28.0,72.05,0.01,Italy
2021-06-12,81.37,28.3,72.12,0.01,Italy
2021-06-13,78.47,28.6,72.2,0.01,Italy
2021-06-14,75.57,28.9,72.27,0.01,Italy
2021-06-15,84.52,27.95,73.38,0.01,Italy
2021-06-16,90.6,28.15,73.88,0.01,Italy
2021-06-17,90.43,28.6,72.92,0.02,Italy
2021-06-18,89.53,29.52,73.1,0.03,Italy
2021-06-19,88.09,29.61,73.56,0.03,Italy
2021-06-20,86.66,29.71,74.03,0.03,Italy
2021-06-21,85.22,29.8,74.49,0.03,Italy
2021-06-22,90.98,31.4,74.92,0.02,Italy
2021-06-23,101.67,31.68,75.22,0.02,Italy
2021-06-24,106.56,31.95,75.95,0.02,Italy
2021-06-25,98.16,32.1,76.45,0.02,Italy
2021-06-26,96.05,32.13,75.89,0.02,Italy
2021-06-27,93.93,32.17,75.34,0.02,Italy
2021-06-28,91.82,32.2,74.78,0.02,Italy
2021-06-29,112.11,33.67,75.38,0.01,Italy
2021-06-30,103.38,35.5,76.94,0.02,Italy
2021-07-01,98.07,36.4,76.69,0.01,Italy
2021-07-02,110.26,36.3,77.51,0.01,Italy
2021-07-03,105.76,36.82,77.79,0.01,Italy
2021-07-04,101.26,37.33,78.06,0.01,Italy
2021-07-05,96.76,37.85,78.34,0.01,Italy
2021-07-06,105.56,33.97,75.81,0.02,Italy
2021-07-07,112.73,32.8,74.31,0.02,Italy
2021-07-08,111.7,34.0,75.07,0.03,Italy
2021-07-09,96.74,36.8,77.14,0.03,Italy
2021-07-10,99.01,36.08,77.02,0.02,Italy
2021-07-11,101.29,35.37,76.89,0.02,Italy
2021-07-12,103.56,34.65,76.77,0.02,Italy
2021-07-13,107.81,35.25,77.5,0.02,Italy
2021-07-14,99.6,33.9,75.74,0.01,Italy
2021-07-15,96.38,34.0,74.53,0.01,Italy
2021-07-16,99.0,35.28,74.46,0.01,Italy
2021-07-17,98.94,35.59,72.75,0.01,Italy
2021-07-18,98.87,35.89,71.04,0.01,Italy
2021-07-19,98.81,36.2,69.33,0.02,Italy
2021-07-20,110.48,35.3,70.03,0.02,Italy
2021-07-21,103.7,36.0,72.54,0.01,Italy
2021-07-22,103.37,35.8,74.25,0.01,Italy
2021-07-23,109.68,35.65,74.86,0.01,Italy
2021-07-24,108.4,36.09,74.84,0.01,Italy
2021-07-25,107.13,36.53,74.81,0.01,Italy
2021-07-26,105.85,36.97,74.79,0.01,Italy
2021-07-27,112.35,37.98,74.87,0.01,Italy
2021-07-28,115.34,39.75,75.09,0.01,Italy
2021-07-29,115.29,39.75,76.3,0.01,Italy
2021-07-30,109.6,40.47,77.72,0.0,Italy
2021-07-31,109.32,41.01,76.45,0.0,Italy
2021-08-01,109.03,41.56,75.18,0.0,Italy
2021-08-02,108.75,42.1,73.91,0.0,Italy
2021-08-03,112.28,41.15,73.24,0.0,Italy
2021-08-04,113.76,41.8,70.99,0.0,Italy
2021-08-05,106.53,42.58,72.14,0.0,Italy
2021-08-06,109.92,42.8,71.02,0.0,Italy
2021-08-07,121.62,42.78,70.56,0.0,Italy
2021-08-08,133.33,42.77,70.11,0.0,Italy
2021-08-09,145.03,42.75,69.65,0.0,Italy
2021-08-10,113.44,44.44,71.14,0.0,Italy
2021-08-11,120.3,46.2,71.99,0.0,Italy
2021-08-12,118.93,45.6,71.79,0.0,Italy
2021-08-13,124.55,44.25,70.9,0.0,Italy
2021-08-14,121.5,45.4,70.62,0.0,Italy
2021-08-15,118.46,46.54,70.35,0.0,Italy
2021-08-16,115.41,47.69,70.07,0.0,Italy
2021-08-17,114.67,46.25,69.4,0.0,Italy
2021-08-18,111.78,44.8,68.61,0.0,Italy
2021-08-19,122.52,40.38,66.8,0.01,Italy
2021-08-20,109.23,41.55,65.51,0.01,Italy
2021-08-21,109.13,41.83,66.7,0.01,Italy
2021-08-22,109.04,42.12,67.88,0.01,Italy
2021-08-23,108.94,42.4,69.07,0.01,Italy
2021-08-24,116.05,45.6,71.21,0.01,Italy
2021-08-25,109.14,45.2,72.12,0.01,Italy
2021-08-26,129.63,45.4,70.42,0.01,Italy
2021-08-27,112.79,47.25,72.26,0.0,Italy
2021-08-28,117.25,47.25,72.26,0.0,Italy
2021-08-29,121.72,47.25,72.26,0.0,Italy
2021-08-30,126.18,47.25,72.26,0.0,Italy
2021-08-31,126.68,47.25,73.45,0.01,Italy
2021-09-01,126.88,51.2,71.99,0.01,Italy
2021-09-02,139.32,51.08,73.56,0.01,Italy
2021-09-03,145.29,51.2,73.07,0.01,Italy
2021-09-04,145.29,51.51,72.86,0.01,Italy
2021-09-05,145.29,51.82,72.64,0.01,Italy
2021-09-06,145.29,52.13,72.43,0.01,Italy
2021-09-07,137.5,53.6,71.52,0.01,Italy
2021-09-08,139.39,54.75,72.36,0.01,Italy
2021-09-09,145.03,56.33,71.32,0.01,Italy
2021-09-10,145.21,58.03,72.44,0.01,Italy
2021-09-11,146.2,59.19,72.62,0.01,Italy
2021-09-12,147.19,60.34,72.79,0.01,Italy
2021-09-13,148.18,61.5,72.97,0.01,Italy
2021-09-14,152.58,65.8,73.05,0.01,Italy
2021-09-15,174.58,65.5,74.84,0.01,Italy
2021-09-16,183.42,60.85,75.14,0.01,Italy
2021-09-17,167.38,65.6,74.64,0.01,Italy
2021-09-18,164.64,68.13,74.29,0.02,Italy
2021-09-19,161.91,70.67,73.94,0.02,Italy
2021-09-20,159.17,73.2,73.59,0.03,Italy
2021-09-21,175.96,72.0,73.65,0.02,Italy
2021-09-22,181.18,70.1,75.5,0.02,Italy
2021-09-23,170.85,67.03,76.44,0.02,Italy
2021-09-24,191.2,68.35,77.42,0.01,Italy
2021-09-25,191.2,70.89,77.9,0.01,Italy
2021-09-26,191.2,73.44,78.37,0.01,Italy
2021-09-27,191.2,75.98,78.85,0.01,Italy
2021-09-28,178.79,79.0,78.3,0.02,Italy
2021-09-29,218.41,80.0,77.86,0.02,Italy
2021-09-30,206.37,84.75,77.81,0.01,Italy
2021-10-01,205.61,87.6,79.4,0.01,Italy
2021-10-02,207.44,88.2,80.08,0.01,Italy
2021-10-03,209.28,88.8,80.76,0.01,Italy
2021-10-04,211.11,89.4,81.44,0.01,Italy
2021-10-05,206.71,115.8,82.72,0.01,Italy
2021-10-06,242.46,100.3,81.39,0.01,Italy
2021-10-07,307.72,91.9,82.34,0.01,Italy
2021-10-08,229.07,79.78,82.17,0.01,Italy
2021-10-09,220.54,81.19,82.7,0.01,Italy
2021-10-10,212.01,82.59,83.22,0.01,Italy
2021-10-11,203.48,84.0,83.75,0.01,Italy
2021-10-12,218.54,85.1,83.53,0.01,Italy
2021-10-13,215.78,91.5,83.53,0.0,Italy
2021-10-14,214.07,99.45,83.86,0.0,Italy
2021-10-15,211.86,87.0,84.67,0.0,Italy
2021-10-16,223.46,86.4,84.49,0.0,Italy
2021-10-17,235.05,85.8,84.31,0.0,Italy
2021-10-18,246.65,85.2,84.13,0.0,Italy
2021-10-19,250.55,84.7,85.02,0.0,Italy
2021-10-20,232.34,90.5,85.76,0.0,Italy
2021-10-21,216.01,86.2,84.58,0.0,Italy
2021-10-22,233.28,86.93,85.43,0.0,Italy
2021-10-23,226.16,87.62,85.24,0.0,Italy
2021-10-24,219.05,88.31,85.04,0.0,Italy
2021-10-25,211.93,89.0,84.85,0.0,Italy
2021-10-26,239.88,87.83,85.11,0.0,Italy
2021-10-27,224.42,84.95,84.12,0.01,Italy
2021-10-28,218.04,74.0,83.4,0.01,Italy
2021-10-29,218.04,60.4,83.1,0.01,Italy
2021-10-30,200.9,61.73,83.57,0.01,Italy
2021-10-31,183.75,63.07,84.04,0.01,Italy
2021-11-01,166.61,64.4,84.51,0.01,Italy
2021-11-02,202.61,67.97,84.42,0.01,Italy
2021-11-03,199.89,78.0,81.1,0.01,Italy
2021-11-04,191.28,72.4,80.15,0.01,Italy
2021-11-05,209.27,73.0,82.43,0.01,Italy
2021-11-06,211.99,74.38,82.69,0.01,Italy
2021-11-07,214.7,75.75,82.96,0.01,Italy
2021-11-08,217.42,77.13,83.22,0.01,Italy
2021-11-09,211.3,71.0,84.52,0.01,Italy
2021-11-10,232.94,70.6,82.91,0.01,Italy
2021-11-11,199.45,74.25,83.4,0.01,Italy
2021-11-12,202.71,74.1,82.9,0.02,Italy
2021-11-13,211.3,75.9,82.58,0.02,Italy
2021-11-14,219.88,77.7,82.26,0.02,Italy
2021-11-15,228.47,79.5,81.94,0.02,Italy
2021-11-16,237.31,93.8,82.85,0.02,Italy
2021-11-17,244.99,94.0,80.67,0.03,Italy
2021-11-18,247.47,90.64,82.45,0.03,Italy
2021-11-19,243.49,86.5,80.24,0.03,Italy
2021-11-20,248.5,85.78,80.48,0.03,Italy
2021-11-21,253.52,85.07,80.73,0.03,Italy
2021-11-22,258.53,84.35,80.97,0.03,Italy
2021-11-23,270.2,91.25,83.43,0.03,Italy
2021-11-24,289.27,94.0,82.37,0.04,Italy
2021-11-25,292.23,92.2,82.05,0.04,Italy
2021-11-26,256.4,87.95,72.37,0.09,Italy
2021-11-27,266.6,89.93,72.69,0.09,Italy
2021-11-28,276.81,91.9,73.02,0.1,Italy
2021-11-29,287.01,93.88,73.34,0.11,Italy
2021-11-30,270.64,91.35,70.86,0.12,Italy
2021-12-01,280.46,97.5,69.53,0.12,Italy
2021-12-02,275.75,91.85,70.56,0.13,Italy
2021-12-03,290.6,89.2,70.71,0.13,Italy
2021-12-04,283.64,88.66,71.6,0.13,Italy
2021-12-05,276.69,88.11,72.49,0.13,Italy
2021-12-06,269.73,87.57,73.38,0.13,Italy
2021-12-07,252.6,96.7,75.54,0.13,Italy
2021-12-08,245.1,98.9,75.94,0.13,Italy
2021-12-09,278.55,101.25,74.1,0.13,Italy
2021-12-10,256.32,103.6,74.98,0.13,Italy
2021-12-11,269.13,107.68,74.69,0.12,Italy
2021-12-12,281.94,111.77,74.41,0.12,Italy
2021-12-13,294.75,115.85,74.12,0.11,Italy
2021-12-14,309.68,127.2,73.37,0.1,Italy
2021-12-15,341.99,127.0,73.71,0.09,Italy
2021-12-16,347.35,134.0,74.64,0.09,Italy
2021-12-17,329.72,134.0,72.97,0.07,Italy
2021-12-18,341.11,139.0,72.15,0.07,Italy
2021-12-19,352.49,144.0,71.33,0.07,Italy
2021-12-20,363.88,149.0,70.51,0.07,Italy
2021-12-21,418.36,182.3,72.85,0.08,Italy
2021-12-22,437.94,166.75,74.69,0.07,Italy
2021-12-23,413.88,124.0,76.26,0.08,Italy
2021-12-24,306.86,105.0,75.24,0.07,Italy
2021-12-25,285.78,105.0,75.24,0.07,Italy
2021-12-26,264.71,105.0,75.24,0.07,Italy
2021-12-27,243.63,105.0,75.24,0.07,Italy
2021-12-28,196.4,105.0,75.24,0.07,Italy
2021-12-29,218.85,95.9,78.63,0.07,Italy
2021-12-30,186.01,78.5,78.61,0.06,Italy
2021-12-31,167.53,78.5,77.24,0.05,Italy
2022-01-01,176.23,78.5,77.58,0.05,Italy
2022-01-02,184.94,78.5,77.91,0.05,Italy
2022-01-03,193.64,78.5,78.25,0.05,Italy
2022-01-04,166.09,86.0,79.39,0.06,Italy
2022-01-05,192.54,90.0,80.6,0.05,Italy
2022-01-06,225.7,96.5,81.99,0.05,Italy
2022-01-07,233.97,84.4,82.28,0.05,Italy
2022-01-08,240.04,84.33,82.04,0.05,Italy
2022-01-09,246.12,84.27,81.8,0.04,Italy
2022-01-10,252.19,84.2,81.56,0.04,Italy
2022-01-11,245.24,88.15,84.98,0.04,Italy
2022-01-12,234.33,75.4,85.83,0.04,Italy
2022-01-13,223.4,79.95,85.8,0.04,Italy
2022-01-14,227.55,85.4,87.17,0.03,Italy
2022-01-15,233.32,82.28,87.39,0.03,Italy
2022-01-16,239.09,79.17,87.6,0.03,Italy
2022-01-17,244.86,76.05,87.82,0.03,Italy
2022-01-18,240.68,79.08,88.83,0.02,Italy
2022-01-19,234.19,73.6,89.64,0.02,Italy
2022-01-20,220.31,73.9,89.75,0.02,Italy
2022-01-21,216.49,80.5,89.75,0.02,Italy
2022-01-22,224.95,80.5,89.08,0.03,Italy
2022-01-23,233.42,80.5,88.41,0.04,Italy
2022-01-24,241.88,80.5,87.74,0.05,Italy
2022-01-25,281.66,92.9,89.49,0.06,Italy
2022-01-26,272.69,91.7,91.22,0.07,Italy
2022-01-27,263.94,91.7,90.7,0.07,Italy
2022-01-28,261.15,92.43,91.47,0.08,Italy
2022-01-29,251.1,89.82,91.76,0.07,Italy
2022-01-30,241.06,87.21,92.06,0.07,Italy
2022-01-31,231.01,84.6,92.35,0.06,Italy
2022-02-01,239.5,75.9,90.24,0.07,Italy
2022-02-02,213.27,76.5,91.43,0.07,Italy
2022-02-03,213.62,77.6,92.99,0.07,Italy
2022-02-04,228.22,80.2,96.86,0.1,Italy
2022-02-05,220.29,79.63,97.0,0.11,Italy
2022-02-06,212.35,79.07,97.14,0.12,Italy
2022-02-07,204.42,78.5,97.28,0.12,Italy
2022-02-08,205.29,75.7,96.07,0.14,Italy
2022-02-09,220.21,75.65,94.95,0.14,Italy
2022-02-10,213.65,74.28,96.37,0.14,Italy
2022-02-11,219.7,76.2,97.5,0.14,Italy
2022-02-12,216.54,77.22,98.89,0.14,Italy
2022-02-13,213.37,78.23,100.27,0.14,Italy
2022-02-14,210.21,79.25,101.66,0.15,Italy
2022-02-15,210.2,68.5,98.43,0.15,Italy
2022-02-16,221.78,68.9,97.44,0.15,Italy
2022-02-17,182.68,74.0,95.28,0.15,Italy
2022-02-18,201.37,73.5,96.18,0.14,Italy
2022-02-19,195.92,72.83,97.1,0.14,Italy
2022-02-20,190.47,72.17,98.03,0.14,Italy
2022-02-21,185.02,71.5,98.95,0.14,Italy
2022-02-22,184.8,80.3,98.73,0.14,Italy
2022-02-23,191.48,89.2,99.29,0.14,Italy
2022-02-24,218.18,136.52,101.29,0.14,Italy
2022-02-25,284.29,89.95,98.56,0.13,Italy
2022-02-26,271.87,93.68,100.07,0.13,Italy
2022-02-27,259.45,97.4,101.57,0.14,Italy
2022-02-28,247.03,101.13,103.08,0.14,Italy
2022-03-01,271.13,117.75,110.93,0.16,Italy
2022-03-02,274.63,169.8,118.94,0.17,Italy
2022-03-03,362.73,154.5,115.36,0.18,Italy
2022-03-04,383.13,204.0,123.86,0.24,Italy
2022-03-05,406.59,211.67,125.58,0.26,Italy
2022-03-06,430.05,219.33,127.3,0.28,Italy
2022-03-07,453.51,227.0,129.02,0.3,Italy
2022-03-08,587.67,210.0,133.18,0.32,Italy
2022-03-09,463.01,149.75,116.58,0.35,Italy
2022-03-10,388.23,134.03,114.54,0.38,Italy
2022-03-11,371.49,132.0,118.11,0.4,Italy
2022-03-12,355.42,124.5,115.54,0.4,Italy
2022-03-13,339.35,117.0,112.96,0.4,Italy
2022-03-14,323.28,109.5,110.39,0.4,Italy
2022-03-15,301.15,115.0,105.14,0.39,Italy
2022-03-16,281.11,97.28,104.61,0.38,Italy
2022-03-17,261.73,102.35,113.5,0.38,Italy
2022-03-18,247.22,100.4,114.32,0.37,Italy
2022-03-19,246.12,97.73,116.98,0.37,Italy
2022-03-20,245.03,95.07,119.63,0.36,Italy
2022-03-21,243.93,92.4,122.29,0.36,Italy
2022-03-22,242.28,94.0,121.53,0.36,Italy
2022-03-23,238.6,109.0,127.52,0.34,Italy
2022-03-24,244.52,102.6,123.98,0.33,Italy
2022-03-25,247.22,101.0,122.67,0.31,Italy
2022-03-26,248.73,101.67,119.95,0.31,Italy
2022-03-27,250.24,102.33,117.22,0.31,Italy
2022-03-28,251.75,103.0,114.5,0.31,Italy
2022-03-29,249.44,108.35,112.79,0.32,Italy
2022-03-30,294.82,115.6,115.59,0.33,Italy
2022-03-31,281.9,121.9,107.29,0.37,Italy
2022-04-01,306.95,111.1,106.13,0.35,Italy
2022-04-02,320.94,110.61,106.8,0.36,Italy
2022-04-03,334.93,110.12,107.48,0.36,Italy
2022-04-04,348.92,109.63,108.15,0.37,Italy
2022-04-05,296.74,108.72,106.6,0.37,Italy
2022-04-06,283.31,108.32,100.81,0.36,Italy
2022-04-07,240.0,103.0,99.83,0.33,Italy
2022-04-08,269.52,104.75,101.26,0.31,Italy
2022-04-09,259.08,103.6,100.15,0.3,Italy
2022-04-10,248.63,102.45,99.03,0.3,Italy
2022-04-11,238.19,101.3,97.92,0.3,Italy
2022-04-12,267.28,105.3,104.42,0.28,Italy
2022-04-13,246.03,105.5,108.49,0.28,Italy
2022-04-14,243.49,97.53,110.83,0.26,Italy
2022-04-15,245.35,97.53,110.83,0.23,Italy
2022-04-16,222.21,97.53,110.83,0.23,Italy
2022-04-17,199.07,97.53,110.83,0.22,Italy
2022-04-18,175.93,97.53,110.83,0.21,Italy
2022-04-19,233.79,91.45,105.49,0.22,Italy
2022-04-20,238.5,96.53,105.05,0.23,Italy
2022-04-21,245.23,95.97,107.2,0.22,Italy
2022-04-22,231.91,95.97,105.15,0.24,Italy
2022-04-23,241.59,95.68,103.19,0.26,Italy
2022-04-24,251.28,95.39,101.23,0.27,Italy
2022-04-25,260.96,95.1,99.27,0.29,Italy
2022-04-26,251.92,93.23,102.89,0.31,Italy
2022-04-27,239.52,108.35,103.3,0.32,Italy
2022-04-28,242.77,99.0,105.78,0.33,Italy
2022-04-29,244.03,96.5,108.36,0.34,Italy
2022-04-30,232.27,96.5,108.36,0.34,Italy
2022-05-01,220.51,96.5,108.36,0.34,Italy
2022-05-02,208.75,96.5,108.36,0.34,Italy
2022-05-03,255.8,96.5,104.94,0.33,Italy
2022-05-04,248.66,102.0,110.53,0.32,Italy
2022-05-05,262.33,99.0,112.11,0.36,Italy
2022-05-06,271.17,90.0,113.86,0.38,Italy
2022-05-07,266.19,87.5,111.46,0.37,Italy
2022-05-08,261.2,85.0,109.07,0.36,Italy
2022-05-09,256.22,82.5,106.67,0.36,Italy
2022-05-10,237.16,81.75,102.61,0.33,Italy
2022-05-11,237.4,84.0,107.7,0.32,Italy
2022-05-12,228.4,93.5,108.06,0.37,Italy
2022-05-13,252.25,93.0,112.12,0.38,Italy
2022-05-14,247.46,92.63,113.03,0.38,Italy
2022-05-15,242.68,92.27,113.95,0.38,Italy
2022-05-16,237.89,91.9,114.86,0.38,Italy
2022-05-17,236.82,93.2,112.89,0.39,Italy
2022-05-18,230.57,91.0,110.04,0.4,Italy
2022-05-19,247.44,86.95,113.22,0.41,Italy
2022-05-20,246.46,86.5,113.63,0.4,Italy
2022-05-21,238.11,83.63,114.13,0.4,Italy
2022-05-22,229.76,80.77,114.63,0.4,Italy
2022-05-23,221.41,77.9,115.13,0.41,Italy
2022-05-24,227.69,79.5,115.77,0.42,Italy
2022-05-25,214.65,81.9,116.41,0.43,Italy
2022-05-26,222.66,82.25,119.81,0.43,Italy
2022-05-27,234.47,85.0,121.19,0.41,Italy
2022-05-28,231.49,86.07,121.8,0.41,Italy
2022-05-29,228.51,87.13,122.4,0.41,Italy
2022-05-30,225.53,88.2,123.01,0.4,Italy
2022-05-31,233.58,85.9,125.53,0.4,Italy
2022-06-01,241.57,79.35,122.2,0.39,Italy
2022-06-02,213.5,79.35,122.2,0.39,Italy
2022-06-03,266.93,79.35,125.68,0.37,Italy
2022-06-04,260.46,79.32,125.45,0.37,Italy
2022-06-05,254.0,79.28,125.22,0.37,Italy
2022-06-06,247.53,79.25,124.99,0.37,Italy
2022-06-07,228.85,79.0,126.89,0.36,Italy
2022-06-08,207.33,76.85,129.2,0.37,Italy
2022-06-09,211.29,82.6,128.47,0.41,Italy
2022-06-10,203.82,82.0,127.44,0.47,Italy
2022-06-11,206.28,81.67,127.77,0.47,Italy
2022-06-12,208.74,81.33,128.11,0.47,Italy
2022-06-13,211.2,81.0,128.44,0.48,Italy
2022-06-14,219.96,90.43,127.02,0.5,Italy
2022-06-15,253.62,116.55,124.96,0.52,Italy
2022-06-16,278.12,116.6,125.78,0.54,Italy
2022-06-17,326.02,120.0,119.22,0.56,Italy
2022-06-18,320.48,120.83,118.9,0.56,Italy
2022-06-19,314.93,121.67,118.57,0.56,Italy
2022-06-20,309.39,122.5,118.25,0.56,Italy
2022-06-21,343.52,124.0,118.51,0.55,Italy
2022-06-22,368.9,125.45,115.54,0.55,Italy
2022-06-23,363.86,127.35,114.5,0.55,Italy
2022-06-24,318.56,128.0,117.36,0.54,Italy
2022-06-25,328.57,128.5,118.14,0.53,Italy
2022-06-26,338.57,129.0,118.91,0.52,Italy
2022-06-27,348.58,129.5,119.69,0.51,Italy
2022-06-28,386.45,130.0,122.21,0.48,Italy
2022-06-29,336.93,139.6,120.8,0.47,Italy
2022-06-30,365.53,149.75,119.78,0.46,Italy
2022-07-01,372.26,148.0,119.21,0.45,Italy
2022-07-02,379.26,152.87,120.07,0.43,Italy
2022-07-03,386.27,157.73,120.94,0.41,Italy
2022-07-04,393.27,162.6,121.8,0.39,Italy
2022-07-05,419.1,162.25,110.49,0.44,Italy
2022-07-06,428.88,175.0,108.54,0.45,Italy
2022-07-07,411.88,185.2,113.4,0.44,Italy
2022-07-08,421.49,170.0,113.95,0.44,Italy
2022-07-09,419.63,168.92,114.25,0.44,Italy
2022-07-10,417.77,167.85,114.55,0.44,Italy
2022-07-11,415.91,166.77,114.85,0.44,Italy
2022-07-12,436.16,174.7,106.98,0.43,Italy
2022-07-13,439.52,182.6,107.17,0.42,Italy
2022-07-14,444.47,178.4,107.74,0.42,Italy
2022-07-15,436.69,154.25,112.26,0.41,Italy
2022-07-16,445.51,155.67,113.93,0.4,Italy
2022-07-17,454.34,157.08,115.6,0.4,Italy
2022-07-18,463.16,158.5,117.27,0.39,Italy
2022-07-19,497.13,151.6,114.96,0.4,Italy
2022-07-20,539.65,155.5,115.86,0.39,Italy
2022-07-21,546.07,150.5,112.81,0.37,Italy
2022-07-22,519.05,162.51,106.77,0.37,Italy
2022-07-23,522.73,164.53,107.26,0.36,Italy
2022-07-24,526.4,166.55,107.74,0.36,Italy
2022-07-25,530.08,168.57,108.23,0.36,Italy
2022-07-26,525.5,196.8,107.32,0.37,Italy
2022-07-27,527.94,205.0,109.64,0.38,Italy
2022-07-28,561.83,199.25,109.68,0.39,Italy
2022-07-29,515.38,191.75,111.51,0.4,Italy
2022-07-30,498.63,193.5,109.7,0.39,Italy
2022-07-31,481.88,195.25,107.9,0.39,Italy
2022-08-01,465.13,197.0,106.09,0.39,Italy
2022-08-02,484.51,204.0,106.51,0.39,Italy
2022-08-03,516.96,204.0,101.82,0.39,Italy
2022-08-04,536.6,202.2,97.99,0.38,Italy
2022-08-05,531.06,195.0,100.31,0.38,Italy
2022-08-06,513.01,194.1,101.36,0.38,Italy
2022-08-07,494.96,193.2,102.41,0.38,Italy
2022-08-08,476.91,192.3,103.46,0.37,Italy
2022-08-09,474.0,190.0,103.81,0.36,Italy
2022-08-10,434.21,205.0,105.06,0.37,Italy
2022-08-11,487.62,206.75,107.19,0.35,Italy
2022-08-12,484.48,205.0,103.7,0.34,Italy
2022-08-13,477.59,210.5,101.88,0.34,Italy
2022-08-14,470.69,216.0,100.07,0.34,Italy
2022-08-15,463.8,221.5,98.25,0.34,Italy
2022-08-16,505.35,225.08,95.36,0.32,Italy
2022-08-17,537.92,224.4,97.22,0.3,Italy
2022-08-18,549.68,236.5,96.35,0.31,Italy
2022-08-19,503.07,245.0,96.45,0.33,Italy
2022-08-20,525.72,254.0,95.99,0.34,Italy
2022-08-21,548.37,263.0,95.52,0.35,Italy
2022-08-22,571.02,272.0,95.06,0.36,Italy
2022-08-23,606.05,268.5,99.49,0.36,Italy
2022-08-24,640.8,293.0,99.87,0.35,Italy
2022-08-25,617.57,308.7,98.81,0.33,Italy
2022-08-26,489.9,330.0,101.13,0.33,Italy
2022-08-27,514.55,323.0,101.13,0.32,Italy
2022-08-28,539.19,316.0,101.13,0.32,Italy
2022-08-29,563.84,309.0,101.13,0.32,Italy
2022-08-30,502.72,254.5,99.34,0.31,Italy
2022-08-31,513.68,231.3,96.55,0.32,Italy
2022-09-01,654.88,226.0,92.24,0.35,Italy
2022-09-02,524.92,190.48,93.09,0.37,Italy
2022-09-03,505.54,199.52,93.47,0.37,Italy
2022-09-04,486.15,208.56,93.84,0.37,Italy
2022-09-05,466.77,217.6,94.22,0.37,Italy
2022-09-06,550.59,220.0,91.43,0.37,Italy
2022-09-07,482.35,208.3,86.83,0.41,Italy
2022-09-08,502.66,210.6,87.99,0.41,Italy
2022-09-09,443.64,191.7,91.68,0.43,Italy
2022-09-10,445.65,190.13,92.27,0.43,Italy
2022-09-11,447.66,188.57,92.86,0.43,Italy
2022-09-12,449.67,187.0,93.45,0.43,Italy
2022-09-13,456.55,194.5,92.04,0.45,Italy
2022-09-14,467.65,208.0,92.83,0.46,Italy
2022-09-15,445.93,190.0,89.28,0.47,Italy
2022-09-16,480.44,161.5,89.43,0.48,Italy
2022-09-17,444.05,162.67,89.43,0.47,Italy
2022-09-18,407.65,163.83,89.43,0.47,Italy
2022-09-19,371.26,165.0,89.43,0.46,Italy
2022-09-20,393.47,179.0,89.62,0.47,Italy
2022-09-21,395.95,178.8,89.86,0.5,Italy
2022-09-22,408.97,170.0,90.4,0.51,Italy
2022-09-23,421.63,168.0,84.29,0.61,Italy
2022-09-24,397.45,168.33,83.71,0.62,Italy
2022-09-25,373.28,168.67,83.13,0.63,Italy
2022-09-26,349.1,169.0,82.55,0.63,Italy
2022-09-27,375.46,207.8,85.97,0.65,Italy
2022-09-28,362.19,199.54,89.55,0.68,Italy
2022-09-29,431.42,179.0,89.41,0.7,Italy
2022-09-30,380.34,163.5,88.9,0.7,Italy
2022-10-01,369.82,153.14,89.49,0.7,Italy
2022-10-02,359.29,142.78,90.09,0.7,Italy
2022-10-03,348.77,132.42,90.68,0.7,Italy
2022-10-04,349.27,92.0,93.74,0.72,Italy
2022-10-05,290.74,91.57,94.35,0.73,Italy
2022-10-06,250.59,121.0,95.65,0.73,Italy
2022-10-07,271.95,105.0,98.88,0.73,Italy
2022-10-08,275.74,106.17,98.3,0.72,Italy
2022-10-09,279.53,107.33,97.71,0.72,Italy
2022-10-10,283.32,108.5,97.13,0.71,Italy
2022-10-11,284.85,99.0,95.17,0.7,Italy
2022-10-12,289.28,101.75,93.44,0.71,Italy
2022-10-13,271.09,85.0,95.16,0.71,Italy
2022-10-14,260.73,67.0,92.22,0.7,Italy
2022-10-15,245.81,64.83,91.83,0.71,Italy
2022-10-16,230.9,62.67,91.43,0.72,Italy
2022-10-17,215.98,60.5,91.04,0.74,Italy
2022-10-18,215.8,72.5,89.46,0.71,Italy
2022-10-19,176.12,63.0,91.34,0.7,Italy
2022-10-20,198.43,64.0,91.52,0.68,Italy
2022-10-21,194.97,38.6,91.82,0.67,Italy
2022-10-22,175.71,36.4,91.74,0.67,Italy
2022-10-23,156.44,34.2,91.65,0.67,Italy
2022-10-24,137.18,32.0,91.57,0.67,Italy
2022-10-25,135.7,40.0,91.76,0.67,Italy
2022-10-26,129.4,44.05,92.93,0.64,Italy
2022-10-27,161.12,35.0,94.17,0.65,Italy
2022-10-28,133.95,33.82,94.64,0.62,Italy
2022-10-29,137.05,32.03,94.19,0.6,Italy
2022-10-30,140.15,30.24,93.75,0.6,Italy
2022-10-31,143.25,28.45,93.3,0.6,Italy
2022-11-01,109.2,21.0,95.12,0.56,Italy
2022-11-02,124.71,42.5,96.07,0.55,Italy
2022-11-03,132.92,78.0,95.29,0.57,Italy
2022-11-04,190.67,59.0,99.53,0.6,Italy
2022-11-05,189.44,57.5,99.64,0.59,Italy
2022-11-06,188.2,56.0,99.76,0.58,Italy
2022-11-07,186.97,54.5,99.87,0.58,Italy
2022-11-08,166.8,92.0,96.85,0.55,Italy
2022-11-09,210.5,86.0,93.05,0.53,Italy
2022-11-10,259.35,87.0,94.25,0.58,Italy
2022-11-11,213.41,67.5,96.37,0.56,Italy
2022-11-12,214.04,81.67,95.44,0.54,Italy
2022-11-13,214.67,95.83,94.52,0.53,Italy
2022-11-14,215.3,110.0,93.59,0.52,Italy
2022-11-15,253.9,116.0,94.3,0.49,Italy
2022-11-16,261.37,102.0,92.61,0.48,Italy
2022-11-17,253.85,100.0,91.0,0.46,Italy
2022-11-18,247.32,105.0,88.93,0.44,Italy
2022-11-19,248.13,107.73,88.77,0.43,Italy
2022-11-20,248.94,110.47,88.6,0.43,Italy
2022-11-21,249.75,113.2,88.44,0.43,Italy
2022-11-22,233.04,121.0,88.65,0.4,Italy
2022-11-23,240.66,124.6,85.9,0.39,Italy
2022-11-24,301.48,118.0,85.59,0.38,Italy
2022-11-25,294.35,125.9,83.4,0.35,Italy
2022-11-26,307.65,125.93,83.43,0.36,Italy
2022-11-27,320.95,125.97,83.47,0.36,Italy
2022-11-28,334.25,126.0,83.5,0.35,Italy
2022-11-29,369.99,130.0,83.22,0.32,Italy
2022-11-30,384.48,139.0,85.61,0.32,Italy
2022-12-01,384.74,136.0,86.28,0.32,Italy
2022-12-02,382.07,132.85,86.54,0.3,Italy
2022-12-03,377.06,132.9,85.48,0.3,Italy
2022-12-04,372.06,132.95,84.42,0.3,Italy
2022-12-05,367.05,133.0,83.36,0.29,Italy
2022-12-06,402.14,140.0,79.92,0.29,Italy
2022-12-07,380.51,148.0,77.11,0.27,Italy
2022-12-08,362.24,136.75,76.02,0.26,Italy
2022-12-09,387.68,140.2,76.37,0.23,Italy
2022-12-10,399.55,139.13,76.91,0.23,Italy
2022-12-11,411.43,138.07,77.46,0.23,Italy
2022-12-12,423.3,137.0,78.0,0.23,Italy
2022-12-13,422.58,138.5,80.14,0.22,Italy
2022-12-14,411.47,133.0,83.33,0.22,Italy
2022-12-15,368.17,135.5,82.34,0.25,Italy
2022-12-16,368.25,119.0,80.2,0.29,Italy
2022-12-17,325.18,114.75,80.69,0.3,Italy
2022-12-18,282.11,110.5,81.17,0.3,Italy
2022-12-19,239.04,106.25,81.66,0.3,Italy
2022-12-20,271.24,104.7,79.45,0.31,Italy
2022-12-21,254.53,94.6,80.25,0.33,Italy
2022-12-22,234.62,89.5,79.58,0.34,Italy
2022-12-23,200.52,83.0,82.45,0.33,Italy
2022-12-24,190.96,83.0,82.45,0.32,Italy
2022-12-25,181.4,83.0,82.45,0.32,Italy
2022-12-26,171.84,83.0,82.45,0.32,Italy
2022-12-27,212.28,83.0,82.45,0.32,Italy
2022-12-28,179.55,79.0,81.7,0.32,Italy
2022-12-29,205.46,79.4,80.96,0.3,Italy
2022-12-30,179.29,75.57,82.82,0.3,Italy
2022-12-31,186.87,75.57,82.82,0.3,Italy
2023-01-01,194.46,75.57,82.82,0.3,Italy
2023-01-02,202.04,75.57,82.82,0.3,Italy
2023-01-03,174.74,71.81,80.36,0.24,Italy
2023-01-04,173.76,62.62,75.31,0.25,Italy
2023-01-05,183.92,63.7,76.73,0.24,Italy
2023-01-06,170.99,66.32,76.41,0.24,Italy
2023-01-07,165.85,68.15,76.77,0.24,Italy
2023-01-08,160.7,69.97,77.14,0.24,Italy
2023-01-09,155.56,71.8,77.5,0.24,Italy
2023-01-10,162.3,67.0,78.4,0.24,Italy
2023-01-11,183.14,62.7,81.11,0.23,Italy
2023-01-12,174.83,64.5,82.59,0.24,Italy
2023-01-13,193.13,63.3,83.43,0.23,Italy
2023-01-14,179.79,60.62,83.17,0.22,Italy
2023-01-15,166.46,57.93,82.91,0.22,Italy
2023-01-16,153.12,55.25,82.65,0.21,Italy
2023-01-17,170.38,59.6,84.38,0.18,Italy
2023-01-18,151.63,61.9,83.78,0.17,Italy
2023-01-19,180.11,61.25,85.08,0.18,Italy
2023-01-20,185.65,68.4,86.96,0.18,Italy
2023-01-21,191.69,67.27,87.15,0.18,Italy
2023-01-22,197.72,66.13,87.35,0.18,Italy
2023-01-23,203.76,65.0,87.54,0.18,Italy
2023-01-24,201.47,60.65,85.25,0.18,Italy
2023-01-25,186.86,56.8,85.08,0.18,Italy
2023-01-26,174.27,56.8,86.29,0.17,Italy
2023-01-27,171.68,55.47,85.36,0.16,Italy
2023-01-28,174.09,55.78,85.21,0.16,Italy
2023-01-29,176.51,56.09,85.05,0.16,Italy
2023-01-30,178.92,56.4,84.9,0.16,Italy
2023-01-31,161.6,59.25,83.42,0.15,Italy
2023-02-01,164.22,60.0,81.61,0.12,Italy
2023-02-02,181.47,58.0,80.57,0.14,Italy
2023-02-03,170.44,59.8,78.85,0.15,Italy
2023-02-04,171.51,59.47,79.39,0.14,Italy
2023-02-05,172.58,59.14,79.94,0.14,Italy
2023-02-06,173.65,58.81,80.48,0.14,Italy
2023-02-07,178.7,55.5,82.92,0.15,Italy
2023-02-08,170.31,55.5,84.17,0.14,Italy
2023-02-09,179.0,53.97,83.46,0.14,Italy
2023-02-10,167.8,53.92,85.46,0.14,Italy
2023-02-11,167.99,53.92,85.63,0.14,Italy
2023-02-12,168.19,53.92,85.81,0.14,Italy
2023-02-13,168.38,53.92,85.98,0.14,Italy
2023-02-14,161.24,53.06,84.96,0.14,Italy
2023-02-15,165.98,54.55,84.11,0.13,Italy
2023-02-16,163.35,51.7,83.84,0.12,Italy
2023-02-17,165.96,48.6,81.97,0.12,Italy
2023-02-18,163.76,49.37,82.24,0.12,Italy
2023-02-19,161.57,50.13,82.52,0.12,Italy
2023-02-20,159.37,50.9,82.79,0.12,Italy
2023-02-21,159.48,48.78,82.14,0.1,Italy
2023-02-22,162.72,50.75,79.55,0.09,Italy
2023-02-23,156.34,50.1,82.08,0.08,Italy
2023-02-24,163.88,52.7,82.31,0.09,Italy
2023-02-25,167.05,51.1,81.95,0.09,Italy
2023-02-26,170.21,49.5,81.6,0.09,Italy
2023-02-27,173.38,47.9,81.24,0.09,Italy
2023-02-28,162.79,48.6,83.21,0.1,Italy
2023-03-01,168.22,48.8,83.68,0.09,Italy
2023-03-02,167.73,47.9,84.15,0.09,Italy
2023-03-03,165.35,46.75,85.74,0.09,Italy
2023-03-04,159.02,45.77,85.78,0.09,Italy
2023-03-05,152.69,44.78,85.82,0.09,Italy
2023-03-06,146.36,43.8,85.86,0.09,Italy
2023-03-07,151.36,44.9,83.03,0.09,Italy
2023-03-08,135.54,42.95,82.1,0.09,Italy
2023-03-09,133.1,42.05,81.0,0.09,Italy
2023-03-10,123.5,54.0,82.3,0.11,Italy
2023-03-11,130.8,52.48,81.42,0.13,Italy
2023-03-12,138.1,50.97,80.55,0.14,Italy
2023-03-13,145.4,49.45,79.67,0.15,Italy
2023-03-14,131.44,45.3,76.77,0.17,Italy
2023-03-15,140.8,43.1,74.3,0.24,Italy
2023-03-16,129.17,42.45,73.12,0.27,Italy
2023-03-17,127.01,42.3,71.03,0.28,Italy
2023-03-18,130.48,41.22,71.49,0.29,Italy
2023-03-19,133.94,40.13,71.96,0.29,Italy
2023-03-20,137.41,39.05,72.42,0.29,Italy
2023-03-21,133.89,40.75,74.78,0.31,Italy
2023-03-22,132.74,39.6,76.08,0.34,Italy
2023-03-23,142.51,42.5,74.31,0.35,Italy
2023-03-24,130.87,42.5,73.63,0.37,Italy
2023-03-25,133.32,42.75,74.69,0.37,Italy
2023-03-26,135.78,43.0,75.74,0.37,Italy
2023-03-27,138.23,43.25,76.8,0.37,Italy
2023-03-28,120.34,42.22,78.07,0.35,Italy
2023-03-29,136.5,42.6,77.51,0.35,Italy
2023-03-30,155.42,42.85,78.45,0.34,Italy
2023-03-31,131.15,47.25,79.19,0.33,Italy
2023-04-01,134.6,48.8,81.4,0.33,Italy
2023-04-02,138.06,50.35,83.6,0.33,Italy
2023-04-03,141.51,51.9,85.81,0.32,Italy
2023-04-04,147.35,47.38,85.7,0.3,Italy
2023-04-05,171.62,45.35,85.89,0.3,Italy
2023-04-06,152.47,43.93,86.56,0.28,Italy
2023-04-07,148.86,43.93,86.56,0.26,Italy
2023-04-08,133.0,43.93,86.56,0.25,Italy
2023-04-09,117.15,43.93,86.56,0.25,Italy
2023-04-10,101.29,43.93,86.56,0.24,Italy
2023-04-11,135.0,44.4,87.32,0.23,Italy
2023-04-12,153.96,43.55,88.31,0.22,Italy
2023-04-13,145.32,42.9,86.51,0.21,Italy
2023-04-14,146.18,41.65,87.31,0.19,Italy
2023-04-15,145.61,41.92,86.75,0.19,Italy
2023-04-16,145.05,42.18,86.19,0.18,Italy
2023-04-17,144.48,42.45,85.63,0.18,Italy
2023-04-18,145.0,42.8,85.48,0.17,Italy
2023-04-19,143.2,40.0,85.34,0.16,Italy
2023-04-20,148.96,41.5,83.29,0.16,Italy
2023-04-21,144.02,40.3,83.36,0.15,Italy
2023-04-22,134.15,40.13,83.65,0.15,Italy
2023-04-23,124.27,39.97,83.94,0.15,Italy
2023-04-24,114.4,39.8,84.23,0.15,Italy
2023-04-25,107.12,40.0,82.13,0.15,Italy
2023-04-26,120.42,39.0,79.19,0.14,Italy
2023-04-27,129.73,39.03,80.11,0.14,Italy
2023-04-28,133.71,37.9,81.32,0.15,Italy
2023-04-29,130.46,37.9,81.32,0.15,Italy
2023-04-30,127.22,37.9,81.32,0.15,Italy
2023-05-01,123.97,37.9,81.32,0.15,Italy
2023-05-02,123.97,37.88,76.71,0.16,Italy
2023-05-03,124.02,36.5,72.91,0.16,Italy
2023-05-04,117.64,35.85,73.0,0.16,Italy
2023-05-05,118.34,36.5,75.85,0.16,Italy
2023-05-06,122.98,36.5,75.85,0.17,Italy
2023-05-07,127.63,36.5,75.85,0.17,Italy
2023-05-08,132.27,36.5,75.85,0.17,Italy
2023-05-09,134.68,35.8,77.76,0.16,Italy
2023-05-10,126.48,35.35,76.7,0.16,Italy
2023-05-11,120.92,34.65,75.32,0.16,Italy
2023-05-12,114.8,33.5,74.54,0.16,Italy
2023-05-13,113.65,32.87,74.85,0.15,Italy
2023-05-14,112.5,32.23,75.15,0.15,Italy
2023-05-15,111.35,31.6,75.46,0.15,Italy
2023-05-16,104.0,31.63,75.15,0.14,Italy
2023-05-17,114.3,31.3,76.98,0.14,Italy
2023-05-18,111.38,29.55,75.75,0.13,Italy
2023-05-19,114.49,28.75,75.42,0.13,Italy
2023-05-20,111.74,28.6,75.54,0.13,Italy
2023-05-21,109.0,28.45,75.65,0.13,Italy
2023-05-22,106.25,28.3,75.77,0.12,Italy
2023-05-23,108.77,28.3,76.66,0.11,Italy
2023-05-24,107.95,27.85,77.99,0.1,Italy
2023-05-25,101.54,24.9,75.66,0.11,Italy
2023-05-26,92.61,23.38,76.33,0.11,Italy
2023-05-27,90.46,23.38,76.33,0.12,Italy
2023-05-28,88.31,23.38,76.33,0.12,Italy
2023-05-29,86.16,23.38,76.33,0.13,Italy
2023-05-30,94.38,25.35,73.38,0.13,Italy
2023-05-31,92.97,26.0,71.98,0.13,Italy
2023-06-01,95.5,23.9,74.18,0.14,Italy
2023-06-02,81.92,23.3,76.0,0.15,Italy
2023-06-03,86.66,25.1,76.2,0.15,Italy
2023-06-04,91.41,26.9,76.41,0.15,Italy
2023-06-05,96.15,28.7,76.61,0.16,Italy
2023-06-06,90.3,25.35,76.22,0.16,Italy
2023-06-07,94.26,25.25,76.85,0.16,Italy
2023-06-08,90.18,26.75,75.88,0.15,Italy
2023-06-09,92.0,31.75,74.74,0.14,Italy
2023-06-10,95.33,30.93,73.76,0.14,Italy
2023-06-11,98.67,30.12,72.78,0.14,Italy
2023-06-12,102.0,29.3,71.8,0.13,Italy
2023-06-13,105.93,35.75,74.24,0.12,Italy
2023-06-14,108.39,38.35,73.39,0.12,Italy
2023-06-15,112.82,40.8,75.75,0.09,Italy
2023-06-16,120.85,33.3,76.76,0.09,Italy
2023-06-17,122.17,34.27,76.54,0.09,Italy
2023-06-18,123.5,35.23,76.31,0.09,Italy
2023-06-19,124.82,36.2,76.09,0.09,Italy
2023-06-20,119.82,36.2,75.79,0.1,Italy
2023-06-21,129.85,37.5,76.92,0.08,Italy
2023-06-22,129.4,34.25,73.93,0.09,Italy
2023-06-23,120.9,32.5,73.56,0.09,Italy
2023-06-24,119.36,32.57,73.66,0.09,Italy
2023-06-25,117.83,32.63,73.76,0.09,Italy
2023-06-26,116.29,32.7,73.86,0.09,Italy
2023-06-27,119.52,34.75,71.88,0.08,Italy
2023-06-28,120.16,34.63,73.64,0.08,Italy
2023-06-29,121.21,34.45,73.86,0.08,Italy
2023-06-30,119.69,37.1,74.51,0.07,Italy
2023-07-01,118.38,36.72,74.51,0.07,Italy
2023-07-02,117.06,36.33,74.52,0.07,Italy
2023-07-03,115.75,35.95,74.52,0.07,Italy
2023-07-04,134.77,34.1,76.23,0.07,Italy
2023-07-05,115.86,34.9,76.74,0.07,Italy
2023-07-06,116.35,32.1,76.72,0.08,Italy
2023-07-07,121.19,34.63,78.77,0.09,Italy
2023-07-08,125.43,33.53,78.46,0.1,Italy
2023-07-09,129.67,32.43,78.14,0.1,Italy
2023-07-10,133.91,31.33,77.83,0.1,Italy
2023-07-11,123.0,28.76,79.54,0.1,Italy
2023-07-12,119.0,27.98,80.35,0.1,Italy
2023-07-13,114.58,26.75,81.31,0.1,Italy
2023-07-14,102.47,25.7,79.9,0.11,Italy
2023-07-15,104.67,25.7,79.2,0.11,Italy
2023-07-16,106.88,25.7,78.5,0.11,Italy
2023-07-17,109.08,25.7,77.8,0.11,Italy
2023-07-18,120.33,27.0,79.54,0.11,Italy
2023-07-19,129.0,27.1,79.38,0.1,Italy
2023-07-20,119.88,26.6,79.62,0.1,Italy
2023-07-21,114.11,28.5,81.06,0.09,Italy
2023-07-22,114.65,28.93,81.55,0.08,Italy
2023-07-23,115.19,29.37,82.04,0.08,Italy
2023-07-24,115.73,29.8,82.53,0.07,Italy
2023-07-25,117.48,32.65,83.46,0.07,Italy
2023-07-26,104.43,32.33,82.98,0.07,Italy
2023-07-27,112.03,28.4,84.28,0.07,Italy
2023-07-28,107.61,26.0,84.49,0.08,Italy
2023-07-29,105.03,26.23,84.73,0.08,Italy
2023-07-30,102.46,26.47,84.98,0.08,Italy
2023-07-31,99.88,26.7,85.22,0.08,Italy
2023-08-01,100.84,26.15,85.34,0.09,Italy
2023-08-02,108.15,26.58,84.01,0.09,Italy
2023-08-03,111.39,28.63,86.19,0.1,Italy
2023-08-04,106.75,28.45,87.38,0.09,Italy
2023-08-05,102.15,28.82,87.08,0.09,Italy
2023-08-06,97.54,29.18,86.77,0.09,Italy
2023-08-07,92.94,29.55,86.47,0.09,Italy
2023-08-08,84.93,29.51,88.0,0.1,Italy
2023-08-09,100.0,38.05,89.31,0.1,Italy
2023-08-10,98.7,34.72,87.44,0.11,Italy
2023-08-11,107.39,31.7,87.93,0.11,Italy
2023-08-12,106.88,31.79,87.75,0.11,Italy
2023-08-13,106.38,31.89,87.58,0.11,Italy
2023-08-14,105.87,31.98,87.4,0.11,Italy
2023-08-15,106.17,36.3,86.28,0.12,Italy
2023-08-16,110.17,35.01,84.49,0.1,Italy
2023-08-17,111.31,33.4,85.24,0.11,Italy
2023-08-18,112.61,34.5,85.92,0.11,Italy
2023-08-19,115.38,36.15,85.76,0.1,Italy
2023-08-20,118.16,37.8,85.6,0.1,Italy
2023-08-21,120.93,39.45,85.44,0.1,Italy
2023-08-22,139.15,43.2,84.7,0.09,Italy
2023-08-23,156.33,36.5,83.94,0.09,Italy
2023-08-24,161.74,31.7,84.07,0.08,Italy
2023-08-25,142.4,36.1,85.42,0.08,Italy
2023-08-26,134.93,36.1,85.42,0.08,Italy
2023-08-27,127.47,36.1,85.42,0.08,Italy
2023-08-28,120.0,36.1,85.42,0.08,Italy
2023-08-29,125.27,35.2,86.37,0.08,Italy
2023-08-30,111.45,36.5,86.62,0.07,Italy
2023-08-31,123.91,31.75,87.29,0.06,Italy
2023-09-01,117.44,31.63,89.98,0.06,Italy
2023-09-02,112.83,31.42,90.13,0.06,Italy
2023-09-03,108.21,31.21,90.27,0.06,Italy
2023-09-04,103.6,31.0,90.42,0.07,Italy
2023-09-05,104.65,32.8,91.25,0.06,Italy
2023-09-06,107.51,30.83,91.79,0.06,Italy
2023-09-07,111.2,32.2,91.16,0.06,Italy
2023-09-08,112.02,34.65,91.85,0.06,Italy
2023-09-09,117.06,35.57,91.89,0.06,Italy
2023-09-10,122.09,36.48,91.93,0.06,Italy
2023-09-11,127.13,37.4,91.97,0.06,Italy
2023-09-12,125.62,35.45,93.58,0.06,Italy
2023-09-13,128.02,37.2,93.04,0.06,Italy
2023-09-14,128.37,35.1,95.2,0.05,Italy
2023-09-15,130.44,37.2,95.55,0.06,Italy
2023-09-16,127.87,36.24,95.68,0.06,Italy
2023-09-17,125.31,35.29,95.82,0.05,Italy
2023-09-18,122.74,34.33,95.95,0.05,Italy
2023-09-19,124.62,37.55,96.11,0.06,Italy
2023-09-20,127.28,38.35,94.56,0.06,Italy
2023-09-21,118.66,39.56,93.7,0.06,Italy
2023-09-22,123.05,40.65,93.99,0.06,Italy
2023-09-23,120.41,41.88,94.0,0.06,Italy
2023-09-24,117.76,43.12,94.0,0.07,Italy
2023-09-25,115.12,44.35,94.01,0.07,Italy
2023-09-26,121.29,39.9,94.46,0.08,Italy
2023-09-27,128.38,40.0,97.1,0.08,Italy
2023-09-28,113.49,39.53,96.64,0.09,Italy
2023-09-29,130.38,37.4,95.86,0.1,Italy
2023-09-30,126.75,35.83,94.31,0.1,Italy
2023-10-01,123.13,34.27,92.76,0.1,Italy
2023-10-02,119.5,32.7,91.21,0.09,Italy
2023-10-03,137.08,30.85,94.46,0.1,Italy
2023-10-04,115.67,32.55,89.83,0.1,Italy
2023-10-05,130.39,28.45,88.28,0.1,Italy
2023-10-06,124.53,33.55,87.86,0.09,Italy
2023-10-07,125.99,35.53,89.03,0.1,Italy
2023-10-08,127.46,37.52,90.2,0.1,Italy
2023-10-09,128.92,39.5,91.37,0.1,Italy
2023-10-10,140.43,45.0,90.7,0.12,Italy
2023-10-11,151.38,44.5,87.58,0.14,Italy
2023-10-12,147.07,48.65,88.4,0.13,Italy
2023-10-13,153.32,54.75,94.33,0.15,Italy
2023-10-14,160.8,52.33,93.22,0.15,Italy
2023-10-15,168.28,49.92,92.1,0.15,Italy
2023-10-16,175.76,47.5,90.99,0.15,Italy
2023-10-17,161.09,45.4,92.52,0.14,Italy
2023-10-18,151.18,47.1,91.99,0.15,Italy
2023-10-19,151.86,44.65,93.12,0.15,Italy
2023-10-20,135.51,46.0,93.72,0.16,Italy
2023-10-21,138.55,47.12,93.11,0.15,Italy
2023-10-22,141.6,48.23,92.49,0.14,Italy
2023-10-23,144.64,49.35,91.88,0.14,Italy
2023-10-24,140.9,47.9,88.0,0.12,Italy
2023-10-25,134.41,49.3,90.14,0.12,Italy
2023-10-26,124.26,48.2,88.45,0.11,Italy
2023-10-27,107.31,47.25,90.73,0.11,Italy
2023-10-28,111.92,47.5,90.73,0.1,Italy
2023-10-29,116.54,47.75,90.73,0.1,Italy
2023-10-30,121.15,48.0,90.73,0.1,Italy
2023-10-31,122.31,40.67,86.82,0.08,Italy
2023-11-01,111.05,36.3,86.92,0.08,Italy
2023-11-02,111.05,41.53,89.02,0.09,Italy
2023-11-03,74.51,40.75,87.55,0.09,Italy
2023-11-04,84.09,40.93,87.47,0.09,Italy
2023-11-05,93.66,41.12,87.39,0.09,Italy
2023-11-06,103.24,41.3,87.31,0.09,Italy
2023-11-07,124.11,42.5,83.43,0.1,Italy
2023-11-08,133.25,44.18,81.46,0.1,Italy
2023-11-09,136.18,42.65,81.74,0.1,Italy
2023-11-10,105.53,43.0,83.66,0.1,Italy
2023-11-11,112.72,42.27,83.8,0.1,Italy
2023-11-12,119.91,41.53,83.95,0.1,Italy
2023-11-13,127.1,40.8,84.09,0.09,Italy
2023-11-14,125.84,45.2,84.2,0.09,Italy
2023-11-15,120.95,45.7,82.4,0.09,Italy
2023-11-16,137.23,45.6,77.73,0.1,Italy
2023-11-17,128.71,45.2,81.22,0.1,Italy
2023-11-18,130.62,45.32,81.9,0.1,Italy
2023-11-19,132.53,45.43,82.57,0.1,Italy
2023-11-20,134.44,45.55,83.25,0.1,Italy
2023-11-21,128.45,43.7,82.42,0.1,Italy
2023-11-22,134.92,45.1,81.76,0.1,Italy
2023-11-23,132.93,46.08,80.85,0.1,Italy
2023-11-24,132.69,46.2,79.82,0.1,Italy
2023-11-25,134.06,45.55,79.71,0.1,Italy
2023-11-26,135.43,44.9,79.6,0.1,Italy
2023-11-27,136.8,44.25,79.49,0.1,Italy
2023-11-28,130.22,44.2,81.66,0.09,Italy
2023-11-29,143.7,41.28,82.98,0.1,Italy
2023-11-30,155.35,40.85,81.72,0.1,Italy
2023-12-01,114.74,43.94,78.72,0.07,Italy
2023-12-02,121.82,42.54,78.53,0.08,Italy
2023-12-03,128.9,41.15,78.35,0.08,Italy
2023-12-04,135.98,39.75,78.16,0.08,Italy
2023-12-05,133.39,38.1,77.27,0.09,Italy
2023-12-06,130.8,39.0,74.33,0.09,Italy
2023-12-07,121.96,40.25,74.21,0.07,Italy
2023-12-08,118.3,38.5,75.94,0.08,Italy
2023-12-09,119.23,37.7,75.88,0.09,Italy
2023-12-10,120.17,36.9,75.81,0.09,Italy
2023-12-11,121.1,36.1,75.75,0.09,Italy
2023-12-12,119.45,34.55,74.11,0.09,Italy
2023-12-13,110.22,34.9,74.14,0.09,Italy
2023-12-14,119.47,34.15,77.05,0.07,Italy
2023-12-15,89.04,31.6,76.84,0.09,Italy
2023-12-16,95.78,32.55,77.52,0.09,Italy
2023-12-17,102.51,33.5,78.21,0.09,Italy
2023-12-18,109.25,34.45,78.89,0.09,Italy
2023-12-19,107.78,31.65,79.82,0.1,Italy
2023-12-20,119.99,32.85,81.1,0.11,Italy
2023-12-21,104.24,33.0,80.73,0.12,Italy
2023-12-22,101.35,33.8,80.23,0.13,Italy
2023-12-23,106.24,33.8,80.23,0.13,Italy
2023-12-24,111.12,33.8,80.23,0.13,Italy
2023-12-25,116.01,33.8,80.23,0.13,Italy
2023-12-26,133.92,33.8,80.23,0.12,Italy
2023-12-27,101.22,33.85,80.97,0.13,Italy
2023-12-28,101.22,31.8,79.04,0.12,Italy
2023-12-29,111.06,31.85,77.69,0.12,Italy
2023-12-30,109.28,31.85,77.69,0.12,Italy
2023-12-31,107.49,31.85,77.69,0.12,Italy
2024-01-01,105.71,31.85,77.69,0.12,Italy
2024-01-02,107.3,28.8,76.24,0.09,Italy
2024-01-03,94.01,32.0,77.18,0.07,Italy
2024-01-04,91.17,32.95,75.79,0.07,Italy
2024-01-05,100.74,34.4,78.31,0.08,Italy
2024-01-06,103.2,33.4,77.36,0.08,Italy
2024-01-07,105.65,32.4,76.42,0.07,Italy
2024-01-08,108.11,31.4,75.47,0.07,Italy
2024-01-09,108.68,31.0,77.97,0.07,Italy
2024-01-10,113.26,31.0,78.46,0.07,Italy
2024-01-11,108.34,30.83,80.21,0.06,Italy
2024-01-12,81.8,31.75,79.89,0.06,Italy
2024-01-13,78.36,31.33,79.85,0.06,Italy
2024-01-14,74.91,30.92,79.8,0.06,Italy
2024-01-15,71.47,30.5,79.76,0.06,Italy
2024-01-16,94.36,30.15,80.15,0.06,Italy
2024-01-17,79.32,28.1,78.88,0.06,Italy
2024-01-18,97.41,28.75,81.04,0.06,Italy
2024-01-19,92.59,27.8,80.71,0.05,Italy
2024-01-20,95.77,27.53,81.04,0.05,Italy
2024-01-21,98.94,27.27,81.37,0.05,Italy
2024-01-22,102.12,27.0,81.7,0.05,Italy
2024-01-23,101.76,26.75,82.04,0.04,Italy
2024-01-24,96.38,28.55,82.15,0.04,Italy
2024-01-25,94.81,26.9,82.33,0.04,Italy
2024-01-26,92.05,28.2,83.34,0.04,Italy
2024-01-27,93.08,28.15,83.56,0.04,Italy
2024-01-28,94.1,28.1,83.77,0.04,Italy
2024-01-29,95.13,28.05,83.99,0.04,Italy
2024-01-30,98.94,29.75,84.14,0.05,Italy
2024-01-31,100.08,29.45,82.98,0.05,Italy
2024-02-01,99.73,28.55,82.2,0.04,Italy
2024-02-02,89.25,28.7,79.54,0.04,Italy
2024-02-03,91.02,28.4,79.46,0.04,Italy
2024-02-04,92.8,28.1,79.38,0.04,Italy
2024-02-05,94.57,27.8,79.3,0.04,Italy
2024-02-06,95.92,28.9,80.46,0.04,Italy
2024-02-07,106.88,28.58,81.18,0.04,Italy
2024-02-08,93.92,27.52,83.01,0.04,Italy
2024-02-09,82.87,26.8,83.58,0.05,Italy
2024-02-10,86.27,26.47,83.68,0.05,Italy
2024-02-11,89.67,26.13,83.78,0.05,Italy
2024-02-12,93.07,25.8,83.88,0.04,Italy
2024-02-13,89.15,25.35,84.72,0.04,Italy
2024-02-14,91.84,24.67,84.41,0.03,Italy
2024-02-15,90.2,24.6,84.33,0.04,Italy
2024-02-16,87.17,24.55,84.88,0.04,Italy
2024-02-17,88.31,24.2,85.09,0.04,Italy
2024-02-18,89.44,23.85,85.31,0.04,Italy
2024-02-19,90.58,23.5,85.52,0.04,Italy
2024-02-20,84.51,23.63,84.78,0.04,Italy
2024-02-21,90.26,23.85,84.77,0.05,Italy
2024-02-22,78.7,23.38,85.84,0.04,Italy
2024-02-23,74.48,23.35,84.18,0.04,Italy
2024-02-24,76.72,23.53,84.12,0.04,Italy
2024-02-25,78.95,23.72,84.07,0.04,Italy
2024-02-26,81.19,23.9,84.01,0.04,Italy
2024-02-27,84.53,24.83,83.8,0.05,Italy
2024-02-28,84.53,24.8,84.08,0.04,Italy
2024-02-29,85.16,24.88,84.57,0.04,Italy
2024-03-01,84.47,25.5,84.82,0.04,Italy
2024-03-02,86.02,26.05,85.41,0.04,Italy
2024-03-03,87.58,26.6,85.99,0.04,Italy
2024-03-04,89.13,27.15,86.58,0.04,Italy
2024-03-05,88.4,27.37,85.82,0.04,Italy
2024-03-06,92.52,25.8,86.59,0.04,Italy
2024-03-07,95.63,25.6,84.88,0.04,Italy
2024-03-08,91.44,26.53,84.29,0.03,Italy
2024-03-09,92.93,25.99,84.01,0.03,Italy
2024-03-10,94.43,25.45,83.72,0.03,Italy
2024-03-11,95.92,24.91,83.44,0.03,Italy
2024-03-12,87.4,25.18,83.66,0.02,Italy
2024-03-13,95.6,24.78,83.95,0.02,Italy
2024-03-14,89.77,25.4,86.16,0.02,Italy
2024-03-15,81.04,27.0,85.39,0.02,Italy
2024-03-16,84.85,27.53,85.75,0.02,Italy
2024-03-17,88.65,28.07,86.11,0.02,Italy
2024-03-18,92.46,28.6,86.47,0.02,Italy
2024-03-19,93.66,28.7,87.36,0.01,Italy
2024-03-20,100.3,27.25,85.77,0.01,Italy
2024-03-21,95.75,26.3,84.92,0.01,Italy
2024-03-22,80.83,27.33,84.87,0.01,Italy
2024-03-23,86.83,27.65,85.31,0.01,Italy
2024-03-24,92.84,27.98,85.74,0.01,Italy
2024-03-25,98.84,28.3,86.18,0.02,Italy
2024-03-26,98.79,27.05,85.91,0.02,Italy
2024-03-27,96.65,27.25,84.94,0.02,Italy
2024-03-28,88.95,27.5,86.17,0.02,Italy
2024-03-29,76.77,27.5,86.17,0.02,Italy
2024-03-30,73.87,27.5,86.17,0.02,Italy
2024-03-31,70.98,27.5,86.17,0.02,Italy
2024-04-01,68.08,27.5,86.17,0.02,Italy
2024-04-02,76.54,26.4,87.63,0.02,Italy
2024-04-03,95.97,25.92,90.6,0.02,Italy
2024-04-04,77.91,26.09,90.32,0.02,Italy
2024-04-05,72.41,26.3,92.81,0.01,Italy
2024-04-06,74.3,26.73,92.45,0.01,Italy
2024-04-07,76.19,27.17,92.09,0.01,Italy
2024-04-08,78.08,27.6,91.73,0.01,Italy
2024-04-09,79.2,27.55,92.13,0.01,Italy
2024-04-10,86.89,27.25,91.57,0.01,Italy
2024-04-11,78.92,29.27,91.49,0.01,Italy
2024-04-12,68.61,30.07,93.12,0.02,Italy
2024-04-13,76.7,30.41,92.36,0.02,Italy
2024-04-14,84.79,30.76,91.6,0.02,Italy
2024-04-15,92.88,31.1,90.84,0.02,Italy
2024-04-16,76.11,34.1,91.29,0.02,Italy
2024-04-17,104.51,31.75,89.54,0.02,Italy
2024-04-18,108.31,32.63,88.34,0.03,Italy
2024-04-19,89.01,31.05,87.96,0.03,Italy
2024-04-20,96.34,30.6,87.74,0.03,Italy
2024-04-21,103.68,30.15,87.52,0.03,Italy
2024-04-22,111.01,29.7,87.3,0.03,Italy
2024-04-23,105.33,29.23,88.29,0.03,Italy
2024-04-24,100.23,29.8,89.02,0.04,Italy
2024-04-25,98.19,30.5,88.1,0.03,Italy
2024-04-26,119.35,29.0,89.95,0.03,Italy
2024-04-27,108.91,28.58,89.45,0.03,Italy
2024-04-28,98.46,28.17,88.94,0.03,Italy
2024-04-29,88.02,27.75,88.44,0.02,Italy
2024-04-30,84.72,28.7,88.23,0.02,Italy
2024-05-01,89.31,28.5,83.55,0.02,Italy
2024-05-02,92.33,30.7,84.81,0.02,Italy
2024-05-03,80.15,30.1,83.6,0.02,Italy
2024-05-04,87.82,30.97,83.6,0.02,Italy
2024-05-05,95.5,31.83,83.6,0.03,Italy
2024-05-06,103.17,32.7,83.6,0.03,Italy
2024-05-07,108.62,31.4,82.69,0.04,Italy
2024-05-08,100.01,30.3,82.44,0.04,Italy
2024-05-09,91.56,30.8,83.27,0.04,Italy
2024-05-10,79.57,29.38,83.39,0.04,Italy
2024-05-11,84.34,29.19,83.32,0.04,Italy
2024-05-12,89.1,28.99,83.25,0.03,Italy
2024-05-13,93.87,28.8,83.18,0.03,Italy
2024-05-14,102.96,29.38,81.0,0.03,Italy
2024-05-15,102.25,29.5,79.98,0.03,Italy
2024-05-16,98.81,30.0,81.65,0.02,Italy
2024-05-17,94.18,30.75,82.24,0.02,Italy
2024-05-18,95.97,31.1,82.13,0.02,Italy
2024-05-19,97.75,31.45,82.02,0.02,Italy
2024-05-20,99.54,31.8,81.91,0.02,Italy
2024-05-21,94.16,33.15,81.22,0.02,Italy
2024-05-22,94.4,34.38,79.9,0.01,Italy
2024-05-23,102.38,35.67,79.25,0.02,Italy
2024-05-24,108.38,34.28,78.92,0.02,Italy
2024-05-25,108.68,34.44,78.92,0.02,Italy
2024-05-26,108.98,34.59,78.92,0.02,Italy
2024-05-27,109.28,34.75,78.92,0.02,Italy
2024-05-28,117.9,33.8,81.34,0.02,Italy
2024-05-29,114.5,34.33,81.5,0.01,Italy
2024-05-30,113.63,35.1,81.42,0.01,Italy
2024-05-31,84.26,34.21,79.41,0.01,Italy
2024-06-01,93.47,34.84,78.42,0.01,Italy
2024-06-02,102.67,35.47,77.44,0.01,Italy
2024-06-03,111.88,36.1,76.45,0.01,Italy
2024-06-04,117.19,33.88,75.33,0.01,Italy
2024-06-05,111.3,33.25,75.41,0.01,Italy
2024-06-06,105.67,33.35,77.62,0.01,Italy
2024-06-07,110.11,33.0,78.12,0.01,Italy
2024-06-08,103.76,33.55,78.61,0.01,Italy
2024-06-09,97.4,34.1,79.1,0.01,Italy
2024-06-10,91.05,34.65,79.59,0.01,Italy
2024-06-11,103.76,33.93,80.15,0.01,Italy
2024-06-12,109.59,35.03,80.52,0.02,Italy
2024-06-13,103.86,35.42,81.44,0.02,Italy
2024-06-14,98.75,35.03,81.49,0.05,Italy
2024-06-15,104.2,34.74,81.81,0.05,Italy
2024-06-16,109.66,34.44,82.13,0.05,Italy
2024-06-17,115.11,34.15,82.45,0.05,Italy
2024-06-18,109.28,34.2,84.79,0.06,Italy
2024-06-19,111.19,35.08,85.64,0.07,Italy
2024-06-20,116.38,34.2,85.92,0.08,Italy
2024-06-21,98.63,33.7,86.42,0.08,Italy
2024-06-22,101.43,33.87,86.53,0.08,Italy
2024-06-23,104.23,34.03,86.64,0.08,Italy
2024-06-24,107.03,34.2,86.75,0.08,Italy
2024-06-25,114.01,34.61,86.81,0.08,Italy
2024-06-26,111.29,33.55,85.76,0.09,Italy
2024-06-27,103.92,34.16,87.0,0.08,Italy
2024-06-28,93.41,33.85,87.26,0.08,Italy
2024-06-29,100.01,33.57,87.03,0.08,Italy
2024-06-30,106.62,33.28,86.8,0.09,Italy
2024-07-01,113.22,33.0,86.57,0.09,Italy
2024-07-02,104.09,33.25,88.28,0.08,Italy
2024-07-03,107.78,32.4,88.25,0.07,Italy
2024-07-04,108.64,32.98,88.34,0.07,Italy
2024-07-05,102.89,32.73,88.66,0.07,Italy
2024-07-06,104.38,32.38,88.16,0.06,Italy
2024-07-07,105.86,32.02,87.65,0.06,Italy
2024-07-08,107.35,31.67,87.15,0.06,Italy
2024-07-09,114.65,30.84,86.48,0.05,Italy
2024-07-10,115.76,30.68,86.55,0.05,Italy
2024-07-11,118.59,30.82,86.49,0.04,Italy
2024-07-12,112.91,31.4,87.35,0.04,Italy
2024-07-13,114.04,31.28,87.04,0.04,Italy
2024-07-14,115.18,31.16,86.73,0.04,Italy
2024-07-15,116.31,31.04,86.42,0.04,Italy
2024-07-16,118.33,32.53,86.6,0.04,Italy
2024-07-17,124.31,31.52,85.76,0.03,Italy
2024-07-18,121.93,32.17,86.26,0.03,Italy
2024-07-19,118.14,31.63,85.19,0.03,Italy
2024-07-20,117.37,31.67,84.61,0.04,Italy
2024-07-21,116.61,31.71,84.02,0.04,Italy
2024-07-22,115.84,31.75,83.44,0.04,Italy
2024-07-23,114.01,31.3,82.2,0.03,Italy
2024-07-24,109.76,32.63,83.01,0.04,Italy
2024-07-25,115.98,31.7,82.58,0.06,Italy
2024-07-26,119.71,32.2,81.35,0.06,Italy
2024-07-27,121.77,32.67,81.21,0.06,Italy
2024-07-28,123.83,33.13,81.08,0.06,Italy
2024-07-29,125.89,33.6,80.94,0.06,Italy
2024-07-30,108.29,34.2,79.26,0.06,Italy
2024-07-31,120.12,34.96,81.39,0.07,Italy
2024-08-01,124.29,36.4,81.37,0.1,Italy
2024-08-02,120.7,36.4,78.35,0.14,Italy
2024-08-03,121.34,35.9,78.07,0.15,Italy
2024-08-04,121.98,35.41,77.79,0.17,Italy
2024-08-05,122.62,34.91,77.51,0.19,Italy
2024-08-06,128.84,36.05,76.62,0.19,Italy
2024-08-07,127.99,37.48,78.26,0.21,Italy
2024-08-08,133.75,39.15,80.76,0.22,Italy
2024-08-09,126.84,39.68,81.07,0.21,Italy
2024-08-10,129.99,39.42,81.73,0.21,Italy
2024-08-11,133.13,39.16,82.4,0.2,Italy
2024-08-12,136.28,38.9,83.06,0.19,Italy
2024-08-13,134.44,38.63,82.51,0.18,Italy
2024-08-14,132.75,38.25,82.15,0.16,Italy
2024-08-15,132.29,38.8,83.09,0.17,Italy
2024-08-16,128.53,38.9,81.56,0.15,Italy
2024-08-17,125.95,38.93,81.4,0.15,Italy
2024-08-18,123.38,38.97,81.25,0.14,Italy
2024-08-19,120.8,39.0,81.09,0.14,Italy
2024-08-20,118.38,37.15,78.85,0.13,Italy
2024-08-21,126.2,36.3,78.77,0.12,Italy
2024-08-22,118.79,36.0,78.8,0.11,Italy
2024-08-23,122.61,36.55,80.34,0.1,Italy
2024-08-24,126.15,36.55,80.34,0.1,Italy
2024-08-25,129.68,36.55,80.34,0.1,Italy
2024-08-26,133.22,36.55,80.34,0.09,Italy
2024-08-27,142.09,38.35,81.51,0.08,Italy
2024-08-28,143.15,38.65,80.04,0.07,Italy
2024-08-29,140.68,38.8,81.55,0.06,Italy
2024-08-30,136.07,39.6,80.2,0.05,Italy
2024-08-31,145.07,39.28,79.41,0.05,Italy
2024-09-01,154.08,38.95,78.61,0.05,Italy
2024-09-02,163.08,38.63,77.82,0.05,Italy
2024-09-03,150.23,37.1,76.46,0.06,Italy
2024-09-04,151.07,35.38,74.67,0.07,Italy
2024-09-05,140.11,35.65,74.47,0.07,Italy
2024-09-06,131.66,36.2,72.82,0.08,Italy
2024-09-07,128.09,36.37,72.67,0.08,Italy
2024-09-08,124.53,36.53,72.52,0.08,Italy
2024-09-09,120.96,36.7,72.37,0.07,Italy
2024-09-10,106.99,34.9,70.34,0.07,Italy
2024-09-11,122.5,36.15,70.31,0.07,Italy
2024-09-12,112.78,35.4,73.81,0.07,Italy
2024-09-13,101.67,36.03,73.68,0.07,Italy
2024-09-14,106.28,35.42,73.77,0.07,Italy
2024-09-15,110.88,34.81,73.87,0.07,Italy
2024-09-16,115.49,34.2,73.96,0.06,Italy
2024-09-17,114.82,35.05,74.55,0.07,Italy
2024-09-18,112.49,35.0,74.52,0.06,Italy
2024-09-19,109.96,32.63,75.93,0.07,Italy
2024-09-20,119.59,34.58,75.96,0.07,Italy
2024-09-21,126.94,35.19,75.62,0.06,Italy
2024-09-22,134.3,35.81,75.29,0.06,Italy
2024-09-23,141.65,36.42,74.95,0.06,Italy
2024-09-24,107.01,36.3,75.29,0.06,Italy
2024-09-25,114.01,37.4,75.4,0.07,Italy
2024-09-26,109.28,37.5,73.06,0.07,Italy
2024-09-27,109.07,38.63,71.63,0.07,Italy
2024-09-28,109.68,38.55,71.87,0.07,Italy
2024-09-29,110.29,38.48,72.11,0.06,Italy
2024-09-30,110.9,38.4,72.35,0.06,Italy
2024-10-01,125.12,38.88,75.3,0.07,Italy
2024-10-02,127.63,38.5,74.86,0.08,Italy
2024-10-03,115.88,39.5,77.57,0.06,Italy
2024-10-04,117.8,40.18,79.32,0.07,Italy
2024-10-05,120.28,40.12,80.13,0.06,Italy
2024-10-06,122.76,40.06,80.93,0.06,Italy
2024-10-07,125.24,40.0,81.74,0.06,Italy
2024-10-08,113.58,37.95,78.19,0.06,Italy
2024-10-09,112.83,37.9,77.06,0.05,Italy
2024-10-10,103.29,40.01,79.45,0.05,Italy
2024-10-11,103.9,39.65,80.27,0.05,Italy
2024-10-12,109.0,39.88,79.67,0.05,Italy
2024-10-13,114.09,40.1,79.07,0.04,Italy
2024-10-14,119.19,40.33,78.47,0.04,Italy
2024-10-15,108.98,39.25,73.68,0.04,Italy
2024-10-16,122.98,38.65,73.65,0.04,Italy
2024-10-17,118.41,39.3,74.37,0.03,Italy
2024-10-18,115.67,38.8,72.75,0.03,Italy
2024-10-19,120.07,39.16,72.93,0.03,Italy
2024-10-20,124.47,39.52,73.11,0.03,Italy
2024-10-21,128.87,39.88,73.29,0.03,Italy
2024-10-22,124.15,40.93,75.59,0.03,Italy
2024-10-23,123.41,41.05,74.68,0.02,Italy
2024-10-24,119.63,42.08,74.27,0.02,Italy
2024-10-25,121.78,42.93,75.62,0.02,Italy
2024-10-26,120.5,42.67,74.37,0.02,Italy
2024-10-27,119.23,42.41,73.12,0.02,Italy
2024-10-28,117.95,42.15,71.87,0.02,Italy
2024-10-29,129.43,42.53,71.09,0.02,Italy
2024-10-30,126.65,40.65,73.21,0.02,Italy
2024-10-31,116.44,39.6,73.25,0.02,Italy
2024-11-01,107.46,38.25,73.63,0.02,Italy
2024-11-02,114.44,38.93,74.05,0.02,Italy
2024-11-03,121.41,39.62,74.47,0.02,Italy
2024-11-04,128.39,40.3,74.89,0.02,Italy
2024-11-05,124.9,40.25,76.98,0.02,Italy
2024-11-06,126.54,40.5,76.52,0.02,Italy
2024-11-07,126.96,41.05,75.73,0.02,Italy
2024-11-08,118.51,41.72,74.04,0.03,Italy
2024-11-09,121.38,42.43,73.42,0.04,Italy
2024-11-10,124.26,43.14,72.81,0.04,Italy
2024-11-11,127.13,43.85,72.19,0.04,Italy
2024-11-12,139.61,43.7,72.56,0.06,Italy
2024-11-13,138.07,43.73,72.86,0.07,Italy
2024-11-14,133.49,45.95,73.39,0.08,Italy
2024-11-15,134.55,45.6,73.45,0.07,Italy
2024-11-16,135.44,46.05,73.75,0.07,Italy
2024-11-17,136.32,46.5,74.05,0.06,Italy
2024-11-18,137.21,46.95,74.35,0.06,Italy
2024-11-19,141.38,45.65,74.32,0.05,Italy
2024-11-20,130.98,46.65,74.33,0.05,Italy
2024-11-21,134.3,48.53,75.09,0.05,Italy
2024-11-22,136.39,46.53,76.1,0.07,Italy
2024-11-23,138.7,46.83,75.49,0.07,Italy
2024-11-24,141.0,47.13,74.88,0.07,Italy
2024-11-25,143.31,47.43,74.27,0.07,Italy
2024-11-26,150.17,46.6,74.56,0.07,Italy
2024-11-27,155.75,46.6,73.91,0.07,Italy
2024-11-28,144.6,46.63,73.92,0.06,Italy
2024-11-29,136.72,46.98,74.16,0.06,Italy
2024-11-30,137.01,47.48,73.71,0.06,Italy
2024-12-01,137.31,47.97,73.26,0.06,Italy
2024-12-02,137.6,48.47,72.81,0.06,Italy
2024-12-03,159.84,48.4,74.8,0.06,Italy
2024-12-04,167.95,46.75,74.68,0.05,Italy
2024-12-05,148.53,46.37,73.78,0.05,Italy
2024-12-06,144.74,46.3,73.78,0.05,Italy
2024-12-07,139.77,45.85,73.76,0.04,Italy
2024-12-08,134.81,45.4,73.75,0.04,Italy
2024-12-09,129.84,44.95,73.73,0.04,Italy
2024-12-10,158.32,45.5,73.64,0.03,Italy
2024-12-11,182.12,44.84,74.38,0.02,Italy
2024-12-12,174.19,42.8,73.52,0.02,Italy
2024-12-13,173.85,41.25,74.89,0.02,Italy
2024-12-14,160.64,40.78,74.69,0.03,Italy
2024-12-15,147.44,40.32,74.5,0.03,Italy
2024-12-16,134.23,39.85,74.3,0.03,Italy
2024-12-17,135.72,41.35,73.16,0.02,Italy
2024-12-18,128.68,40.7,74.57,0.02,Italy
2024-12-19,119.47,42.65,73.75,0.03,Italy
2024-12-20,114.25,43.55,73.19,0.03,Italy
2024-12-21,107.15,44.11,72.83,0.04,Italy
2024-12-22,100.05,44.67,72.48,0.04,Italy
2024-12-23,92.95,45.23,72.12,0.04,Italy
2024-12-24,125.51,46.3,73.5,0.04,Italy
2024-12-25,108.83,46.3,73.5,0.03,Italy
2024-12-26,118.99,46.3,73.5,0.03,Italy
2024-12-27,132.52,47.65,73.77,0.03,Italy
2024-12-28,137.56,47.63,73.93,0.03,Italy
2024-12-29,142.59,47.6,74.08,0.03,Italy
2024-12-30,147.63,47.58,74.24,0.03,Italy
2024-12-31,137.76,48.55,74.58,0.03,Italy
2025-01-01,140.73,48.55,74.58,0.02,Italy
2025-01-02,139.34,49.83,76.14,0.02,Italy
2025-01-03,126.26,49.5,76.72,0.02,Italy
2025-01-04,129.65,48.63,76.9,0.02,Italy
2025-01-05,133.04,47.75,77.09,0.02,Italy
2025-01-06,136.43,46.88,77.27,0.01,Italy
2025-01-07,143.84,47.58,77.84,0.02,Italy
2025-01-08,133.23,45.8,77.37,0.01,Italy
2025-01-09,133.66,45.5,78.44,0.01,Italy
2025-01-10,130.68,45.83,79.76,0.01,Italy
2025-01-11,132.2,46.98,80.74,0.01,Italy
2025-01-12,133.71,48.13,81.71,0.01,Italy
2025-01-13,135.23,49.28,82.69,0.01,Italy
2025-01-14,142.82,47.4,82.39,0.01,Italy
2025-01-15,170.65,47.28,83.48,0.02,Italy
2025-01-16,152.07,46.7,82.39,0.02,Italy
2025-01-17,146.09,48.38,83.02,0.02,Italy
2025-01-18,161.67,48.79,82.57,0.02,Italy
2025-01-19,177.26,49.19,82.13,0.02,Italy
2025-01-20,192.84,49.6,81.68,0.02,Italy
2025-01-21,163.35,50.5,80.57,0.02,Italy
2025-01-22,159.22,48.78,80.0,0.02,Italy
2025-01-23,145.91,48.7,78.62,0.02,Italy
2025-01-24,147.74,49.4,78.71,0.02,Italy
2025-01-25,145.96,48.83,78.24,0.02,Italy
2025-01-26,144.19,48.27,77.77,0.02,Italy
2025-01-27,142.41,47.7,77.3,0.02,Italy
2025-01-28,135.13,48.35,78.01,0.02,Italy
2025-01-29,137.89,51.4,77.02,0.01,Italy
2025-01-30,142.15,51.35,77.42,0.02,Italy
2025-01-31,151.38,54.0,77.11,0.02,Italy
2025-02-01,152.79,53.93,76.9,0.02,Italy
2025-02-02,154.19,53.85,76.7,0.01,Italy
2025-02-03,155.6,53.78,76.49,0.01,Italy
2025-02-04,152.62,52.45,76.58,0.01,Italy
2025-02-05,149.72,53.76,74.71,0.01,Italy
2025-02-06,152.66,54.3,74.54,0.02,Italy
2025-02-07,154.74,55.7,74.68,0.01,Italy
2025-02-08,157.65,56.65,75.2,0.01,Italy
2025-02-09,160.55,57.6,75.71,0.01,Italy
2025-02-10,163.46,58.55,76.23,0.01,Italy
2025-02-11,166.01,57.4,77.65,0.01,Italy
2025-02-12,171.88,55.85,75.38,0.02,Italy
2025-02-13,169.99,51.83,75.61,0.02,Italy
2025-02-14,158.57,51.33,75.19,0.01,Italy
2025-02-15,159.53,50.4,75.4,0.01,Italy
2025-02-16,160.5,49.48,75.6,0.01,Italy
2025-02-17,161.46,48.55,75.81,0.01,Italy
2025-02-18,155.78,49.67,76.46,0.01,Italy
2025-02-19,152.26,47.65,76.34,0.01,Italy
2025-02-20,153.04,47.55,76.95,0.01,Italy
2025-02-21,144.81,46.7,74.88,0.01,Italy
2025-02-22,144.23,46.87,74.88,0.01,Italy
2025-02-23,143.65,47.03,74.89,0.01,Italy
2025-02-24,143.07,47.2,74.89,0.01,Italy
2025-02-25,144.47,43.7,73.11,0.01,Italy
2025-02-26,140.6,41.3,73.49,0.01,Italy
2025-02-27,134.1,45.3,75.01,0.0,Italy
2025-02-28,132.04,44.55,74.76,0.0,Italy
2025-03-01,131.75,44.8,74.12,0.0,Italy
2025-03-02,131.47,45.05,73.49,0.0,Italy
2025-03-03,131.18,45.3,72.85,0.0,Italy
2025-03-04,135.22,43.05,72.31,0.02,Italy
2025-03-05,129.56,40.95,70.92,0.04,Italy
2025-03-06,124.27,37.8,71.08,0.03,Italy
2025-03-07,124.07,39.3,72.49,0.03,Italy
2025-03-08,124.49,39.98,72.02,0.03,Italy
2025-03-09,124.9,40.67,71.55,0.03,Italy
2025-03-10,125.32,41.35,71.08,0.03,Italy
2025-03-11,124.46,43.38,71.51,0.03,Italy
2025-03-12,127.76,43.38,72.36,0.03,Italy
2025-03-13,127.76,41.05,70.82,0.02,Italy
2025-03-14,121.5,42.15,71.94,0.02,Italy
2025-03-15,121.48,41.77,71.94,0.02,Italy
2025-03-16,121.47,41.38,71.93,0.02,Italy
2025-03-17,121.45,41.0,71.93,0.02,Italy
2025-03-18,116.58,40.3,71.93,0.02,Italy
2025-03-19,124.1,42.67,71.94,0.02,Italy
2025-03-20,124.89,42.25,72.61,0.01,Italy
2025-03-21,130.49,42.17,72.64,0.01,Italy
2025-03-22,130.78,42.01,73.08,0.01,Italy
2025-03-23,131.06,41.84,73.52,0.01,Italy
2025-03-24,131.35,41.68,73.96,0.01,Italy
2025-03-25,126.98,41.68,73.78,0.01,Italy
2025-03-26,125.97,40.68,74.6,0.01,Italy
2025-03-27,123.58,41.0,74.72,0.01,Italy
2025-03-28,114.84,40.03,74.69,0.01,Italy
2025-03-29,116.55,40.28,75.54,0.01,Italy
2025-03-30,118.27,40.53,76.38,0.01,Italy
2025-03-31,119.98,40.78,77.23,0.01,Italy
2025-04-01,117.63,42.67,77.78,0.01,Italy
2025-04-02,121.28,41.0,77.27,0.01,Italy
2025-04-03,119.85,39.6,72.54,0.04,Italy
2025-04-04,115.63,36.72,68.36,0.11,Italy
2025-04-05,111.65,36.75,67.62,0.13,Italy
2025-04-06,107.68,36.77,66.87,0.15,Italy
2025-04-07,103.7,36.8,66.13,0.17,Italy
2025-04-08,108.77,35.58,64.86,0.18,Italy
2025-04-09,115.48,33.71,67.3,0.18,Italy
2025-04-10,105.32,33.5,65.37,0.2,Italy
2025-04-11,101.16,33.5,66.83,0.21,Italy
2025-04-12,105.31,33.77,66.95,0.21,Italy
2025-04-13,109.45,34.03,67.06,0.2,Italy
2025-04-14,113.6,34.3,67.18,0.2,Italy
2025-04-15,109.44,34.25,66.58,0.18,Italy
2025-04-16,112.09,35.63,67.94,0.18,Italy
2025-04-17,108.55,35.25,69.33,0.18,Italy
2025-04-18,97.91,35.25,69.33,0.17,Italy
2025-04-19,97.28,35.25,69.33,0.17,Italy
2025-04-20,96.65,35.25,69.33,0.16,Italy
2025-04-21,96.02,35.25,69.33,0.16,Italy
2025-04-22,108.67,34.28,68.93,0.15,Italy
2025-04-23,109.9,34.22,68.26,0.14,Italy
2025-04-24,99.96,33.85,67.5,0.14,Italy
2025-04-25,75.44,32.85,66.99,0.13,Italy
2025-04-26,81.66,32.55,66.7,0.12,Italy
2025-04-27,87.88,32.25,66.42,0.12,Italy
2025-04-28,94.1,31.95,66.13,0.12,Italy
2025-04-29,81.87,31.48,64.04,0.11,Italy
2025-04-30,87.45,31.9,63.37,0.11,Italy
2025-05-01,62.48,31.98,62.37,0.08,Italy
2025-05-02,79.91,33.45,61.57,0.08,Italy
2025-05-03,87.76,33.27,61.57,0.07,Italy
2025-05-04,95.6,33.08,61.57,0.07,Italy
2025-05-05,103.45,32.9,61.57,0.06,Italy
2025-05-06,99.63,34.83,62.37,0.05,Italy
2025-05-07,108.76,34.28,60.31,0.05,Italy
2025-05-08,100.34,35.4,62.22,0.05,Italy
2025-05-09,104.25,34.58,64.26,0.04,Italy
2025-05-10,103.83,34.84,64.6,0.04,Italy
2025-05-11,103.41,35.09,64.94,0.04,Italy
2025-05-12,102.99,35.35,65.28,0.04,Italy
2025-05-13,113.94,35.4,66.93,0.03,Italy
2025-05-14,102.9,34.7,65.91,0.03,Italy
2025-05-15,100.21,34.95,64.36,0.02,Italy
2025-05-16,91.52,35.1,65.2,0.02,Italy
2025-05-17,94.17,35.08,65.55,0.02,Italy
2025-05-18,96.83,35.05,65.9,0.02,Italy
2025-05-19,99.48,35.03,66.25,0.02,Italy
2025-05-20,119.07,37.08,66.93,0.02,Italy
2025-05-21,105.11,37.05,65.86,0.02,Italy
2025-05-22,105.82,36.17,64.87,0.02,Italy
2025-05-23,114.91,36.3,65.41,0.03,Italy
2025-05-24,111.73,36.3,65.41,0.03,Italy
2025-05-25,108.54,36.3,65.41,0.03,Italy
2025-05-26,105.36,36.3,65.41,0.02,Italy
2025-05-27,115.18,36.72,64.32,0.02,Italy
2025-05-28,110.04,36.85,65.72,0.02,Italy
2025-05-29,92.9,35.25,64.6,0.02,Italy
2025-05-30,86.56,33.5,64.32,0.02,Italy
2025-05-31,88.5,33.87,65.06,0.02,Italy
2025-06-01,90.44,34.23,65.81,0.02,Italy
2025-06-02,92.38,34.6,66.55,0.02,Italy
2025-06-03,107.89,35.58,67.48,0.01,Italy
2025-06-04,116.82,35.45,66.69,0.01,Italy
2025-06-05,112.14,36.25,67.14,0.02,Italy
2025-06-06,114.07,36.0,68.02,0.01,Italy
2025-06-07,109.64,35.78,68.26,0.01,Italy
2025-06-08,105.21,35.55,68.49,0.01,Italy
2025-06-09,100.78,35.33,68.73,0.01,Italy
2025-06-10,110.57,34.6,68.41,0.02,Italy
2025-06-11,116.57,35.67,71.29,0.02,Italy
2025-06-12,116.41,35.9,70.84,0.02,Italy
2025-06-13,117.8,37.25,76.0,0.03,Italy
2025-06-14,120.06,37.45,75.68,0.03,Italy
2025-06-15,122.31,37.65,75.37,0.03,Italy
2025-06-16,124.57,37.85,75.05,0.03,Italy
2025-06-17,117.64,39.45,78.7,0.04,Italy
2025-06-18,122.17,38.45,78.38,0.03,Italy
2025-06-19,124.67,41.5,80.37,0.03,Italy
2025-06-20,119.6,40.45,78.73,0.03,Italy
2025-06-21,125.26,40.69,77.27,0.02,Italy
2025-06-22,130.91,40.93,75.8,0.02,Italy
2025-06-23,136.57,41.17,74.34,0.02,Italy
2025-06-24,132.79,35.35,69.13,0.02,Italy
2025-06-25,129.74,35.38,68.4,0.02,Italy
2025-06-26,129.74,33.65,68.57,0.02,Italy
2025-06-27,129.46,32.6,69.37,0.03,Italy
2025-06-28,127.04,32.44,68.96,0.03,Italy
2025-06-29,124.62,32.29,68.56,0.03,Italy
2025-06-30,122.2,32.13,68.15,0.02,Italy
2025-07-01,133.69,32.9,67.63,0.03,Italy
2025-07-02,125.64,33.0,70.8,0.03,Italy
2025-07-03,121.59,33.4,70.42,0.03,Italy
2025-07-04,126.47,32.5,71.03,0.03,Italy
2025-07-05,123.74,32.71,71.34,0.03,Italy
2025-07-06,121.0,32.92,71.64,0.03,Italy
2025-07-07,118.27,33.13,71.95,0.03,Italy
2025-07-08,109.39,34.13,72.5,0.03,Italy
2025-07-09,100.83,34.2,71.98,0.02,Italy
2025-07-10,106.62,34.8,70.38,0.02,Italy
2025-07-11,116.07,34.74,72.06,0.03,Italy
2025-07-12,117.3,34.98,71.69,0.03,Italy
2025-07-13,118.53,35.21,71.33,0.03,Italy
2025-07-14,119.76,35.45,70.96,0.03,Italy
2025-07-15,122.52,34.0,70.27,0.03,Italy
2025-07-16,117.16,34.03,69.67,0.03,Italy
2025-07-17,115.92,34.53,71.32,0.03,Italy
2025-07-18,119.5,33.83,71.06,0.03,Italy
2025-07-19,119.93,33.63,71.35,0.03,Italy
2025-07-20,120.37,33.42,71.63,0.04,Italy
2025-07-21,120.8,33.22,71.92,0.04,Italy
2025-07-22,113.42,32.6,69.69,0.04,Italy
2025-07-23,118.58,32.5,69.17,0.04,Italy
2025-07-24,116.47,32.5,70.42,0.02,Italy
2025-07-25,118.42,31.83,69.23,0.02,Italy
2025-07-26,112.85,32.0,69.78,0.02,Italy
2025-07-27,107.28,32.18,70.32,0.03,Italy
2025-07-28,101.71,32.35,70.87,0.03,Italy
2025-07-29,99.51,33.72,73.21,0.02,Italy
2025-07-30,110.25,33.92,73.98,0.02,Italy
2025-07-31,105.62,33.97,73.43,0.03,Italy
2025-08-01,113.27,33.5,70.55,0.06,Italy
2025-08-02,112.9,33.34,70.22,0.06,Italy
2025-08-03,112.53,33.19,69.89,0.05,Italy
2025-08-04,112.16,33.03,69.56,0.05,Italy
2025-08-05,105.4,33.35,69.14,0.04,Italy
2025-08-06,109.09,32.65,67.97,0.03,Italy
2025-08-07,113.2,32.25,66.99,0.03,Italy
2025-08-08,108.79,31.3,67.17,0.02,Italy
2025-08-09,111.0,31.6,67.23,0.02,Italy
2025-08-10,113.21,31.9,67.3,0.02,Italy
2025-08-11,115.42,32.2,67.36,0.02,Italy
2025-08-12,113.53,31.65,66.8,0.02,Italy
2025-08-13,118.47,32.35,66.25,0.01,Italy
2025-08-14,115.98,31.65,68.12,0.01,Italy
2025-08-15,110.11,30.6,67.3,0.01,Italy
2025-08-16,110.37,30.62,67.59,0.01,Italy
2025-08-17,110.62,30.65,67.89,0.01,Italy
2025-08-18,110.88,30.67,68.18,0.01,Italy
2025-08-19,105.42,30.9,66.62,0.01,Italy
2025-08-20,111.24,31.52,67.61,0.01,Italy
2025-08-21,108.05,32.72,68.41,0.01,Italy
2025-08-22,104.97,33.1,68.29,0.01,Italy
2025-08-23,109.06,33.07,68.29,0.01,Italy
2025-08-24,113.15,33.03,68.29,0.01,Italy
2025-08-25,117.24,33.0,68.29,0.01,Italy
2025-08-26,116.2,33.2,66.89,0.01,Italy
2025-08-27,117.35,32.85,67.75,0.01,Italy
2025-08-28,122.21,31.7,68.61,0.01,Italy
2025-08-29,115.63,31.05,67.83,0.01,Italy
2025-08-30,114.62,31.3,67.58,0.01,Italy
2025-08-31,113.61,31.55,67.34,0.01,Italy
2025-09-01,112.6,31.8,67.09,0.02,Italy
2025-09-02,110.9,31.42,68.09,0.03,Italy
2025-09-03,106.56,31.23,67.76,0.03,Italy
2025-09-04,113.22,31.48,66.41,0.02,Italy
2025-09-05,111.12,31.6,64.92,0.02,Italy
2025-09-06,114.41,31.98,65.09,0.02,Italy
2025-09-07,117.71,32.37,65.27,0.02,Italy
2025-09-08,121.0,32.75,65.44,0.02,Italy
2025-09-09,117.27,32.9,67.97,0.02,Italy
2025-09-10,120.96,32.72,67.62,0.02,Italy
2025-09-11,115.81,32.0,67.25,0.03,Italy
2025-09-12,114.79,32.0,67.87,0.03,Italy
2025-09-13,114.13,31.93,67.87,0.03,Italy
2025-09-14,113.47,31.87,67.88,0.03,Italy
2025-09-15,112.81,31.8,67.88,0.03,Italy
2025-09-16,110.72,31.75,69.69,0.04,Italy
2025-09-17,109.61,32.15,69.19,0.04,Italy
2025-09-18,111.91,32.46,67.83,0.04,Italy
2025-09-19,116.05,32.0,67.05,0.04,Italy
2025-09-20,116.1,31.98,66.99,0.04,Italy
2025-09-21,116.14,31.97,66.93,0.03,Italy
2025-09-22,116.19,31.95,66.87,0.03,Italy
2025-09-23,116.2,32.47,67.96,0.03,Italy
2025-09-24,114.27,31.85,69.64,0.04,Italy
2025-09-25,106.19,32.3,70.48,0.04,Italy
2025-09-26,109.41,32.15,71.15,0.04,Italy
2025-09-27,110.34,32.18,70.43,0.04,Italy
2025-09-28,111.27,32.22,69.72,0.04,Italy
2025-09-29,112.2,32.25,69.0,0.04,Italy
2025-09-30,104.55,32.0,68.52,0.04,Italy
2025-10-01,112.61,31.55,66.67,0.04,Italy
2025-10-02,91.42,30.8,65.44,0.04,Italy
2025-10-03,90.41,31.0,66.13,0.04,Italy
2025-10-04,89.85,31.95,66.45,0.04,Italy
2025-10-05,89.3,32.9,66.77,0.05,Italy
2025-10-06,88.74,33.85,67.09,0.06,Italy
2025-10-07,104.53,33.63,67.1,0.05,Italy
2025-10-08,106.52,32.53,67.42,0.05,Italy
2025-10-09,125.87,32.8,67.23,0.05,Italy
2025-10-10,115.74,32.63,64.41,0.08,Italy
2025-10-11,116.59,32.3,64.32,0.08,Italy
2025-10-12,117.43,31.98,64.24,0.07,Italy
2025-10-13,118.28,31.65,64.15,0.07,Italy
2025-10-14,122.32,31.65,63.0,0.06,Italy
2025-10-15,129.93,32.4,62.33,0.06,Italy
2025-10-16,116.18,32.53,61.08,0.04,Italy
2025-10-17,113.9,31.75,61.23,0.05,Italy
2025-10-18,115.91,31.66,61.06,0.05,Italy
2025-10-19,117.93,31.57,60.88,0.04,Italy
2025-10-20,119.94,31.48,60.71,0.04,Italy
2025-10-21,121.91,32.38,61.0,0.04,Italy
2025-10-22,128.54,31.75,62.28,0.03,Italy
2025-10-23,113.7,32.3,66.32,0.03,Italy
2025-10-24,97.79,32.09,65.8,0.03,Italy
2025-10-25,96.73,31.71,65.71,0.03,Italy
2025-10-26,95.68,31.33,65.61,0.03,Italy
2025-10-27,94.62,30.95,65.52,0.03,Italy
2025-10-28,107.25,31.71,64.03,0.04,Italy
2025-10-29,108.44,31.58,65.01,0.04,Italy
2025-10-30,114.89,30.58,65.11,0.04,Italy
2025-10-31,122.44,30.29,65.44,0.04,Italy
2025-11-01,116.86,30.47,65.56,0.04,Italy
2025-11-02,111.28,30.65,65.67,0.03,Italy
2025-11-03,105.7,30.83,65.79,0.03,Italy
2025-11-04,103.36,31.93,65.04,0.04,Italy
2025-11-05,110.59,31.54,63.54,0.03,Italy
2025-11-06,112.68,31.77,63.41,0.04,Italy
2025-11-07,114.78,31.05,63.72,0.04,Italy
2025-11-08,112.71,30.85,63.48,0.04,Italy
2025-11-09,110.65,30.64,63.25,0.04,Italy
2025-11-10,108.58,30.44,63.01,0.04,Italy
2025-11-11,112.11,30.2,63.86,0.04,Italy
2025-11-12,113.13,30.3,61.88,0.03,Italy
2025-11-13,118.13,29.89,62.14,0.03,Italy
2025-11-14,116.12,30.8,63.45,0.03,Italy
2025-11-15,113.17,31.02,63.35,0.03,Italy
2025-11-16,110.21,31.23,63.26,0.03,Italy
2025-11-17,107.26,31.45,63.16,0.03,Italy
2025-11-18,115.09,31.7,64.86,0.03,Italy
2025-11-19,124.47,30.98,63.78,0.03,Italy
2025-11-20,127.98,31.25,63.64,0.03,Italy
2025-11-21,132.11,30.48,62.78,0.03,Italy
2025-11-22,129.85,30.32,63.46,0.03,Italy
2025-11-23,127.59,30.16,64.15,0.03,Italy
2025-11-24,125.33,30.0,64.83,0.03,Italy
2025-11-25,121.07,29.77,63.99,0.02,Italy
2025-11-26,138.99,29.17,64.81,0.02,Italy
2025-11-27,115.31,28.95,64.18,0.02,Italy
2025-11-28,120.64,28.75,64.07,0.02,Italy
2025-11-29,123.87,28.68,64.12,0.02,Italy
2025-11-30,127.09,28.62,64.17,0.02,Italy
2025-12-01,130.32,28.55,64.22,0.02,Italy
2025-12-02,135.9,28.1,63.37,0.02,Italy
2025-12-03,148.43,28.34,63.75,0.02,Italy
2025-12-04,125.56,27.3,64.15,0.02,Italy
2025-12-05,130.34,26.8,64.42,0.02,Italy
2025-12-06,120.34,26.8,64.05,0.02,Italy
2025-12-07,110.33,26.8,63.67,0.02,Italy
2025-12-08,100.33,26.8,63.3,0.02,Italy
2025-12-09,110.4,27.35,62.62,0.02,Italy
2025-12-10,112.2,26.73,63.12,0.02,Italy
2025-12-11,117.41,27.0,61.87,0.02,Italy
2025-12-12,112.42,27.55,62.11,0.02,Italy
2025-12-13,112.96,27.42,61.92,0.02,Italy
2025-12-14,113.51,27.28,61.74,0.02,Italy
2025-12-15,114.05,27.15,61.55,0.02,Italy
2025-12-16,124.17,26.8,59.93,0.02,Italy
2025-12-17,120.21,26.95,60.61,0.02,Italy
2025-12-18,120.36,27.52,60.69,0.02,Italy
2025-12-19,120.14,28.1,61.35,0.03,Italy
2025-12-20,117.78,27.95,61.64,0.03,Italy
2025-12-21,115.42,27.8,61.93,0.03,Italy
2025-12-22,113.06,27.65,62.22,0.03,Italy
2025-12-23,113.25,27.7,63.7,0.03,Italy
2025-12-24,103.13,28.3,63.7,0.03,Italy
2025-12-25,104.96,28.3,63.7,0.03,Italy
2025-12-26,103.66,28.3,63.7,0.02,Italy
2025-12-27,104.94,28.45,63.5,0.02,Italy
2025-12-28,106.22,28.6,63.3,0.03,Italy
2025-12-29,107.5,28.75,63.1,0.03,Italy
2025-12-30,107.94,27.92,62.3,0.02,Italy
2025-12-31,105.39,28.19,61.35,0.02,Italy
